# LAS format log file from PETREL
# Project units are specified as depth units
#==================================================================
~Version information
VERS.   2.0:
WRAP.   NO:
#==================================================================
~Well
STRT .m      11.800000000 :
STOP .m      2455.4000000 :
STEP .m     0.20000000 :
NULL .        -999.250000 :
COMP.           : COMPANY
WELL.  WELL-1   : WELL
FLD.            : FIELD
LOC.            : LOCATION
SRVC.           : SERVICE COMPANY
DATE.  2026-04-29 23:51:42   : Log Export Date {yyyy-MM-dd HH:mm:ss}
PROV.           : PROVINCE
UWI.      : UNIQUE WELL ID
API.            : API NUMBER
#==================================================================
~Curve
DEPT .m                   : DEPTH
P-sonic .us/m             : P-sonic
GGKP .g/cm3               : GGKP
~Parameter
#==================================================================
~Ascii
 11.800000000  -999.250000  -999.250000
 12.000000000  -999.250000  -999.250000
 12.200000000  -999.250000  -999.250000
 12.400000000  -999.250000  -999.250000
 12.600000000  -999.250000  -999.250000
 12.800000000  -999.250000  -999.250000
 13.000000000  -999.250000  -999.250000
 13.200000000  -999.250000  -999.250000
 13.400000000  -999.250000  -999.250000
 13.600000000  -999.250000  -999.250000
 13.800000000  -999.250000  -999.250000
 14.000000000  -999.250000  -999.250000
 14.200000000  -999.250000  -999.250000
 14.400000000  -999.250000  -999.250000
 14.600000000  -999.250000  -999.250000
 14.800000000  -999.250000  -999.250000
 15.000000000  -999.250000  -999.250000
 15.200000000  -999.250000  -999.250000
 15.400000000  -999.250000  -999.250000
 15.600000000  -999.250000  -999.250000
 15.800000000  -999.250000  -999.250000
 16.000000000  -999.250000  -999.250000
 16.200000000  -999.250000  -999.250000
 16.400000000  -999.250000  -999.250000
 16.600000000  -999.250000  -999.250000
 16.800000000  -999.250000  -999.250000
 17.000000000  -999.250000  -999.250000
 17.200000000  -999.250000  -999.250000
 17.400000000  -999.250000  -999.250000
 17.600000000  -999.250000  -999.250000
 17.800000000  -999.250000  -999.250000
 18.000000000  -999.250000  -999.250000
 18.200000000  -999.250000  -999.250000
 18.400000000  -999.250000  -999.250000
 18.600000000  -999.250000  -999.250000
 18.800000000  -999.250000  -999.250000
 19.000000000  -999.250000  -999.250000
 19.200000000  -999.250000  -999.250000
 19.400000000  -999.250000  -999.250000
 19.600000000  -999.250000  -999.250000
 19.800000000  -999.250000  -999.250000
 20.000000000  -999.250000  -999.250000
 20.200000000  -999.250000  -999.250000
 20.400000000  -999.250000  -999.250000
 20.600000000  -999.250000  -999.250000
 20.800000000  -999.250000  -999.250000
 21.000000000  -999.250000  -999.250000
 21.200000000  -999.250000  -999.250000
 21.400000000  -999.250000  -999.250000
 21.600000000  -999.250000  -999.250000
 21.800000000  -999.250000  -999.250000
 22.000000000  -999.250000  -999.250000
 22.200000000  -999.250000  -999.250000
 22.400000000  -999.250000  -999.250000
 22.600000000  -999.250000  -999.250000
 22.800000000  -999.250000  -999.250000
 23.000000000  -999.250000  -999.250000
 23.200000000  -999.250000  -999.250000
 23.400000000  -999.250000  -999.250000
 23.600000000  -999.250000  -999.250000
 23.800000000  -999.250000  -999.250000
 24.000000000  -999.250000  -999.250000
 24.200000000  -999.250000  -999.250000
 24.400000000  -999.250000  -999.250000
 24.600000000  -999.250000  -999.250000
 24.800000000  -999.250000  -999.250000
 25.000000000  -999.250000  -999.250000
 25.200000000  -999.250000  -999.250000
 25.400000000  -999.250000  -999.250000
 25.600000000  -999.250000  -999.250000
 25.800000000  -999.250000  -999.250000
 26.000000000  -999.250000  -999.250000
 26.200000000  -999.250000  -999.250000
 26.400000000  -999.250000  -999.250000
 26.600000000  -999.250000  -999.250000
 26.800000000  -999.250000  -999.250000
 27.000000000  -999.250000  -999.250000
 27.200000000  -999.250000  -999.250000
 27.400000000  -999.250000  -999.250000
 27.600000000  -999.250000  -999.250000
 27.800000000  -999.250000  -999.250000
 28.000000000  -999.250000  -999.250000
 28.200000000  -999.250000  -999.250000
 28.400000000  -999.250000  -999.250000
 28.600000000  -999.250000  -999.250000
 28.800000000  -999.250000  -999.250000
 29.000000000  -999.250000  -999.250000
 29.200000000  -999.250000  -999.250000
 29.400000000  -999.250000  -999.250000
 29.600000000  -999.250000  -999.250000
 29.800000000  -999.250000  -999.250000
 30.000000000  -999.250000  -999.250000
 30.200000000  -999.250000  -999.250000
 30.400000000  -999.250000  -999.250000
 30.600000000  -999.250000  -999.250000
 30.800000000  -999.250000  -999.250000
 31.000000000  -999.250000  -999.250000
 31.200000000  -999.250000  -999.250000
 31.400000000  -999.250000  -999.250000
 31.600000000  -999.250000  -999.250000
 31.800000000  -999.250000  -999.250000
 32.000000000  -999.250000  -999.250000
 32.200000000  -999.250000  -999.250000
 32.400000000  -999.250000  -999.250000
 32.600000000  -999.250000  -999.250000
 32.800000000  -999.250000  -999.250000
 33.000000000  -999.250000  -999.250000
 33.200000000  -999.250000  -999.250000
 33.400000000  -999.250000  -999.250000
 33.600000000  -999.250000  -999.250000
 33.800000000  -999.250000  -999.250000
 34.000000000  -999.250000  -999.250000
 34.200000000  -999.250000  -999.250000
 34.400000000  -999.250000  -999.250000
 34.600000000  -999.250000  -999.250000
 34.800000000  -999.250000  -999.250000
 35.000000000  -999.250000  -999.250000
 35.200000000  -999.250000  -999.250000
 35.400000000  -999.250000  -999.250000
 35.600000000  -999.250000  -999.250000
 35.800000000  -999.250000  -999.250000
 36.000000000  -999.250000  -999.250000
 36.200000000  -999.250000  -999.250000
 36.400000000  -999.250000  -999.250000
 36.600000000  -999.250000  -999.250000
 36.800000000  -999.250000  -999.250000
 37.000000000  -999.250000  -999.250000
 37.200000000  -999.250000  -999.250000
 37.400000000  -999.250000  -999.250000
 37.600000000  -999.250000  -999.250000
 37.800000000  -999.250000  -999.250000
 38.000000000  -999.250000  -999.250000
 38.200000000  -999.250000  -999.250000
 38.400000000  -999.250000  -999.250000
 38.600000000  -999.250000  -999.250000
 38.800000000  -999.250000  -999.250000
 39.000000000  -999.250000  -999.250000
 39.200000000  -999.250000  -999.250000
 39.400000000  -999.250000  -999.250000
 39.600000000  -999.250000  -999.250000
 39.800000000  -999.250000  -999.250000
 40.000000000  -999.250000  -999.250000
 40.200000000  -999.250000  -999.250000
 40.400000000  -999.250000  -999.250000
 40.600000000  -999.250000  -999.250000
 40.800000000  -999.250000  -999.250000
 41.000000000  -999.250000  -999.250000
 41.200000000  -999.250000  -999.250000
 41.400000000  -999.250000  -999.250000
 41.600000000  -999.250000  -999.250000
 41.800000000  -999.250000  -999.250000
 42.000000000  -999.250000  -999.250000
 42.200000000  -999.250000  -999.250000
 42.400000000  -999.250000  -999.250000
 42.600000000  -999.250000  -999.250000
 42.800000000  -999.250000  -999.250000
 43.000000000  -999.250000  -999.250000
 43.200000000  -999.250000  -999.250000
 43.400000000  -999.250000  -999.250000
 43.600000000  -999.250000  -999.250000
 43.800000000  -999.250000  -999.250000
 44.000000000  -999.250000  -999.250000
 44.200000000  -999.250000  -999.250000
 44.400000000  -999.250000  -999.250000
 44.600000000  -999.250000  -999.250000
 44.800000000  -999.250000  -999.250000
 45.000000000  -999.250000  -999.250000
 45.200000000  -999.250000  -999.250000
 45.400000000  -999.250000  -999.250000
 45.600000000  -999.250000  -999.250000
 45.800000000  -999.250000  -999.250000
 46.000000000  -999.250000  -999.250000
 46.200000000  -999.250000  -999.250000
 46.400000000  -999.250000  -999.250000
 46.600000000  -999.250000  -999.250000
 46.800000000  -999.250000  -999.250000
 47.000000000  -999.250000  -999.250000
 47.200000000  -999.250000  -999.250000
 47.400000000  -999.250000  -999.250000
 47.600000000  -999.250000  -999.250000
 47.800000000  -999.250000  -999.250000
 48.000000000  -999.250000  -999.250000
 48.200000000  -999.250000  -999.250000
 48.400000000  -999.250000  -999.250000
 48.600000000  -999.250000  -999.250000
 48.800000000  -999.250000  -999.250000
 49.000000000  -999.250000  -999.250000
 49.200000000  -999.250000  -999.250000
 49.400000000  -999.250000  -999.250000
 49.600000000  -999.250000  -999.250000
 49.800000000  -999.250000  -999.250000
 50.000000000  -999.250000  -999.250000
 50.200000000  -999.250000  -999.250000
 50.400000000  -999.250000  -999.250000
 50.600000000  -999.250000  -999.250000
 50.800000000  -999.250000  -999.250000
 51.000000000  -999.250000  -999.250000
 51.200000000  -999.250000  -999.250000
 51.400000000  -999.250000  -999.250000
 51.600000000  -999.250000  -999.250000
 51.800000000  -999.250000  -999.250000
 52.000000000  -999.250000  -999.250000
 52.200000000  -999.250000  -999.250000
 52.400000000  -999.250000  -999.250000
 52.600000000  -999.250000  -999.250000
 52.800000000  -999.250000  -999.250000
 53.000000000  -999.250000  -999.250000
 53.200000000  -999.250000  -999.250000
 53.400000000  -999.250000  -999.250000
 53.600000000  -999.250000  -999.250000
 53.800000000  -999.250000  -999.250000
 54.000000000  -999.250000  -999.250000
 54.200000000  -999.250000  -999.250000
 54.400000000  -999.250000  -999.250000
 54.600000000  -999.250000  -999.250000
 54.800000000  -999.250000  -999.250000
 55.000000000  -999.250000  -999.250000
 55.200000000  -999.250000  -999.250000
 55.400000000  -999.250000  -999.250000
 55.600000000  -999.250000  -999.250000
 55.800000000  -999.250000  -999.250000
 56.000000000  -999.250000  -999.250000
 56.200000000  -999.250000  -999.250000
 56.400000000  -999.250000  -999.250000
 56.600000000  -999.250000  -999.250000
 56.800000000  -999.250000  -999.250000
 57.000000000  -999.250000  -999.250000
 57.200000000  -999.250000  -999.250000
 57.400000000  -999.250000  -999.250000
 57.600000000  -999.250000  -999.250000
 57.800000000  -999.250000  -999.250000
 58.000000000  -999.250000  -999.250000
 58.200000000  -999.250000  -999.250000
 58.400000000  -999.250000  -999.250000
 58.600000000  -999.250000  -999.250000
 58.800000000  -999.250000  -999.250000
 59.000000000  -999.250000  -999.250000
 59.200000000  -999.250000  -999.250000
 59.400000000  -999.250000  -999.250000
 59.600000000  -999.250000  -999.250000
 59.800000000  -999.250000  -999.250000
 60.000000000  -999.250000  -999.250000
 60.200000000  -999.250000  -999.250000
 60.400000000  -999.250000  -999.250000
 60.600000000  -999.250000  -999.250000
 60.800000000  -999.250000  -999.250000
 61.000000000  -999.250000  -999.250000
 61.200000000  -999.250000  -999.250000
 61.400000000  -999.250000  -999.250000
 61.600000000  -999.250000  -999.250000
 61.800000000  -999.250000  -999.250000
 62.000000000  -999.250000  -999.250000
 62.200000000  -999.250000  -999.250000
 62.400000000  -999.250000  -999.250000
 62.600000000  -999.250000  -999.250000
 62.800000000  -999.250000  -999.250000
 63.000000000  -999.250000  -999.250000
 63.200000000  -999.250000  -999.250000
 63.400000000  -999.250000  -999.250000
 63.600000000  -999.250000  -999.250000
 63.800000000  -999.250000  -999.250000
 64.000000000  -999.250000  -999.250000
 64.200000000  -999.250000  -999.250000
 64.400000000  -999.250000  -999.250000
 64.600000000  -999.250000  -999.250000
 64.800000000  -999.250000  -999.250000
 65.000000000  -999.250000  -999.250000
 65.200000000  -999.250000  -999.250000
 65.400000000  -999.250000  -999.250000
 65.600000000  -999.250000  -999.250000
 65.800000000  -999.250000  -999.250000
 66.000000000  -999.250000  -999.250000
 66.200000000  -999.250000  -999.250000
 66.400000000  -999.250000  -999.250000
 66.600000000  -999.250000  -999.250000
 66.800000000  -999.250000  -999.250000
 67.000000000  -999.250000  -999.250000
 67.200000000  -999.250000  -999.250000
 67.400000000  -999.250000  -999.250000
 67.600000000  -999.250000  -999.250000
 67.800000000  -999.250000  -999.250000
 68.000000000  -999.250000  -999.250000
 68.200000000  -999.250000  -999.250000
 68.400000000  -999.250000  -999.250000
 68.600000000  -999.250000  -999.250000
 68.800000000  -999.250000  -999.250000
 69.000000000  -999.250000  -999.250000
 69.200000000  -999.250000  -999.250000
 69.400000000  -999.250000  -999.250000
 69.600000000  -999.250000  -999.250000
 69.800000000  -999.250000  -999.250000
 70.000000000  -999.250000  -999.250000
 70.200000000  -999.250000  -999.250000
 70.400000000  -999.250000  -999.250000
 70.600000000  -999.250000  -999.250000
 70.800000000  -999.250000  -999.250000
 71.000000000  -999.250000  -999.250000
 71.200000000  -999.250000  -999.250000
 71.400000000  -999.250000  -999.250000
 71.600000000  -999.250000  -999.250000
 71.800000000  -999.250000  -999.250000
 72.000000000  -999.250000  -999.250000
 72.200000000  -999.250000  -999.250000
 72.400000000  -999.250000  -999.250000
 72.600000000  -999.250000  -999.250000
 72.800000000  -999.250000  -999.250000
 73.000000000  -999.250000  -999.250000
 73.200000000  -999.250000  -999.250000
 73.400000000  -999.250000  -999.250000
 73.600000000  -999.250000  -999.250000
 73.800000000  -999.250000  -999.250000
 74.000000000  -999.250000  -999.250000
 74.200000000  -999.250000  -999.250000
 74.400000000  -999.250000  -999.250000
 74.600000000  -999.250000  -999.250000
 74.800000000  -999.250000  -999.250000
 75.000000000  -999.250000  -999.250000
 75.200000000  -999.250000  -999.250000
 75.400000000  -999.250000  -999.250000
 75.600000000  -999.250000  -999.250000
 75.800000000  -999.250000  -999.250000
 76.000000000  -999.250000  -999.250000
 76.200000000  -999.250000  -999.250000
 76.400000000  -999.250000  -999.250000
 76.600000000  -999.250000  -999.250000
 76.800000000  -999.250000  -999.250000
 77.000000000  -999.250000  -999.250000
 77.200000000  -999.250000  -999.250000
 77.400000000  -999.250000  -999.250000
 77.600000000  -999.250000  -999.250000
 77.800000000  -999.250000  -999.250000
 78.000000000  -999.250000  -999.250000
 78.200000000  -999.250000  -999.250000
 78.400000000  -999.250000  -999.250000
 78.600000000  -999.250000  -999.250000
 78.800000000  -999.250000  -999.250000
 79.000000000  -999.250000  -999.250000
 79.200000000  -999.250000  -999.250000
 79.400000000  -999.250000  -999.250000
 79.600000000  -999.250000  -999.250000
 79.800000000  -999.250000  -999.250000
 80.000000000  -999.250000  -999.250000
 80.200000000  -999.250000  -999.250000
 80.400000000  -999.250000  -999.250000
 80.600000000  -999.250000  -999.250000
 80.800000000  -999.250000  -999.250000
 81.000000000  -999.250000  -999.250000
 81.200000000  -999.250000  -999.250000
 81.400000000  -999.250000  -999.250000
 81.600000000  -999.250000  -999.250000
 81.800000000  -999.250000  -999.250000
 82.000000000  -999.250000  -999.250000
 82.200000000  -999.250000  -999.250000
 82.400000000  -999.250000  -999.250000
 82.600000000  -999.250000  -999.250000
 82.800000000  -999.250000  -999.250000
 83.000000000  -999.250000  -999.250000
 83.200000000  -999.250000  -999.250000
 83.400000000  -999.250000  -999.250000
 83.600000000  -999.250000  -999.250000
 83.800000000  -999.250000  -999.250000
 84.000000000  -999.250000  -999.250000
 84.200000000  -999.250000  -999.250000
 84.400000000  -999.250000  -999.250000
 84.600000000  -999.250000  -999.250000
 84.800000000  -999.250000  -999.250000
 85.000000000  -999.250000  -999.250000
 85.200000000  -999.250000  -999.250000
 85.400000000  -999.250000  -999.250000
 85.600000000  -999.250000  -999.250000
 85.800000000  -999.250000  -999.250000
 86.000000000  -999.250000  -999.250000
 86.200000000  -999.250000  -999.250000
 86.400000000  -999.250000  -999.250000
 86.600000000  -999.250000  -999.250000
 86.800000000  -999.250000  -999.250000
 87.000000000  -999.250000  -999.250000
 87.200000000  -999.250000  -999.250000
 87.400000000  -999.250000  -999.250000
 87.600000000  -999.250000  -999.250000
 87.800000000  -999.250000  -999.250000
 88.000000000  -999.250000  -999.250000
 88.200000000  -999.250000  -999.250000
 88.400000000  -999.250000  -999.250000
 88.600000000  -999.250000  -999.250000
 88.800000000  -999.250000  -999.250000
 89.000000000  -999.250000  -999.250000
 89.200000000  -999.250000  -999.250000
 89.400000000  -999.250000  -999.250000
 89.600000000  -999.250000  -999.250000
 89.800000000  -999.250000  -999.250000
 90.000000000  -999.250000  -999.250000
 90.200000000  -999.250000  -999.250000
 90.400000000  -999.250000  -999.250000
 90.600000000  -999.250000  -999.250000
 90.800000000  -999.250000  -999.250000
 91.000000000  -999.250000  -999.250000
 91.200000000  -999.250000  -999.250000
 91.400000000  -999.250000  -999.250000
 91.600000000  -999.250000  -999.250000
 91.800000000  -999.250000  -999.250000
 92.000000000  -999.250000  -999.250000
 92.200000000  -999.250000  -999.250000
 92.400000000  -999.250000  -999.250000
 92.600000000  -999.250000  -999.250000
 92.800000000  -999.250000  -999.250000
 93.000000000  -999.250000  -999.250000
 93.200000000  -999.250000  -999.250000
 93.400000000  -999.250000  -999.250000
 93.600000000  -999.250000  -999.250000
 93.800000000  -999.250000  -999.250000
 94.000000000  -999.250000  -999.250000
 94.200000000  -999.250000  -999.250000
 94.400000000  -999.250000  -999.250000
 94.600000000  -999.250000  -999.250000
 94.800000000  -999.250000  -999.250000
 95.000000000  -999.250000  -999.250000
 95.200000000  -999.250000  -999.250000
 95.400000000  -999.250000  -999.250000
 95.600000000  -999.250000  -999.250000
 95.800000000  -999.250000  -999.250000
 96.000000000  -999.250000  -999.250000
 96.200000000  -999.250000  -999.250000
 96.400000000  -999.250000  -999.250000
 96.600000000  -999.250000  -999.250000
 96.800000000  -999.250000  -999.250000
 97.000000000  -999.250000  -999.250000
 97.200000000  -999.250000  -999.250000
 97.400000000  -999.250000  -999.250000
 97.600000000  -999.250000  -999.250000
 97.800000000  -999.250000  -999.250000
 98.000000000  -999.250000  -999.250000
 98.200000000  -999.250000  -999.250000
 98.400000000  -999.250000  -999.250000
 98.600000000  -999.250000  -999.250000
 98.800000000  -999.250000  -999.250000
 99.000000000  -999.250000  -999.250000
 99.200000000  -999.250000  -999.250000
 99.400000000  -999.250000  -999.250000
 99.600000000  -999.250000  -999.250000
 99.800000000  -999.250000  -999.250000
 100.00000000  -999.250000  -999.250000
 100.20000000  -999.250000  -999.250000
 100.40000000  -999.250000  -999.250000
 100.60000000  -999.250000  -999.250000
 100.80000000  -999.250000  -999.250000
 101.00000000  -999.250000  -999.250000
 101.20000000  -999.250000  -999.250000
 101.40000000  -999.250000  -999.250000
 101.60000000  -999.250000  -999.250000
 101.80000000  -999.250000  -999.250000
 102.00000000  -999.250000  -999.250000
 102.20000000  -999.250000  -999.250000
 102.40000000  -999.250000  -999.250000
 102.60000000  -999.250000  -999.250000
 102.80000000  -999.250000  -999.250000
 103.00000000  -999.250000  -999.250000
 103.20000000  -999.250000  -999.250000
 103.40000000  -999.250000  -999.250000
 103.60000000  -999.250000  -999.250000
 103.80000000  -999.250000  -999.250000
 104.00000000  -999.250000  -999.250000
 104.20000000  -999.250000  -999.250000
 104.40000000  -999.250000  -999.250000
 104.60000000  -999.250000  -999.250000
 104.80000000  -999.250000  -999.250000
 105.00000000  -999.250000  -999.250000
 105.20000000  -999.250000  -999.250000
 105.40000000  -999.250000  -999.250000
 105.60000000  -999.250000  -999.250000
 105.80000000  -999.250000  -999.250000
 106.00000000  -999.250000  -999.250000
 106.20000000  -999.250000  -999.250000
 106.40000000  -999.250000  -999.250000
 106.60000000  -999.250000  -999.250000
 106.80000000  -999.250000  -999.250000
 107.00000000  -999.250000  -999.250000
 107.20000000  -999.250000  -999.250000
 107.40000000  -999.250000  -999.250000
 107.60000000  -999.250000  -999.250000
 107.80000000  -999.250000  -999.250000
 108.00000000  -999.250000  -999.250000
 108.20000000  -999.250000  -999.250000
 108.40000000  -999.250000  -999.250000
 108.60000000  -999.250000  -999.250000
 108.80000000  -999.250000  -999.250000
 109.00000000  -999.250000  -999.250000
 109.20000000  -999.250000  -999.250000
 109.40000000  -999.250000  -999.250000
 109.60000000  -999.250000  -999.250000
 109.80000000  -999.250000  -999.250000
 110.00000000  -999.250000  -999.250000
 110.20000000  -999.250000  -999.250000
 110.40000000  -999.250000  -999.250000
 110.60000000  -999.250000  -999.250000
 110.80000000  -999.250000  -999.250000
 111.00000000  -999.250000  -999.250000
 111.20000000  -999.250000  -999.250000
 111.40000000  -999.250000  -999.250000
 111.60000000  -999.250000  -999.250000
 111.80000000  -999.250000  -999.250000
 112.00000000  -999.250000  -999.250000
 112.20000000  -999.250000  -999.250000
 112.40000000  -999.250000  -999.250000
 112.60000000  -999.250000  -999.250000
 112.80000000  -999.250000  -999.250000
 113.00000000  -999.250000  -999.250000
 113.20000000  -999.250000  -999.250000
 113.40000000  -999.250000  -999.250000
 113.60000000  -999.250000  -999.250000
 113.80000000  -999.250000  -999.250000
 114.00000000  -999.250000  -999.250000
 114.20000000  -999.250000  -999.250000
 114.40000000  -999.250000  -999.250000
 114.60000000  -999.250000  -999.250000
 114.80000000  -999.250000  -999.250000
 115.00000000  -999.250000  -999.250000
 115.20000000  -999.250000  -999.250000
 115.40000000  -999.250000  -999.250000
 115.60000000  -999.250000  -999.250000
 115.80000000  -999.250000  -999.250000
 116.00000000  -999.250000  -999.250000
 116.20000000  -999.250000  -999.250000
 116.40000000  -999.250000  -999.250000
 116.60000000  -999.250000  -999.250000
 116.80000000  -999.250000  -999.250000
 117.00000000  -999.250000  -999.250000
 117.20000000  -999.250000  -999.250000
 117.40000000  -999.250000  -999.250000
 117.60000000  -999.250000  -999.250000
 117.80000000  -999.250000  -999.250000
 118.00000000  -999.250000  -999.250000
 118.20000000  -999.250000  -999.250000
 118.40000000  -999.250000  -999.250000
 118.60000000  -999.250000  -999.250000
 118.80000000  -999.250000  -999.250000
 119.00000000  -999.250000  -999.250000
 119.20000000  -999.250000  -999.250000
 119.40000000  -999.250000  -999.250000
 119.60000000  -999.250000  -999.250000
 119.80000000  -999.250000  -999.250000
 120.00000000  -999.250000  -999.250000
 120.20000000  -999.250000  -999.250000
 120.40000000  -999.250000  -999.250000
 120.60000000  -999.250000  -999.250000
 120.80000000  -999.250000  -999.250000
 121.00000000  -999.250000  -999.250000
 121.20000000  -999.250000  -999.250000
 121.40000000  -999.250000  -999.250000
 121.60000000  -999.250000  -999.250000
 121.80000000  -999.250000  -999.250000
 122.00000000  -999.250000  -999.250000
 122.20000000  -999.250000  -999.250000
 122.40000000  -999.250000  -999.250000
 122.60000000  -999.250000  -999.250000
 122.80000000  -999.250000  -999.250000
 123.00000000  -999.250000  -999.250000
 123.20000000  -999.250000  -999.250000
 123.40000000  -999.250000  -999.250000
 123.60000000  -999.250000  -999.250000
 123.80000000  -999.250000  -999.250000
 124.00000000  -999.250000  -999.250000
 124.20000000  -999.250000  -999.250000
 124.40000000  -999.250000  -999.250000
 124.60000000  -999.250000  -999.250000
 124.80000000  -999.250000  -999.250000
 125.00000000  -999.250000  -999.250000
 125.20000000  -999.250000  -999.250000
 125.40000000  -999.250000  -999.250000
 125.60000000  -999.250000  -999.250000
 125.80000000  -999.250000  -999.250000
 126.00000000  -999.250000  -999.250000
 126.20000000  -999.250000  -999.250000
 126.40000000  -999.250000  -999.250000
 126.60000000  -999.250000  -999.250000
 126.80000000  -999.250000  -999.250000
 127.00000000  -999.250000  -999.250000
 127.20000000  -999.250000  -999.250000
 127.40000000  -999.250000  -999.250000
 127.60000000  -999.250000  -999.250000
 127.80000000  -999.250000  -999.250000
 128.00000000  -999.250000  -999.250000
 128.20000000  -999.250000  -999.250000
 128.40000000  -999.250000  -999.250000
 128.60000000  -999.250000  -999.250000
 128.80000000  -999.250000  -999.250000
 129.00000000  -999.250000  -999.250000
 129.20000000  -999.250000  -999.250000
 129.40000000  -999.250000  -999.250000
 129.60000000  -999.250000  -999.250000
 129.80000000  -999.250000  -999.250000
 130.00000000  -999.250000  -999.250000
 130.20000000  -999.250000  -999.250000
 130.40000000  -999.250000  -999.250000
 130.60000000  -999.250000  -999.250000
 130.80000000  -999.250000  -999.250000
 131.00000000  -999.250000  -999.250000
 131.20000000  -999.250000  -999.250000
 131.40000000  -999.250000  -999.250000
 131.60000000  -999.250000  -999.250000
 131.80000000  -999.250000  -999.250000
 132.00000000  -999.250000  -999.250000
 132.20000000  -999.250000  -999.250000
 132.40000000  -999.250000  -999.250000
 132.60000000  -999.250000  -999.250000
 132.80000000  -999.250000  -999.250000
 133.00000000  -999.250000  -999.250000
 133.20000000  -999.250000  -999.250000
 133.40000000  -999.250000  -999.250000
 133.60000000  -999.250000  -999.250000
 133.80000000  -999.250000  -999.250000
 134.00000000  -999.250000  -999.250000
 134.20000000  -999.250000  -999.250000
 134.40000000  -999.250000  -999.250000
 134.60000000  -999.250000  -999.250000
 134.80000000  -999.250000  -999.250000
 135.00000000  -999.250000  -999.250000
 135.20000000  -999.250000  -999.250000
 135.40000000  -999.250000  -999.250000
 135.60000000  -999.250000  -999.250000
 135.80000000  -999.250000  -999.250000
 136.00000000  -999.250000  -999.250000
 136.20000000  -999.250000  -999.250000
 136.40000000  -999.250000  -999.250000
 136.60000000  -999.250000  -999.250000
 136.80000000  -999.250000  -999.250000
 137.00000000  -999.250000  -999.250000
 137.20000000  -999.250000  -999.250000
 137.40000000  -999.250000  -999.250000
 137.60000000  -999.250000  -999.250000
 137.80000000  -999.250000  -999.250000
 138.00000000  -999.250000  -999.250000
 138.20000000  -999.250000  -999.250000
 138.40000000  -999.250000  -999.250000
 138.60000000  -999.250000  -999.250000
 138.80000000  -999.250000  -999.250000
 139.00000000  -999.250000  -999.250000
 139.20000000  -999.250000  -999.250000
 139.40000000  -999.250000  -999.250000
 139.60000000  -999.250000  -999.250000
 139.80000000  -999.250000  -999.250000
 140.00000000  -999.250000  -999.250000
 140.20000000  -999.250000  -999.250000
 140.40000000  -999.250000  -999.250000
 140.60000000  -999.250000  -999.250000
 140.80000000  -999.250000  -999.250000
 141.00000000  -999.250000  -999.250000
 141.20000000  -999.250000  -999.250000
 141.40000000  -999.250000  -999.250000
 141.60000000  -999.250000  -999.250000
 141.80000000  -999.250000  -999.250000
 142.00000000  -999.250000  -999.250000
 142.20000000  -999.250000  -999.250000
 142.40000000  -999.250000  -999.250000
 142.60000000  -999.250000  -999.250000
 142.80000000  -999.250000  -999.250000
 143.00000000  -999.250000  -999.250000
 143.20000000  -999.250000  -999.250000
 143.40000000  -999.250000  -999.250000
 143.60000000  -999.250000  -999.250000
 143.80000000  -999.250000  -999.250000
 144.00000000  -999.250000  -999.250000
 144.20000000  -999.250000  -999.250000
 144.40000000  -999.250000  -999.250000
 144.60000000  -999.250000  -999.250000
 144.80000000  -999.250000  -999.250000
 145.00000000  -999.250000  -999.250000
 145.20000000  -999.250000  -999.250000
 145.40000000  -999.250000  -999.250000
 145.60000000  -999.250000  -999.250000
 145.80000000  -999.250000  -999.250000
 146.00000000  -999.250000  -999.250000
 146.20000000  -999.250000  -999.250000
 146.40000000  -999.250000  -999.250000
 146.60000000  -999.250000  -999.250000
 146.80000000  -999.250000  -999.250000
 147.00000000  -999.250000  -999.250000
 147.20000000  -999.250000  -999.250000
 147.40000000  -999.250000  -999.250000
 147.60000000  -999.250000  -999.250000
 147.80000000  -999.250000  -999.250000
 148.00000000  -999.250000  -999.250000
 148.20000000  -999.250000  -999.250000
 148.40000000  -999.250000  -999.250000
 148.60000000  -999.250000  -999.250000
 148.80000000  -999.250000  -999.250000
 149.00000000  -999.250000  -999.250000
 149.20000000  -999.250000  -999.250000
 149.40000000  -999.250000  -999.250000
 149.60000000  -999.250000  -999.250000
 149.80000000  -999.250000  -999.250000
 150.00000000  -999.250000  -999.250000
 150.20000000  -999.250000  -999.250000
 150.40000000  -999.250000  -999.250000
 150.60000000  -999.250000  -999.250000
 150.80000000  -999.250000  -999.250000
 151.00000000  -999.250000  -999.250000
 151.20000000  -999.250000  -999.250000
 151.40000000  -999.250000  -999.250000
 151.60000000  -999.250000  -999.250000
 151.80000000  -999.250000  -999.250000
 152.00000000  -999.250000  -999.250000
 152.20000000  -999.250000  -999.250000
 152.40000000  -999.250000  -999.250000
 152.60000000  -999.250000  -999.250000
 152.80000000  -999.250000  -999.250000
 153.00000000  -999.250000  -999.250000
 153.20000000  -999.250000  -999.250000
 153.40000000  -999.250000  -999.250000
 153.60000000  -999.250000  -999.250000
 153.80000000  -999.250000  -999.250000
 154.00000000  -999.250000  -999.250000
 154.20000000  -999.250000  -999.250000
 154.40000000  -999.250000  -999.250000
 154.60000000  -999.250000  -999.250000
 154.80000000  -999.250000  -999.250000
 155.00000000  -999.250000  -999.250000
 155.20000000  -999.250000  -999.250000
 155.40000000  -999.250000  -999.250000
 155.60000000  -999.250000  -999.250000
 155.80000000  -999.250000  -999.250000
 156.00000000  -999.250000  -999.250000
 156.20000000  -999.250000  -999.250000
 156.40000000  -999.250000  -999.250000
 156.60000000  -999.250000  -999.250000
 156.80000000  -999.250000  -999.250000
 157.00000000  -999.250000  -999.250000
 157.20000000  -999.250000  -999.250000
 157.40000000  -999.250000  -999.250000
 157.60000000  -999.250000  -999.250000
 157.80000000  -999.250000  -999.250000
 158.00000000  -999.250000  -999.250000
 158.20000000  -999.250000  -999.250000
 158.40000000  -999.250000  -999.250000
 158.60000000  -999.250000  -999.250000
 158.80000000  -999.250000  -999.250000
 159.00000000  -999.250000  -999.250000
 159.20000000  -999.250000  -999.250000
 159.40000000  -999.250000  -999.250000
 159.60000000  -999.250000  -999.250000
 159.80000000  -999.250000  -999.250000
 160.00000000  -999.250000  -999.250000
 160.20000000  -999.250000  -999.250000
 160.40000000  -999.250000  -999.250000
 160.60000000  -999.250000  -999.250000
 160.80000000  -999.250000  -999.250000
 161.00000000  -999.250000  -999.250000
 161.20000000  -999.250000  -999.250000
 161.40000000  -999.250000  -999.250000
 161.60000000  -999.250000  -999.250000
 161.80000000  -999.250000  -999.250000
 162.00000000  -999.250000  -999.250000
 162.20000000  -999.250000  -999.250000
 162.40000000  -999.250000  -999.250000
 162.60000000  -999.250000  -999.250000
 162.80000000  -999.250000  -999.250000
 163.00000000  -999.250000  -999.250000
 163.20000000  -999.250000  -999.250000
 163.40000000  -999.250000  -999.250000
 163.60000000  -999.250000  -999.250000
 163.80000000  -999.250000  -999.250000
 164.00000000  -999.250000  -999.250000
 164.20000000  -999.250000  -999.250000
 164.40000000  -999.250000  -999.250000
 164.60000000  -999.250000  -999.250000
 164.80000000  -999.250000  -999.250000
 165.00000000  -999.250000  -999.250000
 165.20000000  -999.250000  -999.250000
 165.40000000  -999.250000  -999.250000
 165.60000000  -999.250000  -999.250000
 165.80000000  -999.250000  -999.250000
 166.00000000  -999.250000  -999.250000
 166.20000000  -999.250000  -999.250000
 166.40000000  -999.250000  -999.250000
 166.60000000  -999.250000  -999.250000
 166.80000000  -999.250000  -999.250000
 167.00000000  -999.250000  -999.250000
 167.20000000  -999.250000  -999.250000
 167.40000000  -999.250000  -999.250000
 167.60000000  -999.250000  -999.250000
 167.80000000  -999.250000  -999.250000
 168.00000000  -999.250000  -999.250000
 168.20000000  -999.250000  -999.250000
 168.40000000  -999.250000  -999.250000
 168.60000000  -999.250000  -999.250000
 168.80000000  -999.250000  -999.250000
 169.00000000  -999.250000  -999.250000
 169.20000000  -999.250000  -999.250000
 169.40000000  -999.250000  -999.250000
 169.60000000  -999.250000  -999.250000
 169.80000000  -999.250000  -999.250000
 170.00000000  -999.250000  -999.250000
 170.20000000  -999.250000  -999.250000
 170.40000000  -999.250000  -999.250000
 170.60000000  -999.250000  -999.250000
 170.80000000  -999.250000  -999.250000
 171.00000000  -999.250000  -999.250000
 171.20000000  -999.250000  -999.250000
 171.40000000  -999.250000  -999.250000
 171.60000000  -999.250000  -999.250000
 171.80000000  -999.250000  -999.250000
 172.00000000  -999.250000  -999.250000
 172.20000000  -999.250000  -999.250000
 172.40000000  -999.250000  -999.250000
 172.60000000  -999.250000  -999.250000
 172.80000000  -999.250000  -999.250000
 173.00000000  -999.250000  -999.250000
 173.20000000  -999.250000  -999.250000
 173.40000000  -999.250000  -999.250000
 173.60000000  -999.250000  -999.250000
 173.80000000  -999.250000  -999.250000
 174.00000000  -999.250000  -999.250000
 174.20000000  -999.250000  -999.250000
 174.40000000  -999.250000  -999.250000
 174.60000000  -999.250000  -999.250000
 174.80000000  -999.250000  -999.250000
 175.00000000  -999.250000  -999.250000
 175.20000000  -999.250000  -999.250000
 175.40000000  -999.250000  -999.250000
 175.60000000  -999.250000  -999.250000
 175.80000000  -999.250000  -999.250000
 176.00000000  -999.250000  -999.250000
 176.20000000  -999.250000  -999.250000
 176.40000000  -999.250000  -999.250000
 176.60000000  -999.250000  -999.250000
 176.80000000  -999.250000  -999.250000
 177.00000000  -999.250000  -999.250000
 177.20000000  -999.250000  -999.250000
 177.40000000  -999.250000  -999.250000
 177.60000000  -999.250000  -999.250000
 177.80000000  -999.250000  -999.250000
 178.00000000  -999.250000  -999.250000
 178.20000000  -999.250000  -999.250000
 178.40000000  -999.250000  -999.250000
 178.60000000  -999.250000  -999.250000
 178.80000000  -999.250000  -999.250000
 179.00000000  -999.250000  -999.250000
 179.20000000  -999.250000  -999.250000
 179.40000000  -999.250000  -999.250000
 179.60000000  -999.250000  -999.250000
 179.80000000  -999.250000  -999.250000
 180.00000000  -999.250000  -999.250000
 180.20000000  -999.250000  -999.250000
 180.40000000  -999.250000  -999.250000
 180.60000000  -999.250000  -999.250000
 180.80000000  -999.250000  -999.250000
 181.00000000  -999.250000  -999.250000
 181.20000000  -999.250000  -999.250000
 181.40000000  -999.250000  -999.250000
 181.60000000  -999.250000  -999.250000
 181.80000000  -999.250000  -999.250000
 182.00000000  -999.250000  -999.250000
 182.20000000  -999.250000  -999.250000
 182.40000000  -999.250000  -999.250000
 182.60000000  -999.250000  -999.250000
 182.80000000  -999.250000  -999.250000
 183.00000000  -999.250000  -999.250000
 183.20000000  -999.250000  -999.250000
 183.40000000  -999.250000  -999.250000
 183.60000000  -999.250000  -999.250000
 183.80000000  -999.250000  -999.250000
 184.00000000  -999.250000  -999.250000
 184.20000000  -999.250000  -999.250000
 184.40000000  -999.250000  -999.250000
 184.60000000  -999.250000  -999.250000
 184.80000000  -999.250000  -999.250000
 185.00000000  -999.250000  -999.250000
 185.20000000  -999.250000  -999.250000
 185.40000000  -999.250000  -999.250000
 185.60000000  -999.250000  -999.250000
 185.80000000  -999.250000  -999.250000
 186.00000000  -999.250000  -999.250000
 186.20000000  -999.250000  -999.250000
 186.40000000  -999.250000  -999.250000
 186.60000000  -999.250000  -999.250000
 186.80000000  -999.250000  -999.250000
 187.00000000  -999.250000  -999.250000
 187.20000000  -999.250000  -999.250000
 187.40000000  -999.250000  -999.250000
 187.60000000  -999.250000  -999.250000
 187.80000000  -999.250000  -999.250000
 188.00000000  -999.250000  -999.250000
 188.20000000  -999.250000  -999.250000
 188.40000000  -999.250000  -999.250000
 188.60000000  -999.250000  -999.250000
 188.80000000  -999.250000  -999.250000
 189.00000000  -999.250000  -999.250000
 189.20000000  -999.250000  -999.250000
 189.40000000  -999.250000  -999.250000
 189.60000000  -999.250000  -999.250000
 189.80000000  -999.250000  -999.250000
 190.00000000  -999.250000  -999.250000
 190.20000000  -999.250000  -999.250000
 190.40000000  -999.250000  -999.250000
 190.60000000  -999.250000  -999.250000
 190.80000000  -999.250000  -999.250000
 191.00000000  -999.250000  -999.250000
 191.20000000  -999.250000  -999.250000
 191.40000000  -999.250000  -999.250000
 191.60000000  -999.250000  -999.250000
 191.80000000  -999.250000  -999.250000
 192.00000000  -999.250000  -999.250000
 192.20000000  -999.250000  -999.250000
 192.40000000  -999.250000  -999.250000
 192.60000000  -999.250000  -999.250000
 192.80000000  -999.250000  -999.250000
 193.00000000  -999.250000  -999.250000
 193.20000000  -999.250000  -999.250000
 193.40000000  -999.250000  -999.250000
 193.60000000  -999.250000  -999.250000
 193.80000000  -999.250000  -999.250000
 194.00000000  -999.250000  -999.250000
 194.20000000  -999.250000  -999.250000
 194.40000000  -999.250000  -999.250000
 194.60000000  -999.250000  -999.250000
 194.80000000  -999.250000  -999.250000
 195.00000000  -999.250000  -999.250000
 195.20000000  -999.250000  -999.250000
 195.40000000  -999.250000  -999.250000
 195.60000000  -999.250000  -999.250000
 195.80000000  -999.250000  -999.250000
 196.00000000  -999.250000  -999.250000
 196.20000000  -999.250000  -999.250000
 196.40000000  -999.250000  -999.250000
 196.60000000  -999.250000  -999.250000
 196.80000000  -999.250000  -999.250000
 197.00000000  -999.250000  -999.250000
 197.20000000  -999.250000  -999.250000
 197.40000000  -999.250000  -999.250000
 197.60000000  -999.250000  -999.250000
 197.80000000  -999.250000  -999.250000
 198.00000000  -999.250000  -999.250000
 198.20000000  -999.250000  -999.250000
 198.40000000  -999.250000  -999.250000
 198.60000000  -999.250000  -999.250000
 198.80000000  -999.250000  -999.250000
 199.00000000  -999.250000  -999.250000
 199.20000000  -999.250000  -999.250000
 199.40000000  -999.250000  -999.250000
 199.60000000  -999.250000  -999.250000
 199.80000000  -999.250000  -999.250000
 200.00000000  -999.250000  -999.250000
 200.20000000  -999.250000  -999.250000
 200.40000000  -999.250000  -999.250000
 200.60000000  -999.250000  -999.250000
 200.80000000  -999.250000  -999.250000
 201.00000000  -999.250000  -999.250000
 201.20000000  -999.250000  -999.250000
 201.40000000  -999.250000  -999.250000
 201.60000000  -999.250000  -999.250000
 201.80000000  -999.250000  -999.250000
 202.00000000  -999.250000  -999.250000
 202.20000000  -999.250000  -999.250000
 202.40000000  -999.250000  -999.250000
 202.60000000  -999.250000  -999.250000
 202.80000000  -999.250000  -999.250000
 203.00000000  -999.250000  -999.250000
 203.20000000  -999.250000  -999.250000
 203.40000000  -999.250000  -999.250000
 203.60000000  -999.250000  -999.250000
 203.80000000  -999.250000  -999.250000
 204.00000000  -999.250000  -999.250000
 204.20000000  -999.250000  -999.250000
 204.40000000  -999.250000  -999.250000
 204.60000000  -999.250000  -999.250000
 204.80000000  -999.250000  -999.250000
 205.00000000  -999.250000  -999.250000
 205.20000000  -999.250000  -999.250000
 205.40000000  -999.250000  -999.250000
 205.60000000  -999.250000  -999.250000
 205.80000000  -999.250000  -999.250000
 206.00000000  -999.250000  -999.250000
 206.20000000  -999.250000  -999.250000
 206.40000000  -999.250000  -999.250000
 206.60000000  -999.250000  -999.250000
 206.80000000  -999.250000  -999.250000
 207.00000000  -999.250000  -999.250000
 207.20000000  -999.250000  -999.250000
 207.40000000  -999.250000  -999.250000
 207.60000000  -999.250000  -999.250000
 207.80000000  -999.250000  -999.250000
 208.00000000  -999.250000  -999.250000
 208.20000000  -999.250000  -999.250000
 208.40000000  -999.250000  -999.250000
 208.60000000  -999.250000  -999.250000
 208.80000000  -999.250000  -999.250000
 209.00000000  -999.250000  -999.250000
 209.20000000  -999.250000  -999.250000
 209.40000000  -999.250000  -999.250000
 209.60000000  -999.250000  -999.250000
 209.80000000  -999.250000  -999.250000
 210.00000000  -999.250000  -999.250000
 210.20000000  -999.250000  -999.250000
 210.40000000  -999.250000  -999.250000
 210.60000000  -999.250000  -999.250000
 210.80000000  -999.250000  -999.250000
 211.00000000  -999.250000  -999.250000
 211.20000000  -999.250000  -999.250000
 211.40000000  -999.250000  -999.250000
 211.60000000  -999.250000  -999.250000
 211.80000000  -999.250000  -999.250000
 212.00000000  -999.250000  -999.250000
 212.20000000  -999.250000  -999.250000
 212.40000000  -999.250000  -999.250000
 212.60000000  -999.250000  -999.250000
 212.80000000  -999.250000  -999.250000
 213.00000000  -999.250000  -999.250000
 213.20000000  -999.250000  -999.250000
 213.40000000  -999.250000  -999.250000
 213.60000000  -999.250000  -999.250000
 213.80000000  -999.250000  -999.250000
 214.00000000  -999.250000  -999.250000
 214.20000000  -999.250000  -999.250000
 214.40000000  -999.250000  -999.250000
 214.60000000  -999.250000  -999.250000
 214.80000000  -999.250000  -999.250000
 215.00000000  -999.250000  -999.250000
 215.20000000  -999.250000  -999.250000
 215.40000000  -999.250000  -999.250000
 215.60000000  -999.250000  -999.250000
 215.80000000  -999.250000  -999.250000
 216.00000000  -999.250000  -999.250000
 216.20000000  -999.250000  -999.250000
 216.40000000  -999.250000  -999.250000
 216.60000000  -999.250000  -999.250000
 216.80000000  -999.250000  -999.250000
 217.00000000  -999.250000  -999.250000
 217.20000000  -999.250000  -999.250000
 217.40000000  -999.250000  -999.250000
 217.60000000  -999.250000  -999.250000
 217.80000000  -999.250000  -999.250000
 218.00000000  -999.250000  -999.250000
 218.20000000  -999.250000  -999.250000
 218.40000000  -999.250000  -999.250000
 218.60000000  -999.250000  -999.250000
 218.80000000  -999.250000  -999.250000
 219.00000000  -999.250000  -999.250000
 219.20000000  -999.250000  -999.250000
 219.40000000  -999.250000  -999.250000
 219.60000000  -999.250000  -999.250000
 219.80000000  -999.250000  -999.250000
 220.00000000  -999.250000  -999.250000
 220.20000000  -999.250000  -999.250000
 220.40000000  -999.250000  -999.250000
 220.60000000  -999.250000  -999.250000
 220.80000000  -999.250000  -999.250000
 221.00000000  -999.250000  -999.250000
 221.20000000  -999.250000  -999.250000
 221.40000000  -999.250000  -999.250000
 221.60000000  -999.250000  -999.250000
 221.80000000  -999.250000  -999.250000
 222.00000000  -999.250000  -999.250000
 222.20000000  -999.250000  -999.250000
 222.40000000  -999.250000  -999.250000
 222.60000000  -999.250000  -999.250000
 222.80000000  -999.250000  -999.250000
 223.00000000  -999.250000  -999.250000
 223.20000000  -999.250000  -999.250000
 223.40000000  -999.250000  -999.250000
 223.60000000  -999.250000  -999.250000
 223.80000000  -999.250000  -999.250000
 224.00000000  -999.250000  -999.250000
 224.20000000  -999.250000  -999.250000
 224.40000000  -999.250000  -999.250000
 224.60000000  -999.250000  -999.250000
 224.80000000  -999.250000  -999.250000
 225.00000000  -999.250000  -999.250000
 225.20000000  -999.250000  -999.250000
 225.40000000  -999.250000  -999.250000
 225.60000000  -999.250000  -999.250000
 225.80000000  -999.250000  -999.250000
 226.00000000  -999.250000  -999.250000
 226.20000000  -999.250000  -999.250000
 226.40000000  -999.250000  -999.250000
 226.60000000  -999.250000  -999.250000
 226.80000000  -999.250000  -999.250000
 227.00000000  -999.250000  -999.250000
 227.20000000  -999.250000  -999.250000
 227.40000000  -999.250000  -999.250000
 227.60000000  -999.250000  -999.250000
 227.80000000  -999.250000  -999.250000
 228.00000000  -999.250000  -999.250000
 228.20000000  -999.250000  -999.250000
 228.40000000  -999.250000  -999.250000
 228.60000000  -999.250000  -999.250000
 228.80000000  -999.250000  -999.250000
 229.00000000  -999.250000  -999.250000
 229.20000000  -999.250000  -999.250000
 229.40000000  -999.250000  -999.250000
 229.60000000  -999.250000  -999.250000
 229.80000000  -999.250000  -999.250000
 230.00000000  -999.250000  -999.250000
 230.20000000  -999.250000  -999.250000
 230.40000000  -999.250000  -999.250000
 230.60000000  -999.250000  -999.250000
 230.80000000  -999.250000  -999.250000
 231.00000000  -999.250000  -999.250000
 231.20000000  -999.250000  -999.250000
 231.40000000  -999.250000  -999.250000
 231.60000000  -999.250000  -999.250000
 231.80000000  -999.250000  -999.250000
 232.00000000  -999.250000  -999.250000
 232.20000000  -999.250000  -999.250000
 232.40000000  -999.250000  -999.250000
 232.60000000  -999.250000  -999.250000
 232.80000000  -999.250000  -999.250000
 233.00000000  -999.250000  -999.250000
 233.20000000  -999.250000  -999.250000
 233.40000000  -999.250000  -999.250000
 233.60000000  -999.250000  -999.250000
 233.80000000  -999.250000  -999.250000
 234.00000000  -999.250000  -999.250000
 234.20000000  -999.250000  -999.250000
 234.40000000  -999.250000  -999.250000
 234.60000000  -999.250000  -999.250000
 234.80000000  -999.250000  -999.250000
 235.00000000  -999.250000  -999.250000
 235.20000000  -999.250000  -999.250000
 235.40000000  -999.250000  -999.250000
 235.60000000  -999.250000  -999.250000
 235.80000000  -999.250000  -999.250000
 236.00000000  -999.250000  -999.250000
 236.20000000  -999.250000  -999.250000
 236.40000000  -999.250000  -999.250000
 236.60000000  -999.250000  -999.250000
 236.80000000  -999.250000  -999.250000
 237.00000000  -999.250000  -999.250000
 237.20000000  -999.250000  -999.250000
 237.40000000  -999.250000  -999.250000
 237.60000000  -999.250000  -999.250000
 237.80000000  -999.250000  -999.250000
 238.00000000  -999.250000  -999.250000
 238.20000000  -999.250000  -999.250000
 238.40000000  -999.250000  -999.250000
 238.60000000  -999.250000  -999.250000
 238.80000000  -999.250000  -999.250000
 239.00000000  -999.250000  -999.250000
 239.20000000  -999.250000  -999.250000
 239.40000000  -999.250000  -999.250000
 239.60000000  -999.250000  -999.250000
 239.80000000  -999.250000  -999.250000
 240.00000000  -999.250000  -999.250000
 240.20000000  -999.250000  -999.250000
 240.40000000  -999.250000  -999.250000
 240.60000000  -999.250000  -999.250000
 240.80000000  -999.250000  -999.250000
 241.00000000  -999.250000  -999.250000
 241.20000000  -999.250000  -999.250000
 241.40000000  -999.250000  -999.250000
 241.60000000  -999.250000  -999.250000
 241.80000000  -999.250000  -999.250000
 242.00000000  -999.250000  -999.250000
 242.20000000  -999.250000  -999.250000
 242.40000000  -999.250000  -999.250000
 242.60000000  -999.250000  -999.250000
 242.80000000  -999.250000  -999.250000
 243.00000000  -999.250000  -999.250000
 243.20000000  -999.250000  -999.250000
 243.40000000  -999.250000  -999.250000
 243.60000000  -999.250000  -999.250000
 243.80000000  -999.250000  -999.250000
 244.00000000  -999.250000  -999.250000
 244.20000000  -999.250000  -999.250000
 244.40000000  -999.250000  -999.250000
 244.60000000  -999.250000  -999.250000
 244.80000000  -999.250000  -999.250000
 245.00000000  -999.250000  -999.250000
 245.20000000  -999.250000  -999.250000
 245.40000000  -999.250000  -999.250000
 245.60000000  -999.250000  -999.250000
 245.80000000  -999.250000  -999.250000
 246.00000000  -999.250000  -999.250000
 246.20000000  -999.250000  -999.250000
 246.40000000  -999.250000  -999.250000
 246.60000000  -999.250000  -999.250000
 246.80000000  -999.250000  -999.250000
 247.00000000  -999.250000  -999.250000
 247.20000000  -999.250000  -999.250000
 247.40000000  -999.250000  -999.250000
 247.60000000  -999.250000  -999.250000
 247.80000000  -999.250000  -999.250000
 248.00000000  -999.250000  -999.250000
 248.20000000  -999.250000  -999.250000
 248.40000000  -999.250000  -999.250000
 248.60000000  -999.250000  -999.250000
 248.80000000  -999.250000  -999.250000
 249.00000000  -999.250000  -999.250000
 249.20000000  -999.250000  -999.250000
 249.40000000  -999.250000  -999.250000
 249.60000000  -999.250000  -999.250000
 249.80000000  -999.250000  -999.250000
 250.00000000  -999.250000  -999.250000
 250.20000000  -999.250000  -999.250000
 250.40000000  -999.250000  -999.250000
 250.60000000  -999.250000  -999.250000
 250.80000000  -999.250000  -999.250000
 251.00000000  -999.250000  -999.250000
 251.20000000  -999.250000  -999.250000
 251.40000000  -999.250000  -999.250000
 251.60000000  -999.250000  -999.250000
 251.80000000  -999.250000  -999.250000
 252.00000000  -999.250000  -999.250000
 252.20000000  -999.250000  -999.250000
 252.40000000  -999.250000  -999.250000
 252.60000000  -999.250000  -999.250000
 252.80000000  -999.250000  -999.250000
 253.00000000  -999.250000  -999.250000
 253.20000000  -999.250000  -999.250000
 253.40000000  -999.250000  -999.250000
 253.60000000  -999.250000  -999.250000
 253.80000000  -999.250000  -999.250000
 254.00000000  -999.250000  -999.250000
 254.20000000  -999.250000  -999.250000
 254.40000000  -999.250000  -999.250000
 254.60000000  -999.250000  -999.250000
 254.80000000  -999.250000  -999.250000
 255.00000000  -999.250000  -999.250000
 255.20000000  -999.250000  -999.250000
 255.40000000  -999.250000  -999.250000
 255.60000000  -999.250000  -999.250000
 255.80000000  -999.250000  -999.250000
 256.00000000  -999.250000  -999.250000
 256.20000000  -999.250000  -999.250000
 256.40000000  -999.250000  -999.250000
 256.60000000  -999.250000  -999.250000
 256.80000000  -999.250000  -999.250000
 257.00000000  -999.250000  -999.250000
 257.20000000  -999.250000  -999.250000
 257.40000000  -999.250000  -999.250000
 257.60000000  -999.250000  -999.250000
 257.80000000  -999.250000  -999.250000
 258.00000000  -999.250000  -999.250000
 258.20000000  -999.250000  -999.250000
 258.40000000  -999.250000  -999.250000
 258.60000000  -999.250000  -999.250000
 258.80000000  -999.250000  -999.250000
 259.00000000  -999.250000  -999.250000
 259.20000000  -999.250000  -999.250000
 259.40000000  -999.250000  -999.250000
 259.60000000  -999.250000  -999.250000
 259.80000000  -999.250000  -999.250000
 260.00000000  -999.250000  -999.250000
 260.20000000  -999.250000  -999.250000
 260.40000000  -999.250000  -999.250000
 260.60000000  -999.250000  -999.250000
 260.80000000  -999.250000  -999.250000
 261.00000000  -999.250000  -999.250000
 261.20000000  -999.250000  -999.250000
 261.40000000  -999.250000  -999.250000
 261.60000000  -999.250000  -999.250000
 261.80000000  -999.250000  -999.250000
 262.00000000  -999.250000  -999.250000
 262.20000000  -999.250000  -999.250000
 262.40000000  -999.250000  -999.250000
 262.60000000  -999.250000  -999.250000
 262.80000000  -999.250000  -999.250000
 263.00000000  -999.250000  -999.250000
 263.20000000  -999.250000  -999.250000
 263.40000000  -999.250000  -999.250000
 263.60000000  -999.250000  -999.250000
 263.80000000  -999.250000  -999.250000
 264.00000000  -999.250000  -999.250000
 264.20000000  -999.250000  -999.250000
 264.40000000  -999.250000  -999.250000
 264.60000000  -999.250000  -999.250000
 264.80000000  -999.250000  -999.250000
 265.00000000  -999.250000  -999.250000
 265.20000000  -999.250000  -999.250000
 265.40000000  -999.250000  -999.250000
 265.60000000  -999.250000  -999.250000
 265.80000000  -999.250000  -999.250000
 266.00000000  -999.250000  -999.250000
 266.20000000  -999.250000  -999.250000
 266.40000000  -999.250000  -999.250000
 266.60000000  -999.250000  -999.250000
 266.80000000  -999.250000  -999.250000
 267.00000000  -999.250000  -999.250000
 267.20000000  -999.250000  -999.250000
 267.40000000  -999.250000  -999.250000
 267.60000000  -999.250000  -999.250000
 267.80000000  -999.250000  -999.250000
 268.00000000  -999.250000  -999.250000
 268.20000000  -999.250000  -999.250000
 268.40000000  -999.250000  -999.250000
 268.60000000  -999.250000  -999.250000
 268.80000000  -999.250000  -999.250000
 269.00000000  -999.250000  -999.250000
 269.20000000  -999.250000  -999.250000
 269.40000000  -999.250000  -999.250000
 269.60000000  -999.250000  -999.250000
 269.80000000  -999.250000  -999.250000
 270.00000000  -999.250000  -999.250000
 270.20000000  -999.250000  -999.250000
 270.40000000  -999.250000  -999.250000
 270.60000000  -999.250000  -999.250000
 270.80000000  -999.250000  -999.250000
 271.00000000  -999.250000  -999.250000
 271.20000000  -999.250000  -999.250000
 271.40000000  -999.250000  -999.250000
 271.60000000  -999.250000  -999.250000
 271.80000000  -999.250000  -999.250000
 272.00000000  -999.250000  -999.250000
 272.20000000  -999.250000  -999.250000
 272.40000000  -999.250000  -999.250000
 272.60000000  -999.250000  -999.250000
 272.80000000  -999.250000  -999.250000
 273.00000000  -999.250000  -999.250000
 273.20000000  -999.250000  -999.250000
 273.40000000  -999.250000  -999.250000
 273.60000000  -999.250000  -999.250000
 273.80000000  -999.250000  -999.250000
 274.00000000  -999.250000  -999.250000
 274.20000000  -999.250000  -999.250000
 274.40000000  -999.250000  -999.250000
 274.60000000  -999.250000  -999.250000
 274.80000000  -999.250000  -999.250000
 275.00000000  -999.250000  -999.250000
 275.20000000  -999.250000  -999.250000
 275.40000000  -999.250000  -999.250000
 275.60000000  -999.250000  -999.250000
 275.80000000  -999.250000  -999.250000
 276.00000000  -999.250000  -999.250000
 276.20000000  -999.250000  -999.250000
 276.40000000  -999.250000  -999.250000
 276.60000000  -999.250000  -999.250000
 276.80000000  -999.250000  -999.250000
 277.00000000  -999.250000  -999.250000
 277.20000000  -999.250000  -999.250000
 277.40000000  -999.250000  -999.250000
 277.60000000  -999.250000  -999.250000
 277.80000000  -999.250000  -999.250000
 278.00000000  -999.250000  -999.250000
 278.20000000  -999.250000  -999.250000
 278.40000000  -999.250000  -999.250000
 278.60000000  -999.250000  -999.250000
 278.80000000  -999.250000  -999.250000
 279.00000000  -999.250000  -999.250000
 279.20000000  -999.250000  -999.250000
 279.40000000  -999.250000  -999.250000
 279.60000000  -999.250000  -999.250000
 279.80000000  -999.250000  -999.250000
 280.00000000  -999.250000  -999.250000
 280.20000000  -999.250000  -999.250000
 280.40000000  -999.250000  -999.250000
 280.60000000  -999.250000  -999.250000
 280.80000000  -999.250000  -999.250000
 281.00000000  -999.250000  -999.250000
 281.20000000  -999.250000  -999.250000
 281.40000000  -999.250000  -999.250000
 281.60000000  -999.250000  -999.250000
 281.80000000  -999.250000  -999.250000
 282.00000000  -999.250000  -999.250000
 282.20000000  -999.250000  -999.250000
 282.40000000  -999.250000  -999.250000
 282.60000000  -999.250000  -999.250000
 282.80000000  -999.250000  -999.250000
 283.00000000  -999.250000  -999.250000
 283.20000000  -999.250000  -999.250000
 283.40000000  -999.250000  -999.250000
 283.60000000  -999.250000  -999.250000
 283.80000000  -999.250000  -999.250000
 284.00000000  -999.250000  -999.250000
 284.20000000  -999.250000  -999.250000
 284.40000000  -999.250000  -999.250000
 284.60000000  -999.250000  -999.250000
 284.80000000  -999.250000  -999.250000
 285.00000000  -999.250000  -999.250000
 285.20000000  -999.250000  -999.250000
 285.40000000  -999.250000  -999.250000
 285.60000000  -999.250000  -999.250000
 285.80000000  -999.250000  -999.250000
 286.00000000  -999.250000  -999.250000
 286.20000000  -999.250000  -999.250000
 286.40000000  -999.250000  -999.250000
 286.60000000  -999.250000  -999.250000
 286.80000000  -999.250000  -999.250000
 287.00000000  -999.250000  -999.250000
 287.20000000  -999.250000  -999.250000
 287.40000000  -999.250000  -999.250000
 287.60000000  -999.250000  -999.250000
 287.80000000  -999.250000  -999.250000
 288.00000000  -999.250000  -999.250000
 288.20000000  -999.250000  -999.250000
 288.40000000  -999.250000  -999.250000
 288.60000000  -999.250000  -999.250000
 288.80000000  -999.250000  -999.250000
 289.00000000  -999.250000  -999.250000
 289.20000000  -999.250000  -999.250000
 289.40000000  -999.250000  -999.250000
 289.60000000  -999.250000  -999.250000
 289.80000000  -999.250000  -999.250000
 290.00000000  -999.250000  -999.250000
 290.20000000  -999.250000  -999.250000
 290.40000000  -999.250000  -999.250000
 290.60000000  -999.250000  -999.250000
 290.80000000  -999.250000  -999.250000
 291.00000000  -999.250000  -999.250000
 291.20000000  -999.250000  -999.250000
 291.40000000  -999.250000  -999.250000
 291.60000000  -999.250000  -999.250000
 291.80000000  -999.250000  -999.250000
 292.00000000  -999.250000  -999.250000
 292.20000000  -999.250000  -999.250000
 292.40000000  -999.250000  -999.250000
 292.60000000  -999.250000  -999.250000
 292.80000000  -999.250000  -999.250000
 293.00000000  -999.250000  -999.250000
 293.20000000  -999.250000  -999.250000
 293.40000000  -999.250000  -999.250000
 293.60000000  -999.250000  -999.250000
 293.80000000  -999.250000  -999.250000
 294.00000000  -999.250000  -999.250000
 294.20000000  -999.250000  -999.250000
 294.40000000  -999.250000  -999.250000
 294.60000000  -999.250000  -999.250000
 294.80000000  -999.250000  -999.250000
 295.00000000  -999.250000  -999.250000
 295.20000000  -999.250000  -999.250000
 295.40000000  -999.250000  -999.250000
 295.60000000  -999.250000  -999.250000
 295.80000000  -999.250000  -999.250000
 296.00000000  -999.250000  -999.250000
 296.20000000  -999.250000  -999.250000
 296.40000000  -999.250000  -999.250000
 296.60000000  -999.250000  -999.250000
 296.80000000  -999.250000  -999.250000
 297.00000000  -999.250000  -999.250000
 297.20000000  -999.250000  -999.250000
 297.40000000  -999.250000  -999.250000
 297.60000000  -999.250000  -999.250000
 297.80000000  -999.250000  -999.250000
 298.00000000  -999.250000  -999.250000
 298.20000000  -999.250000  -999.250000
 298.40000000  -999.250000  -999.250000
 298.60000000  -999.250000  -999.250000
 298.80000000  -999.250000  -999.250000
 299.00000000  -999.250000  -999.250000
 299.20000000  -999.250000  -999.250000
 299.40000000  -999.250000  -999.250000
 299.60000000  -999.250000  -999.250000
 299.80000000  -999.250000  -999.250000
 300.00000000  -999.250000  -999.250000
 300.20000000  -999.250000  -999.250000
 300.40000000  -999.250000  -999.250000
 300.60000000  -999.250000  -999.250000
 300.80000000  -999.250000  -999.250000
 301.00000000  -999.250000  -999.250000
 301.20000000  -999.250000  -999.250000
 301.40000000  -999.250000  -999.250000
 301.60000000  -999.250000  -999.250000
 301.80000000  -999.250000  -999.250000
 302.00000000  -999.250000  -999.250000
 302.20000000  -999.250000  -999.250000
 302.40000000  -999.250000  -999.250000
 302.60000000  -999.250000  -999.250000
 302.80000000  -999.250000  -999.250000
 303.00000000  -999.250000  -999.250000
 303.20000000  -999.250000  -999.250000
 303.40000000  -999.250000  -999.250000
 303.60000000  -999.250000  -999.250000
 303.80000000  -999.250000  -999.250000
 304.00000000  -999.250000  -999.250000
 304.20000000  -999.250000  -999.250000
 304.40000000  -999.250000  -999.250000
 304.60000000  -999.250000  -999.250000
 304.80000000  -999.250000  -999.250000
 305.00000000  -999.250000  -999.250000
 305.20000000  -999.250000  -999.250000
 305.40000000  -999.250000  -999.250000
 305.60000000  -999.250000  -999.250000
 305.80000000  -999.250000  -999.250000
 306.00000000  -999.250000  -999.250000
 306.20000000  -999.250000  -999.250000
 306.40000000  -999.250000  -999.250000
 306.60000000  -999.250000  -999.250000
 306.80000000  -999.250000  -999.250000
 307.00000000  -999.250000  -999.250000
 307.20000000  -999.250000  -999.250000
 307.40000000  -999.250000  -999.250000
 307.60000000  -999.250000  -999.250000
 307.80000000  -999.250000  -999.250000
 308.00000000  -999.250000  -999.250000
 308.20000000  -999.250000  -999.250000
 308.40000000  -999.250000  -999.250000
 308.60000000  -999.250000  -999.250000
 308.80000000  -999.250000  -999.250000
 309.00000000  -999.250000  -999.250000
 309.20000000  -999.250000  -999.250000
 309.40000000  -999.250000  -999.250000
 309.60000000  -999.250000  -999.250000
 309.80000000  -999.250000  -999.250000
 310.00000000  -999.250000  -999.250000
 310.20000000  -999.250000  -999.250000
 310.40000000  -999.250000  -999.250000
 310.60000000  -999.250000  -999.250000
 310.80000000  -999.250000  -999.250000
 311.00000000  -999.250000  -999.250000
 311.20000000  -999.250000  -999.250000
 311.40000000  -999.250000  -999.250000
 311.60000000  -999.250000  -999.250000
 311.80000000  -999.250000  -999.250000
 312.00000000  -999.250000  -999.250000
 312.20000000  -999.250000  -999.250000
 312.40000000  -999.250000  -999.250000
 312.60000000  -999.250000  -999.250000
 312.80000000  -999.250000  -999.250000
 313.00000000  -999.250000  -999.250000
 313.20000000  -999.250000  -999.250000
 313.40000000  -999.250000  -999.250000
 313.60000000  -999.250000  -999.250000
 313.80000000  -999.250000  -999.250000
 314.00000000  -999.250000  -999.250000
 314.20000000  -999.250000  -999.250000
 314.40000000  -999.250000  -999.250000
 314.60000000  -999.250000  -999.250000
 314.80000000  -999.250000  -999.250000
 315.00000000  -999.250000  -999.250000
 315.20000000  -999.250000  -999.250000
 315.40000000  -999.250000  -999.250000
 315.60000000  -999.250000  -999.250000
 315.80000000  -999.250000  -999.250000
 316.00000000  -999.250000  -999.250000
 316.20000000  -999.250000  -999.250000
 316.40000000  -999.250000  -999.250000
 316.60000000  -999.250000  -999.250000
 316.80000000  -999.250000  -999.250000
 317.00000000  -999.250000  -999.250000
 317.20000000  -999.250000  -999.250000
 317.40000000  -999.250000  -999.250000
 317.60000000  -999.250000  -999.250000
 317.80000000  -999.250000  -999.250000
 318.00000000  -999.250000  -999.250000
 318.20000000  -999.250000  -999.250000
 318.40000000  -999.250000  -999.250000
 318.60000000  -999.250000  -999.250000
 318.80000000  -999.250000  -999.250000
 319.00000000  -999.250000  -999.250000
 319.20000000  -999.250000  -999.250000
 319.40000000  -999.250000  -999.250000
 319.60000000  -999.250000  -999.250000
 319.80000000  -999.250000  -999.250000
 320.00000000  -999.250000  -999.250000
 320.20000000  -999.250000  -999.250000
 320.40000000  -999.250000  -999.250000
 320.60000000  -999.250000  -999.250000
 320.80000000  -999.250000  -999.250000
 321.00000000  -999.250000  -999.250000
 321.20000000  -999.250000  -999.250000
 321.40000000  -999.250000  -999.250000
 321.60000000  -999.250000  -999.250000
 321.80000000  -999.250000  -999.250000
 322.00000000  -999.250000  -999.250000
 322.20000000  -999.250000  -999.250000
 322.40000000  -999.250000  -999.250000
 322.60000000  -999.250000  -999.250000
 322.80000000  -999.250000  -999.250000
 323.00000000  -999.250000  -999.250000
 323.20000000  -999.250000  -999.250000
 323.40000000  -999.250000  -999.250000
 323.60000000  -999.250000  -999.250000
 323.80000000  -999.250000  -999.250000
 324.00000000  -999.250000  -999.250000
 324.20000000  -999.250000  -999.250000
 324.40000000  -999.250000  -999.250000
 324.60000000  -999.250000  -999.250000
 324.80000000  -999.250000  -999.250000
 325.00000000  -999.250000  -999.250000
 325.20000000  -999.250000  -999.250000
 325.40000000  -999.250000  -999.250000
 325.60000000  -999.250000  -999.250000
 325.80000000  -999.250000  -999.250000
 326.00000000  -999.250000  -999.250000
 326.20000000  -999.250000  -999.250000
 326.40000000  -999.250000  -999.250000
 326.60000000  -999.250000  -999.250000
 326.80000000  -999.250000  -999.250000
 327.00000000  -999.250000  -999.250000
 327.20000000  -999.250000  -999.250000
 327.40000000  -999.250000  -999.250000
 327.60000000  -999.250000  -999.250000
 327.80000000  -999.250000  -999.250000
 328.00000000  -999.250000  -999.250000
 328.20000000  -999.250000  -999.250000
 328.40000000  -999.250000  -999.250000
 328.60000000  -999.250000  -999.250000
 328.80000000  -999.250000  -999.250000
 329.00000000  -999.250000  -999.250000
 329.20000000  -999.250000  -999.250000
 329.40000000  -999.250000  -999.250000
 329.60000000  -999.250000  -999.250000
 329.80000000  -999.250000  -999.250000
 330.00000000  -999.250000  -999.250000
 330.20000000  -999.250000  -999.250000
 330.40000000  -999.250000  -999.250000
 330.60000000  -999.250000  -999.250000
 330.80000000  -999.250000  -999.250000
 331.00000000  -999.250000  -999.250000
 331.20000000  -999.250000  -999.250000
 331.40000000  -999.250000  -999.250000
 331.60000000  -999.250000  -999.250000
 331.80000000  -999.250000  -999.250000
 332.00000000  -999.250000  -999.250000
 332.20000000  -999.250000  -999.250000
 332.40000000  -999.250000  -999.250000
 332.60000000  -999.250000  -999.250000
 332.80000000  -999.250000  -999.250000
 333.00000000  -999.250000  -999.250000
 333.20000000  -999.250000  -999.250000
 333.40000000  -999.250000  -999.250000
 333.60000000  -999.250000  -999.250000
 333.80000000  -999.250000  -999.250000
 334.00000000  -999.250000  -999.250000
 334.20000000  -999.250000  -999.250000
 334.40000000  -999.250000  -999.250000
 334.60000000  -999.250000  -999.250000
 334.80000000  -999.250000  -999.250000
 335.00000000  -999.250000  -999.250000
 335.20000000  -999.250000  -999.250000
 335.40000000  -999.250000  -999.250000
 335.60000000  -999.250000  -999.250000
 335.80000000  -999.250000  -999.250000
 336.00000000  -999.250000  -999.250000
 336.20000000  -999.250000  -999.250000
 336.40000000  -999.250000  -999.250000
 336.60000000  -999.250000  -999.250000
 336.80000000  -999.250000  -999.250000
 337.00000000  -999.250000  -999.250000
 337.20000000  -999.250000  -999.250000
 337.40000000  -999.250000  -999.250000
 337.60000000  -999.250000  -999.250000
 337.80000000  -999.250000  -999.250000
 338.00000000  -999.250000  -999.250000
 338.20000000  -999.250000  -999.250000
 338.40000000  -999.250000  -999.250000
 338.60000000  -999.250000  -999.250000
 338.80000000  -999.250000  -999.250000
 339.00000000  -999.250000  -999.250000
 339.20000000  -999.250000  -999.250000
 339.40000000  -999.250000  -999.250000
 339.60000000  -999.250000  -999.250000
 339.80000000  -999.250000  -999.250000
 340.00000000  -999.250000  -999.250000
 340.20000000  -999.250000  -999.250000
 340.40000000  -999.250000  -999.250000
 340.60000000  -999.250000  -999.250000
 340.80000000  -999.250000  -999.250000
 341.00000000  -999.250000  -999.250000
 341.20000000  -999.250000  -999.250000
 341.40000000  -999.250000  -999.250000
 341.60000000  -999.250000  -999.250000
 341.80000000  -999.250000  -999.250000
 342.00000000  -999.250000  -999.250000
 342.20000000  -999.250000  -999.250000
 342.40000000  -999.250000  -999.250000
 342.60000000  -999.250000  -999.250000
 342.80000000  -999.250000  -999.250000
 343.00000000  -999.250000  -999.250000
 343.20000000  -999.250000  -999.250000
 343.40000000  -999.250000  -999.250000
 343.60000000  -999.250000  -999.250000
 343.80000000  -999.250000  -999.250000
 344.00000000  -999.250000  -999.250000
 344.20000000  -999.250000  -999.250000
 344.40000000  -999.250000  -999.250000
 344.60000000  -999.250000  -999.250000
 344.80000000  -999.250000  -999.250000
 345.00000000  -999.250000  -999.250000
 345.20000000  -999.250000  -999.250000
 345.40000000  -999.250000  -999.250000
 345.60000000  -999.250000  -999.250000
 345.80000000  -999.250000  -999.250000
 346.00000000  -999.250000  -999.250000
 346.20000000  -999.250000  -999.250000
 346.40000000  -999.250000  -999.250000
 346.60000000  -999.250000  -999.250000
 346.80000000  -999.250000  -999.250000
 347.00000000  -999.250000  -999.250000
 347.20000000  -999.250000  -999.250000
 347.40000000  -999.250000  -999.250000
 347.60000000  -999.250000  -999.250000
 347.80000000  -999.250000  -999.250000
 348.00000000  -999.250000  -999.250000
 348.20000000  -999.250000  -999.250000
 348.40000000  -999.250000  -999.250000
 348.60000000  -999.250000  -999.250000
 348.80000000  -999.250000  -999.250000
 349.00000000  -999.250000  -999.250000
 349.20000000  -999.250000  -999.250000
 349.40000000  -999.250000  -999.250000
 349.60000000  -999.250000  -999.250000
 349.80000000  -999.250000  -999.250000
 350.00000000  -999.250000  -999.250000
 350.20000000  -999.250000  -999.250000
 350.40000000  -999.250000  -999.250000
 350.60000000  -999.250000  -999.250000
 350.80000000  -999.250000  -999.250000
 351.00000000  -999.250000  -999.250000
 351.20000000  -999.250000  -999.250000
 351.40000000  -999.250000  -999.250000
 351.60000000  -999.250000  -999.250000
 351.80000000  -999.250000  -999.250000
 352.00000000  -999.250000  -999.250000
 352.20000000  -999.250000  -999.250000
 352.40000000  -999.250000  -999.250000
 352.60000000  -999.250000  -999.250000
 352.80000000  -999.250000  -999.250000
 353.00000000  -999.250000  -999.250000
 353.20000000  -999.250000  -999.250000
 353.40000000  -999.250000  -999.250000
 353.60000000  -999.250000  -999.250000
 353.80000000  -999.250000  -999.250000
 354.00000000  -999.250000  -999.250000
 354.20000000  -999.250000  -999.250000
 354.40000000  -999.250000  -999.250000
 354.60000000  -999.250000  -999.250000
 354.80000000  -999.250000  -999.250000
 355.00000000  -999.250000  -999.250000
 355.20000000  -999.250000  -999.250000
 355.40000000  -999.250000  -999.250000
 355.60000000  -999.250000  -999.250000
 355.80000000  -999.250000  -999.250000
 356.00000000  -999.250000  -999.250000
 356.20000000  -999.250000  -999.250000
 356.40000000  -999.250000  -999.250000
 356.60000000  -999.250000  -999.250000
 356.80000000  -999.250000  -999.250000
 357.00000000  -999.250000  -999.250000
 357.20000000  -999.250000  -999.250000
 357.40000000  -999.250000  -999.250000
 357.60000000  -999.250000  -999.250000
 357.80000000  -999.250000  -999.250000
 358.00000000  -999.250000  -999.250000
 358.20000000  -999.250000  -999.250000
 358.40000000  -999.250000  -999.250000
 358.60000000  -999.250000  -999.250000
 358.80000000  -999.250000  -999.250000
 359.00000000  -999.250000  -999.250000
 359.20000000  -999.250000  -999.250000
 359.40000000  -999.250000  -999.250000
 359.60000000  -999.250000  -999.250000
 359.80000000  -999.250000  -999.250000
 360.00000000  -999.250000  -999.250000
 360.20000000  -999.250000  -999.250000
 360.40000000  -999.250000  -999.250000
 360.60000000  -999.250000  -999.250000
 360.80000000  -999.250000  -999.250000
 361.00000000  -999.250000  -999.250000
 361.20000000  -999.250000  -999.250000
 361.40000000  -999.250000  -999.250000
 361.60000000  -999.250000  -999.250000
 361.80000000  -999.250000  -999.250000
 362.00000000  -999.250000  -999.250000
 362.20000000  -999.250000  -999.250000
 362.40000000  -999.250000  -999.250000
 362.60000000  -999.250000  -999.250000
 362.80000000  -999.250000  -999.250000
 363.00000000  -999.250000  -999.250000
 363.20000000  -999.250000  -999.250000
 363.40000000  -999.250000  -999.250000
 363.60000000  -999.250000  -999.250000
 363.80000000  -999.250000  -999.250000
 364.00000000  -999.250000  -999.250000
 364.20000000  -999.250000  -999.250000
 364.40000000  -999.250000  -999.250000
 364.60000000  -999.250000  -999.250000
 364.80000000  -999.250000  -999.250000
 365.00000000  -999.250000  -999.250000
 365.20000000  -999.250000  -999.250000
 365.40000000  -999.250000  -999.250000
 365.60000000  -999.250000  -999.250000
 365.80000000  -999.250000  -999.250000
 366.00000000  -999.250000  -999.250000
 366.20000000  -999.250000  -999.250000
 366.40000000  -999.250000  -999.250000
 366.60000000  -999.250000  -999.250000
 366.80000000  -999.250000  -999.250000
 367.00000000  -999.250000  -999.250000
 367.20000000  -999.250000  -999.250000
 367.40000000  -999.250000  -999.250000
 367.60000000  -999.250000  -999.250000
 367.80000000  -999.250000  -999.250000
 368.00000000  -999.250000  -999.250000
 368.20000000  -999.250000  -999.250000
 368.40000000  -999.250000  -999.250000
 368.60000000  -999.250000  -999.250000
 368.80000000  -999.250000  -999.250000
 369.00000000  -999.250000  -999.250000
 369.20000000  -999.250000  -999.250000
 369.40000000  -999.250000  -999.250000
 369.60000000  -999.250000  -999.250000
 369.80000000  -999.250000  -999.250000
 370.00000000  -999.250000  -999.250000
 370.20000000  -999.250000  -999.250000
 370.40000000  -999.250000  -999.250000
 370.60000000  -999.250000  -999.250000
 370.80000000  -999.250000  -999.250000
 371.00000000  -999.250000  -999.250000
 371.20000000  -999.250000  -999.250000
 371.40000000  -999.250000  -999.250000
 371.60000000  -999.250000  -999.250000
 371.80000000  -999.250000  -999.250000
 372.00000000  -999.250000  -999.250000
 372.20000000  -999.250000  -999.250000
 372.40000000  -999.250000  -999.250000
 372.60000000  -999.250000  -999.250000
 372.80000000  -999.250000  -999.250000
 373.00000000  -999.250000  -999.250000
 373.20000000  -999.250000  -999.250000
 373.40000000  -999.250000  -999.250000
 373.60000000  -999.250000  -999.250000
 373.80000000  -999.250000  -999.250000
 374.00000000  -999.250000  -999.250000
 374.20000000  -999.250000  -999.250000
 374.40000000  -999.250000  -999.250000
 374.60000000  -999.250000  -999.250000
 374.80000000  -999.250000  -999.250000
 375.00000000  -999.250000  -999.250000
 375.20000000  -999.250000  -999.250000
 375.40000000  -999.250000  -999.250000
 375.60000000  -999.250000  -999.250000
 375.80000000  -999.250000  -999.250000
 376.00000000  -999.250000  -999.250000
 376.20000000  -999.250000  -999.250000
 376.40000000  -999.250000  -999.250000
 376.60000000  -999.250000  -999.250000
 376.80000000  -999.250000  -999.250000
 377.00000000  -999.250000  -999.250000
 377.20000000  -999.250000  -999.250000
 377.40000000  -999.250000  -999.250000
 377.60000000  -999.250000  -999.250000
 377.80000000  -999.250000  -999.250000
 378.00000000  -999.250000  -999.250000
 378.20000000  -999.250000  -999.250000
 378.40000000  -999.250000  -999.250000
 378.60000000  -999.250000  -999.250000
 378.80000000  -999.250000  -999.250000
 379.00000000  -999.250000  -999.250000
 379.20000000  -999.250000  -999.250000
 379.40000000  -999.250000  -999.250000
 379.60000000  -999.250000  -999.250000
 379.80000000  -999.250000  -999.250000
 380.00000000  -999.250000  -999.250000
 380.20000000  -999.250000  -999.250000
 380.40000000  -999.250000  -999.250000
 380.60000000  -999.250000  -999.250000
 380.80000000  -999.250000  -999.250000
 381.00000000  -999.250000  -999.250000
 381.20000000  -999.250000  -999.250000
 381.40000000  -999.250000  -999.250000
 381.60000000  -999.250000  -999.250000
 381.80000000  -999.250000  -999.250000
 382.00000000  -999.250000  -999.250000
 382.20000000  -999.250000  -999.250000
 382.40000000  -999.250000  -999.250000
 382.60000000  -999.250000  -999.250000
 382.80000000  -999.250000  -999.250000
 383.00000000  -999.250000  -999.250000
 383.20000000  -999.250000  -999.250000
 383.40000000  -999.250000  -999.250000
 383.60000000  -999.250000  -999.250000
 383.80000000  -999.250000  -999.250000
 384.00000000  -999.250000  -999.250000
 384.20000000  -999.250000  -999.250000
 384.40000000  -999.250000  -999.250000
 384.60000000  -999.250000  -999.250000
 384.80000000  -999.250000  -999.250000
 385.00000000  -999.250000  -999.250000
 385.20000000  -999.250000  -999.250000
 385.40000000  -999.250000  -999.250000
 385.60000000  -999.250000  -999.250000
 385.80000000  -999.250000  -999.250000
 386.00000000  -999.250000  -999.250000
 386.20000000  -999.250000  -999.250000
 386.40000000  -999.250000  -999.250000
 386.60000000  -999.250000  -999.250000
 386.80000000  -999.250000  -999.250000
 387.00000000  -999.250000  -999.250000
 387.20000000  -999.250000  -999.250000
 387.40000000  -999.250000  -999.250000
 387.60000000  -999.250000  -999.250000
 387.80000000  -999.250000  -999.250000
 388.00000000  -999.250000  -999.250000
 388.20000000  -999.250000  -999.250000
 388.40000000  -999.250000  -999.250000
 388.60000000  -999.250000  -999.250000
 388.80000000  -999.250000  -999.250000
 389.00000000  -999.250000  -999.250000
 389.20000000  -999.250000  -999.250000
 389.40000000  -999.250000  -999.250000
 389.60000000  -999.250000  -999.250000
 389.80000000  -999.250000  -999.250000
 390.00000000  -999.250000  -999.250000
 390.20000000  -999.250000  -999.250000
 390.40000000  -999.250000  -999.250000
 390.60000000  -999.250000  -999.250000
 390.80000000  -999.250000  -999.250000
 391.00000000  -999.250000  -999.250000
 391.20000000  -999.250000  -999.250000
 391.40000000  -999.250000  -999.250000
 391.60000000  -999.250000  -999.250000
 391.80000000  -999.250000  -999.250000
 392.00000000  -999.250000  -999.250000
 392.20000000  -999.250000  -999.250000
 392.40000000  -999.250000  -999.250000
 392.60000000  -999.250000  -999.250000
 392.80000000  -999.250000  -999.250000
 393.00000000  -999.250000  -999.250000
 393.20000000  -999.250000  -999.250000
 393.40000000  -999.250000  -999.250000
 393.60000000  -999.250000  -999.250000
 393.80000000  -999.250000  -999.250000
 394.00000000  -999.250000  -999.250000
 394.20000000  -999.250000  -999.250000
 394.40000000  -999.250000  -999.250000
 394.60000000  -999.250000  -999.250000
 394.80000000  -999.250000  -999.250000
 395.00000000  -999.250000  -999.250000
 395.20000000  -999.250000  -999.250000
 395.40000000  -999.250000  -999.250000
 395.60000000  -999.250000  -999.250000
 395.80000000  -999.250000  -999.250000
 396.00000000  -999.250000  -999.250000
 396.20000000  -999.250000  -999.250000
 396.40000000  -999.250000  -999.250000
 396.60000000  -999.250000  -999.250000
 396.80000000  -999.250000  -999.250000
 397.00000000  -999.250000  -999.250000
 397.20000000  -999.250000  -999.250000
 397.40000000  -999.250000  -999.250000
 397.60000000  -999.250000  -999.250000
 397.80000000  -999.250000  -999.250000
 398.00000000  -999.250000  -999.250000
 398.20000000  -999.250000  -999.250000
 398.40000000  -999.250000  -999.250000
 398.60000000  -999.250000  -999.250000
 398.80000000  -999.250000  -999.250000
 399.00000000  -999.250000  -999.250000
 399.20000000  -999.250000  -999.250000
 399.40000000  -999.250000  -999.250000
 399.60000000  -999.250000  -999.250000
 399.80000000  -999.250000  -999.250000
 400.00000000  -999.250000  -999.250000
 400.20000000  -999.250000  -999.250000
 400.40000000  -999.250000  -999.250000
 400.60000000  -999.250000  -999.250000
 400.80000000  -999.250000  -999.250000
 401.00000000  -999.250000  -999.250000
 401.20000000  -999.250000  -999.250000
 401.40000000  -999.250000  -999.250000
 401.60000000  -999.250000  -999.250000
 401.80000000  -999.250000  -999.250000
 402.00000000  -999.250000  -999.250000
 402.20000000  -999.250000  -999.250000
 402.40000000  -999.250000  -999.250000
 402.60000000  -999.250000  -999.250000
 402.80000000  -999.250000  -999.250000
 403.00000000  -999.250000  -999.250000
 403.20000000  -999.250000  -999.250000
 403.40000000  -999.250000  -999.250000
 403.60000000  -999.250000  -999.250000
 403.80000000  -999.250000  -999.250000
 404.00000000  -999.250000  -999.250000
 404.20000000  -999.250000  -999.250000
 404.40000000  -999.250000  -999.250000
 404.60000000  -999.250000  -999.250000
 404.80000000  -999.250000  -999.250000
 405.00000000  -999.250000  -999.250000
 405.20000000  -999.250000  -999.250000
 405.40000000  -999.250000  -999.250000
 405.60000000  -999.250000  -999.250000
 405.80000000  -999.250000  -999.250000
 406.00000000  -999.250000  -999.250000
 406.20000000  -999.250000  -999.250000
 406.40000000  -999.250000  -999.250000
 406.60000000  -999.250000  -999.250000
 406.80000000  -999.250000  -999.250000
 407.00000000  -999.250000  -999.250000
 407.20000000  -999.250000  -999.250000
 407.40000000  -999.250000  -999.250000
 407.60000000  -999.250000  -999.250000
 407.80000000  -999.250000  -999.250000
 408.00000000  -999.250000  -999.250000
 408.20000000  -999.250000  -999.250000
 408.40000000  -999.250000  -999.250000
 408.60000000  -999.250000  -999.250000
 408.80000000  -999.250000  -999.250000
 409.00000000  -999.250000  -999.250000
 409.20000000  -999.250000  -999.250000
 409.40000000  -999.250000  -999.250000
 409.60000000  -999.250000  -999.250000
 409.80000000  -999.250000  -999.250000
 410.00000000  -999.250000  -999.250000
 410.20000000  -999.250000  -999.250000
 410.40000000  -999.250000  -999.250000
 410.60000000  -999.250000  -999.250000
 410.80000000  -999.250000  -999.250000
 411.00000000  -999.250000  -999.250000
 411.20000000  -999.250000  -999.250000
 411.40000000  -999.250000  -999.250000
 411.60000000  -999.250000  -999.250000
 411.80000000  -999.250000  -999.250000
 412.00000000  -999.250000  -999.250000
 412.20000000  -999.250000  -999.250000
 412.40000000  -999.250000  -999.250000
 412.60000000  -999.250000  -999.250000
 412.80000000  -999.250000  -999.250000
 413.00000000  -999.250000  -999.250000
 413.20000000  -999.250000  -999.250000
 413.40000000  -999.250000  -999.250000
 413.60000000  -999.250000  -999.250000
 413.80000000  -999.250000  -999.250000
 414.00000000  -999.250000  -999.250000
 414.20000000  -999.250000  -999.250000
 414.40000000  -999.250000  -999.250000
 414.60000000  -999.250000  -999.250000
 414.80000000  -999.250000  -999.250000
 415.00000000  -999.250000  -999.250000
 415.20000000  -999.250000  -999.250000
 415.40000000  -999.250000  -999.250000
 415.60000000  -999.250000  -999.250000
 415.80000000  -999.250000  -999.250000
 416.00000000  -999.250000  -999.250000
 416.20000000  -999.250000  -999.250000
 416.40000000  -999.250000  -999.250000
 416.60000000  -999.250000  -999.250000
 416.80000000  -999.250000  -999.250000
 417.00000000  -999.250000  -999.250000
 417.20000000  -999.250000  -999.250000
 417.40000000  -999.250000  -999.250000
 417.60000000  -999.250000  -999.250000
 417.80000000  -999.250000  -999.250000
 418.00000000  -999.250000  -999.250000
 418.20000000  -999.250000  -999.250000
 418.40000000  -999.250000  -999.250000
 418.60000000  -999.250000  -999.250000
 418.80000000  -999.250000  -999.250000
 419.00000000  -999.250000  -999.250000
 419.20000000  -999.250000  -999.250000
 419.40000000  -999.250000  -999.250000
 419.60000000  -999.250000  -999.250000
 419.80000000  -999.250000  -999.250000
 420.00000000  -999.250000  -999.250000
 420.20000000  -999.250000  -999.250000
 420.40000000  -999.250000  -999.250000
 420.60000000  -999.250000  -999.250000
 420.80000000  -999.250000  -999.250000
 421.00000000  -999.250000  -999.250000
 421.20000000  -999.250000  -999.250000
 421.40000000  -999.250000  -999.250000
 421.60000000  -999.250000  -999.250000
 421.80000000  -999.250000  -999.250000
 422.00000000  -999.250000  -999.250000
 422.20000000  -999.250000  -999.250000
 422.40000000  -999.250000  -999.250000
 422.60000000  -999.250000  -999.250000
 422.80000000  -999.250000  -999.250000
 423.00000000  -999.250000  -999.250000
 423.20000000  -999.250000  -999.250000
 423.40000000  -999.250000  -999.250000
 423.60000000  -999.250000  -999.250000
 423.80000000  -999.250000  -999.250000
 424.00000000  -999.250000  -999.250000
 424.20000000  -999.250000  -999.250000
 424.40000000  -999.250000  -999.250000
 424.60000000  -999.250000  -999.250000
 424.80000000  -999.250000  -999.250000
 425.00000000  -999.250000  -999.250000
 425.20000000  -999.250000  -999.250000
 425.40000000  -999.250000  -999.250000
 425.60000000  -999.250000  -999.250000
 425.80000000  -999.250000  -999.250000
 426.00000000  -999.250000  -999.250000
 426.20000000  -999.250000  -999.250000
 426.40000000  -999.250000  -999.250000
 426.60000000  -999.250000  -999.250000
 426.80000000  -999.250000  -999.250000
 427.00000000  -999.250000  -999.250000
 427.20000000  -999.250000  -999.250000
 427.40000000  -999.250000  -999.250000
 427.60000000  -999.250000  -999.250000
 427.80000000  -999.250000  -999.250000
 428.00000000  -999.250000  -999.250000
 428.20000000  -999.250000  -999.250000
 428.40000000  -999.250000  -999.250000
 428.60000000  -999.250000  -999.250000
 428.80000000  -999.250000  -999.250000
 429.00000000  -999.250000  -999.250000
 429.20000000  -999.250000  -999.250000
 429.40000000  -999.250000  -999.250000
 429.60000000  -999.250000  -999.250000
 429.80000000  -999.250000  -999.250000
 430.00000000  -999.250000  -999.250000
 430.20000000  -999.250000  -999.250000
 430.40000000  -999.250000  -999.250000
 430.60000000  -999.250000  -999.250000
 430.80000000  -999.250000  -999.250000
 431.00000000  -999.250000  -999.250000
 431.20000000  -999.250000  -999.250000
 431.40000000  -999.250000  -999.250000
 431.60000000  -999.250000  -999.250000
 431.80000000  -999.250000  -999.250000
 432.00000000  -999.250000  -999.250000
 432.20000000  -999.250000  -999.250000
 432.40000000  -999.250000  -999.250000
 432.60000000  -999.250000  -999.250000
 432.80000000  -999.250000  -999.250000
 433.00000000  -999.250000  -999.250000
 433.20000000  -999.250000  -999.250000
 433.40000000  -999.250000  -999.250000
 433.60000000  -999.250000  -999.250000
 433.80000000  -999.250000  -999.250000
 434.00000000  -999.250000  -999.250000
 434.20000000  -999.250000  -999.250000
 434.40000000  -999.250000  -999.250000
 434.60000000  -999.250000  -999.250000
 434.80000000  -999.250000  -999.250000
 435.00000000  -999.250000  -999.250000
 435.20000000  -999.250000  -999.250000
 435.40000000  -999.250000  -999.250000
 435.60000000  -999.250000  -999.250000
 435.80000000  -999.250000  -999.250000
 436.00000000  -999.250000  -999.250000
 436.20000000  -999.250000  -999.250000
 436.40000000  -999.250000  -999.250000
 436.60000000  -999.250000  -999.250000
 436.80000000  -999.250000  -999.250000
 437.00000000  -999.250000  -999.250000
 437.20000000  -999.250000  -999.250000
 437.40000000  -999.250000  -999.250000
 437.60000000  -999.250000  -999.250000
 437.80000000  -999.250000  -999.250000
 438.00000000  -999.250000  -999.250000
 438.20000000  -999.250000  -999.250000
 438.40000000  -999.250000  -999.250000
 438.60000000  -999.250000  -999.250000
 438.80000000  -999.250000  -999.250000
 439.00000000  -999.250000  -999.250000
 439.20000000  -999.250000  -999.250000
 439.40000000  -999.250000  -999.250000
 439.60000000  -999.250000  -999.250000
 439.80000000  -999.250000  -999.250000
 440.00000000  -999.250000  -999.250000
 440.20000000  -999.250000  -999.250000
 440.40000000  -999.250000  -999.250000
 440.60000000  -999.250000  -999.250000
 440.80000000  -999.250000  -999.250000
 441.00000000  -999.250000  -999.250000
 441.20000000  -999.250000  -999.250000
 441.40000000  -999.250000  -999.250000
 441.60000000  -999.250000  -999.250000
 441.80000000  -999.250000  -999.250000
 442.00000000  -999.250000  -999.250000
 442.20000000  -999.250000  -999.250000
 442.40000000  -999.250000  -999.250000
 442.60000000  -999.250000  -999.250000
 442.80000000  -999.250000  -999.250000
 443.00000000  -999.250000  -999.250000
 443.20000000  -999.250000  -999.250000
 443.40000000  -999.250000  -999.250000
 443.60000000  -999.250000  -999.250000
 443.80000000  -999.250000  -999.250000
 444.00000000  -999.250000  -999.250000
 444.20000000  -999.250000  -999.250000
 444.40000000  -999.250000  -999.250000
 444.60000000  -999.250000  -999.250000
 444.80000000  -999.250000  -999.250000
 445.00000000  -999.250000  -999.250000
 445.20000000  -999.250000  -999.250000
 445.40000000  -999.250000  -999.250000
 445.60000000  -999.250000  -999.250000
 445.80000000  -999.250000  -999.250000
 446.00000000  -999.250000  -999.250000
 446.20000000  -999.250000  -999.250000
 446.40000000  -999.250000  -999.250000
 446.60000000  -999.250000  -999.250000
 446.80000000  -999.250000  -999.250000
 447.00000000  -999.250000  -999.250000
 447.20000000  -999.250000  -999.250000
 447.40000000  -999.250000  -999.250000
 447.60000000  -999.250000  -999.250000
 447.80000000  -999.250000  -999.250000
 448.00000000  -999.250000  -999.250000
 448.20000000  -999.250000  -999.250000
 448.40000000  -999.250000  -999.250000
 448.60000000  -999.250000  -999.250000
 448.80000000  -999.250000  -999.250000
 449.00000000  -999.250000  -999.250000
 449.20000000  -999.250000  -999.250000
 449.40000000  -999.250000  -999.250000
 449.60000000  -999.250000  -999.250000
 449.80000000  -999.250000  -999.250000
 450.00000000  -999.250000  -999.250000
 450.20000000  -999.250000  -999.250000
 450.40000000  -999.250000  -999.250000
 450.60000000  -999.250000  -999.250000
 450.80000000  -999.250000  -999.250000
 451.00000000  -999.250000  -999.250000
 451.20000000  -999.250000  -999.250000
 451.40000000  -999.250000  -999.250000
 451.60000000  -999.250000  -999.250000
 451.80000000  -999.250000  -999.250000
 452.00000000  -999.250000  -999.250000
 452.20000000  -999.250000  -999.250000
 452.40000000  -999.250000  -999.250000
 452.60000000  -999.250000  -999.250000
 452.80000000  -999.250000  -999.250000
 453.00000000  -999.250000  -999.250000
 453.20000000  -999.250000  -999.250000
 453.40000000  -999.250000  -999.250000
 453.60000000  -999.250000  -999.250000
 453.80000000  -999.250000  -999.250000
 454.00000000  -999.250000  -999.250000
 454.20000000  -999.250000  -999.250000
 454.40000000  -999.250000  -999.250000
 454.60000000  -999.250000  -999.250000
 454.80000000  -999.250000  -999.250000
 455.00000000  -999.250000  -999.250000
 455.20000000  -999.250000  -999.250000
 455.40000000  -999.250000  -999.250000
 455.60000000  -999.250000  -999.250000
 455.80000000  -999.250000  -999.250000
 456.00000000  -999.250000  -999.250000
 456.20000000  -999.250000  -999.250000
 456.40000000  -999.250000  -999.250000
 456.60000000  -999.250000  -999.250000
 456.80000000  -999.250000  -999.250000
 457.00000000  -999.250000  -999.250000
 457.20000000  -999.250000  -999.250000
 457.40000000  -999.250000  -999.250000
 457.60000000  -999.250000  -999.250000
 457.80000000  -999.250000  -999.250000
 458.00000000  -999.250000  -999.250000
 458.20000000  -999.250000  -999.250000
 458.40000000  -999.250000  -999.250000
 458.60000000  -999.250000  -999.250000
 458.80000000  -999.250000  -999.250000
 459.00000000  -999.250000  -999.250000
 459.20000000  -999.250000  -999.250000
 459.40000000  -999.250000  -999.250000
 459.60000000  -999.250000  -999.250000
 459.80000000  -999.250000  -999.250000
 460.00000000  -999.250000  -999.250000
 460.20000000  -999.250000  -999.250000
 460.40000000  -999.250000  -999.250000
 460.60000000  -999.250000  -999.250000
 460.80000000  -999.250000  -999.250000
 461.00000000  -999.250000  -999.250000
 461.20000000  -999.250000  -999.250000
 461.40000000  -999.250000  -999.250000
 461.60000000  -999.250000  -999.250000
 461.80000000  -999.250000  -999.250000
 462.00000000  -999.250000  -999.250000
 462.20000000  -999.250000  -999.250000
 462.40000000  -999.250000  -999.250000
 462.60000000  -999.250000  -999.250000
 462.80000000  -999.250000  -999.250000
 463.00000000  -999.250000  -999.250000
 463.20000000  -999.250000  -999.250000
 463.40000000  -999.250000  -999.250000
 463.60000000  -999.250000  -999.250000
 463.80000000  -999.250000  -999.250000
 464.00000000  -999.250000  -999.250000
 464.20000000  -999.250000  -999.250000
 464.40000000  -999.250000  -999.250000
 464.60000000  -999.250000  -999.250000
 464.80000000  -999.250000  -999.250000
 465.00000000  -999.250000  -999.250000
 465.20000000  -999.250000  -999.250000
 465.40000000  -999.250000  -999.250000
 465.60000000  -999.250000  -999.250000
 465.80000000  -999.250000  -999.250000
 466.00000000  -999.250000  -999.250000
 466.20000000  -999.250000  -999.250000
 466.40000000  -999.250000  -999.250000
 466.60000000  -999.250000  -999.250000
 466.80000000  -999.250000  -999.250000
 467.00000000  -999.250000  -999.250000
 467.20000000  -999.250000  -999.250000
 467.40000000  -999.250000  -999.250000
 467.60000000  -999.250000  -999.250000
 467.80000000  -999.250000  -999.250000
 468.00000000  -999.250000  -999.250000
 468.20000000  -999.250000  -999.250000
 468.40000000  -999.250000  -999.250000
 468.60000000  -999.250000  -999.250000
 468.80000000  -999.250000  -999.250000
 469.00000000  -999.250000  -999.250000
 469.20000000  -999.250000  -999.250000
 469.40000000  -999.250000  -999.250000
 469.60000000  -999.250000  -999.250000
 469.80000000  -999.250000  -999.250000
 470.00000000  -999.250000  -999.250000
 470.20000000  -999.250000  -999.250000
 470.40000000  -999.250000  -999.250000
 470.60000000  -999.250000  -999.250000
 470.80000000  -999.250000  -999.250000
 471.00000000  -999.250000  -999.250000
 471.20000000  -999.250000  -999.250000
 471.40000000  -999.250000  -999.250000
 471.60000000  -999.250000  -999.250000
 471.80000000  -999.250000  -999.250000
 472.00000000  -999.250000  -999.250000
 472.20000000  -999.250000  -999.250000
 472.40000000  -999.250000  -999.250000
 472.60000000  -999.250000  -999.250000
 472.80000000  -999.250000  -999.250000
 473.00000000  -999.250000  -999.250000
 473.20000000  -999.250000  -999.250000
 473.40000000  -999.250000  -999.250000
 473.60000000  -999.250000  -999.250000
 473.80000000  -999.250000  -999.250000
 474.00000000  -999.250000  -999.250000
 474.20000000  -999.250000  -999.250000
 474.40000000  -999.250000  -999.250000
 474.60000000  -999.250000  -999.250000
 474.80000000  -999.250000  -999.250000
 475.00000000  -999.250000  -999.250000
 475.20000000  -999.250000  -999.250000
 475.40000000  -999.250000  -999.250000
 475.60000000  -999.250000  -999.250000
 475.80000000  -999.250000  -999.250000
 476.00000000  -999.250000  -999.250000
 476.20000000  -999.250000  -999.250000
 476.40000000  -999.250000  -999.250000
 476.60000000  -999.250000  -999.250000
 476.80000000  -999.250000  -999.250000
 477.00000000  -999.250000  -999.250000
 477.20000000  -999.250000  -999.250000
 477.40000000  -999.250000  -999.250000
 477.60000000  -999.250000  -999.250000
 477.80000000  -999.250000  -999.250000
 478.00000000  -999.250000  -999.250000
 478.20000000  -999.250000  -999.250000
 478.40000000  -999.250000  -999.250000
 478.60000000  -999.250000  -999.250000
 478.80000000  -999.250000  -999.250000
 479.00000000  -999.250000  -999.250000
 479.20000000  -999.250000  -999.250000
 479.40000000  -999.250000  -999.250000
 479.60000000  -999.250000  -999.250000
 479.80000000  -999.250000  -999.250000
 480.00000000  -999.250000  -999.250000
 480.20000000  -999.250000  -999.250000
 480.40000000  -999.250000  -999.250000
 480.60000000  -999.250000  -999.250000
 480.80000000  -999.250000  -999.250000
 481.00000000  -999.250000  -999.250000
 481.20000000  -999.250000  -999.250000
 481.40000000  -999.250000  -999.250000
 481.60000000  -999.250000  -999.250000
 481.80000000  -999.250000  -999.250000
 482.00000000  -999.250000  -999.250000
 482.20000000  -999.250000  -999.250000
 482.40000000  -999.250000  -999.250000
 482.60000000  -999.250000  -999.250000
 482.80000000  -999.250000  -999.250000
 483.00000000  -999.250000  -999.250000
 483.20000000  -999.250000  -999.250000
 483.40000000  -999.250000  -999.250000
 483.60000000  -999.250000  -999.250000
 483.80000000  -999.250000  -999.250000
 484.00000000  -999.250000  -999.250000
 484.20000000  -999.250000  -999.250000
 484.40000000  -999.250000  -999.250000
 484.60000000  -999.250000  -999.250000
 484.80000000  -999.250000  -999.250000
 485.00000000  -999.250000  -999.250000
 485.20000000  -999.250000  -999.250000
 485.40000000  -999.250000  -999.250000
 485.60000000  -999.250000  -999.250000
 485.80000000  -999.250000  -999.250000
 486.00000000  -999.250000  -999.250000
 486.20000000  -999.250000  -999.250000
 486.40000000  -999.250000  -999.250000
 486.60000000  -999.250000  -999.250000
 486.80000000  -999.250000  -999.250000
 487.00000000  -999.250000  -999.250000
 487.20000000  -999.250000  -999.250000
 487.40000000  -999.250000  -999.250000
 487.60000000  -999.250000  -999.250000
 487.80000000  -999.250000  -999.250000
 488.00000000  -999.250000  -999.250000
 488.20000000  -999.250000  -999.250000
 488.40000000  -999.250000  -999.250000
 488.60000000  -999.250000  -999.250000
 488.80000000  -999.250000  -999.250000
 489.00000000  -999.250000  -999.250000
 489.20000000  -999.250000  -999.250000
 489.40000000  -999.250000  -999.250000
 489.60000000  -999.250000  -999.250000
 489.80000000  -999.250000  -999.250000
 490.00000000  -999.250000  -999.250000
 490.20000000  -999.250000  -999.250000
 490.40000000  -999.250000  -999.250000
 490.60000000  -999.250000  -999.250000
 490.80000000  -999.250000  -999.250000
 491.00000000  -999.250000  -999.250000
 491.20000000  -999.250000  -999.250000
 491.40000000  -999.250000  -999.250000
 491.60000000  -999.250000  -999.250000
 491.80000000  -999.250000  -999.250000
 492.00000000  -999.250000  -999.250000
 492.20000000  -999.250000  -999.250000
 492.40000000  -999.250000  -999.250000
 492.60000000  -999.250000  -999.250000
 492.80000000  -999.250000  -999.250000
 493.00000000  -999.250000  -999.250000
 493.20000000  -999.250000  -999.250000
 493.40000000  -999.250000  -999.250000
 493.60000000  -999.250000  -999.250000
 493.80000000  -999.250000  -999.250000
 494.00000000  -999.250000  -999.250000
 494.20000000  -999.250000  -999.250000
 494.40000000  -999.250000  -999.250000
 494.60000000  -999.250000  -999.250000
 494.80000000  -999.250000  -999.250000
 495.00000000  -999.250000  -999.250000
 495.20000000  -999.250000  -999.250000
 495.40000000  -999.250000  -999.250000
 495.60000000  -999.250000  -999.250000
 495.80000000  -999.250000  -999.250000
 496.00000000  -999.250000  -999.250000
 496.20000000  -999.250000  -999.250000
 496.40000000  -999.250000  -999.250000
 496.60000000  -999.250000  -999.250000
 496.80000000  -999.250000  -999.250000
 497.00000000  -999.250000  -999.250000
 497.20000000  -999.250000  -999.250000
 497.40000000  -999.250000  -999.250000
 497.60000000  -999.250000  -999.250000
 497.80000000  -999.250000  -999.250000
 498.00000000  -999.250000  -999.250000
 498.20000000  -999.250000  -999.250000
 498.40000000  -999.250000  -999.250000
 498.60000000  -999.250000  -999.250000
 498.80000000  -999.250000  -999.250000
 499.00000000  -999.250000  -999.250000
 499.20000000  -999.250000  -999.250000
 499.40000000  -999.250000  -999.250000
 499.60000000  -999.250000  -999.250000
 499.80000000  -999.250000  -999.250000
 500.00000000  -999.250000  -999.250000
 500.20000000  -999.250000  -999.250000
 500.40000000  -999.250000  -999.250000
 500.60000000  -999.250000  -999.250000
 500.80000000  -999.250000  -999.250000
 501.00000000  -999.250000  -999.250000
 501.20000000  -999.250000  -999.250000
 501.40000000  -999.250000  -999.250000
 501.60000000  -999.250000  -999.250000
 501.80000000  -999.250000  -999.250000
 502.00000000  -999.250000  -999.250000
 502.20000000  -999.250000  -999.250000
 502.40000000  -999.250000  -999.250000
 502.60000000  -999.250000  -999.250000
 502.80000000  -999.250000  -999.250000
 503.00000000  -999.250000  -999.250000
 503.20000000  -999.250000  -999.250000
 503.40000000  -999.250000  -999.250000
 503.60000000  -999.250000  -999.250000
 503.80000000  -999.250000  -999.250000
 504.00000000  -999.250000  -999.250000
 504.20000000  -999.250000  -999.250000
 504.40000000  -999.250000  -999.250000
 504.60000000  -999.250000  -999.250000
 504.80000000  -999.250000  -999.250000
 505.00000000  -999.250000  -999.250000
 505.20000000  -999.250000  -999.250000
 505.40000000  -999.250000  -999.250000
 505.60000000  -999.250000  -999.250000
 505.80000000  -999.250000  -999.250000
 506.00000000  -999.250000  -999.250000
 506.20000000  -999.250000  -999.250000
 506.40000000  -999.250000  -999.250000
 506.60000000  -999.250000  -999.250000
 506.80000000  -999.250000  -999.250000
 507.00000000  -999.250000  -999.250000
 507.20000000  -999.250000  -999.250000
 507.40000000  -999.250000  -999.250000
 507.60000000  -999.250000  -999.250000
 507.80000000  -999.250000  -999.250000
 508.00000000  -999.250000  -999.250000
 508.20000000  -999.250000  -999.250000
 508.40000000  -999.250000  -999.250000
 508.60000000  -999.250000  -999.250000
 508.80000000  -999.250000  -999.250000
 509.00000000  -999.250000  -999.250000
 509.20000000  -999.250000  -999.250000
 509.40000000  -999.250000  -999.250000
 509.60000000  -999.250000  -999.250000
 509.80000000  -999.250000  -999.250000
 510.00000000  -999.250000  -999.250000
 510.20000000  -999.250000  -999.250000
 510.40000000  -999.250000  -999.250000
 510.60000000  -999.250000  -999.250000
 510.80000000  -999.250000  -999.250000
 511.00000000  -999.250000  -999.250000
 511.20000000  -999.250000  -999.250000
 511.40000000  -999.250000  -999.250000
 511.60000000  -999.250000  -999.250000
 511.80000000  -999.250000  -999.250000
 512.00000000  -999.250000  -999.250000
 512.20000000  -999.250000  -999.250000
 512.40000000  -999.250000  -999.250000
 512.60000000  -999.250000  -999.250000
 512.80000000  -999.250000  -999.250000
 513.00000000  -999.250000  -999.250000
 513.20000000  -999.250000  -999.250000
 513.40000000  -999.250000  -999.250000
 513.60000000  -999.250000  -999.250000
 513.80000000  -999.250000  -999.250000
 514.00000000  -999.250000  -999.250000
 514.20000000  -999.250000  -999.250000
 514.40000000  -999.250000  -999.250000
 514.60000000  -999.250000  -999.250000
 514.80000000  -999.250000  -999.250000
 515.00000000  -999.250000  -999.250000
 515.20000000  -999.250000  -999.250000
 515.40000000  -999.250000  -999.250000
 515.60000000  -999.250000  -999.250000
 515.80000000  -999.250000  -999.250000
 516.00000000  -999.250000  -999.250000
 516.20000000  -999.250000  -999.250000
 516.40000000  -999.250000  -999.250000
 516.60000000  -999.250000  -999.250000
 516.80000000  -999.250000  -999.250000
 517.00000000  -999.250000  -999.250000
 517.20000000  -999.250000  -999.250000
 517.40000000  -999.250000  -999.250000
 517.60000000  -999.250000  -999.250000
 517.80000000  -999.250000  -999.250000
 518.00000000  -999.250000  -999.250000
 518.20000000  -999.250000  -999.250000
 518.40000000  -999.250000  -999.250000
 518.60000000  -999.250000  -999.250000
 518.80000000  -999.250000  -999.250000
 519.00000000  -999.250000  -999.250000
 519.20000000  -999.250000  -999.250000
 519.40000000  -999.250000  -999.250000
 519.60000000  -999.250000  -999.250000
 519.80000000  -999.250000  -999.250000
 520.00000000  -999.250000  -999.250000
 520.20000000  -999.250000  -999.250000
 520.40000000  -999.250000  -999.250000
 520.60000000  -999.250000  -999.250000
 520.80000000  -999.250000  -999.250000
 521.00000000  -999.250000  -999.250000
 521.20000000  -999.250000  -999.250000
 521.40000000  -999.250000  -999.250000
 521.60000000  -999.250000  -999.250000
 521.80000000  -999.250000  -999.250000
 522.00000000  -999.250000  -999.250000
 522.20000000  -999.250000  -999.250000
 522.40000000  -999.250000  -999.250000
 522.60000000  -999.250000  -999.250000
 522.80000000  -999.250000  -999.250000
 523.00000000  -999.250000  -999.250000
 523.20000000  -999.250000  -999.250000
 523.40000000  -999.250000  -999.250000
 523.60000000  -999.250000  -999.250000
 523.80000000  -999.250000  -999.250000
 524.00000000  -999.250000  -999.250000
 524.20000000  -999.250000  -999.250000
 524.40000000  -999.250000  -999.250000
 524.60000000  -999.250000  -999.250000
 524.80000000  -999.250000  -999.250000
 525.00000000  -999.250000  -999.250000
 525.20000000  -999.250000  -999.250000
 525.40000000  -999.250000  -999.250000
 525.60000000  -999.250000  -999.250000
 525.80000000  -999.250000  -999.250000
 526.00000000  -999.250000  -999.250000
 526.20000000  -999.250000  -999.250000
 526.40000000  -999.250000  -999.250000
 526.60000000  -999.250000  -999.250000
 526.80000000  -999.250000  -999.250000
 527.00000000  -999.250000  -999.250000
 527.20000000  -999.250000  -999.250000
 527.40000000  -999.250000  -999.250000
 527.60000000  -999.250000  -999.250000
 527.80000000  -999.250000  -999.250000
 528.00000000  -999.250000  -999.250000
 528.20000000  -999.250000  -999.250000
 528.40000000  -999.250000  -999.250000
 528.60000000  -999.250000  -999.250000
 528.80000000  -999.250000  -999.250000
 529.00000000  -999.250000  -999.250000
 529.20000000  -999.250000  -999.250000
 529.40000000  -999.250000  -999.250000
 529.60000000  -999.250000  -999.250000
 529.80000000  -999.250000  -999.250000
 530.00000000  -999.250000  -999.250000
 530.20000000  -999.250000  -999.250000
 530.40000000  -999.250000  -999.250000
 530.60000000 538.44000244  -999.250000
 530.80000000 536.16998291  -999.250000
 531.00000000 530.91998291  -999.250000
 531.20000000 522.84997559  -999.250000
 531.40000000 509.30999756  -999.250000
 531.60000000 491.11999512  -999.250000
 531.80000000 471.45999146  -999.250000
 532.00000000 457.67999268  -999.250000
 532.20000000 454.79998779  -999.250000
 532.40000000 459.66000366  -999.250000
 532.60000000 468.48001099  -999.250000
 532.80000000 479.13000488  -999.250000
 533.00000000 490.10000610  -999.250000
 533.20000000 499.14001465  -999.250000
 533.40000000 506.57000732  -999.250000
 533.60000000 513.40002441  -999.250000
 533.80000000 520.00000000  -999.250000
 534.00000000 526.40002441  -999.250000
 534.20000000 532.75000000  -999.250000
 534.40000000 538.11999512  -999.250000
 534.60000000 542.48999023  -999.250000
 534.80000000 549.59997559  -999.250000
 535.00000000 555.21997070  -999.250000
 535.20000000 556.97998047  -999.250000
 535.40000000 557.78002930  -999.250000
 535.60000000 558.27001953  -999.250000
 535.80000000 557.73999023  -999.250000
 536.00000000 555.79998779  -999.250000
 536.20000000 554.04998779  -999.250000
 536.40000000 553.14001465  -999.250000
 536.60000000 551.38000488  -999.250000
 536.80000000 549.67999268  -999.250000
 537.00000000 549.65997314  -999.250000
 537.20000000 551.29998779  -999.250000
 537.40000000 553.14001465  -999.250000
 537.60000000 553.45001221  -999.250000
 537.80000000 552.45001221  -999.250000
 538.00000000 550.70001221  -999.250000
 538.20000000 549.02001953  -999.250000
 538.40000000 547.72998047  -999.250000
 538.60000000 547.04998779  -999.250000
 538.80000000 547.25000000  -999.250000
 539.00000000 548.25000000  -999.250000
 539.20000000 548.28997803  -999.250000
 539.40000000 545.88000488  -999.250000
 539.60000000 543.47998047  -999.250000
 539.80000000 547.84002686  -999.250000
 540.00000000 561.96002197  -999.250000
 540.20000000 570.63000488  -999.250000
 540.40000000 569.11999512  -999.250000
 540.60000000 565.29998779  -999.250000
 540.80000000 563.40997314  -999.250000
 541.00000000 564.03002930  -999.250000
 541.20000000 565.45001221  -999.250000
 541.40000000 566.04998779  -999.250000
 541.60000000 565.46997070  -999.250000
 541.80000000 563.88000488  -999.250000
 542.00000000 562.00000000  -999.250000
 542.20000000 560.33001709  -999.250000
 542.40000000 559.13000488  -999.250000
 542.60000000 558.53002930  -999.250000
 542.80000000 558.50000000  -999.250000
 543.00000000 558.27001953  -999.250000
 543.20000000 557.33001709  -999.250000
 543.40000000 556.96997070  -999.250000
 543.60000000 558.20001221  -999.250000
 543.80000000 559.58001709  -999.250000
 544.00000000 559.00000000  -999.250000
 544.20000000 556.66998291  -999.250000
 544.40000000 553.84997559  -999.250000
 544.60000000 552.04998779  -999.250000
 544.80000000 551.41998291  -999.250000
 545.00000000 551.11999512  -999.250000
 545.20000000 551.15002441  -999.250000
 545.40000000 552.21997070  -999.250000
 545.60000000 553.65002441  -999.250000
 545.80000000 554.38000488  -999.250000
 546.00000000 554.58001709  -999.250000
 546.20000000 554.29998779  -999.250000
 546.40000000 554.02001953  -999.250000
 546.60000000 553.97998047  -999.250000
 546.80000000 553.66998291  -999.250000
 547.00000000 552.78002930  -999.250000
 547.20000000 551.71997070  -999.250000
 547.40000000 551.00000000  -999.250000
 547.60000000 550.38000488  -999.250000
 547.80000000 549.67999268  -999.250000
 548.00000000 549.21997070  -999.250000
 548.20000000 549.41998291  -999.250000
 548.40000000 550.11999512  -999.250000
 548.60000000 550.97998047  -999.250000
 548.80000000 551.36999512  -999.250000
 549.00000000 551.09997559  -999.250000
 549.20000000 551.02001953  -999.250000
 549.40000000 551.71997070  -999.250000
 549.60000000 552.91998291  -999.250000
 549.80000000 554.52001953  -999.250000
 550.00000000 556.47998047  -999.250000
 550.20000000 558.04998779  -999.250000
 550.40000000 558.67999268  -999.250000
 550.60000000 558.79998779  -999.250000
 550.80000000 558.70001221  -999.250000
 551.00000000 558.27001953  -999.250000
 551.20000000 557.41998291  -999.250000
 551.40000000 557.20001221  -999.250000
 551.60000000 559.59002686  -999.250000
 551.80000000 566.44000244  -999.250000
 552.00000000 576.29998779  -999.250000
 552.20000000 584.25000000  -999.250000
 552.40000000 587.04998779  -999.250000
 552.60000000 586.13000488  -999.250000
 552.80000000 583.28002930  -999.250000
 553.00000000 580.17999268  -999.250000
 553.20000000 579.03002930  -999.250000
 553.40000000 579.17999268  -999.250000
 553.60000000 579.11999512  -999.250000
 553.80000000 577.42999268  -999.250000
 554.00000000 574.20001221  -999.250000
 554.20000000 570.50000000  -999.250000
 554.40000000 566.82000732  -999.250000
 554.60000000 563.40002441  -999.250000
 554.80000000 560.50000000  -999.250000
 555.00000000 559.66998291  -999.250000
 555.20000000 560.41998291  -999.250000
 555.40000000 561.27001953  -999.250000
 555.60000000 561.47998047  -999.250000
 555.80000000 561.47998047  -999.250000
 556.00000000 561.16998291  -999.250000
 556.20000000 560.52001953  -999.250000
 556.40000000 560.21997070  -999.250000
 556.60000000 560.22998047  -999.250000
 556.80000000 560.72998047  -999.250000
 557.00000000 561.67999268  -999.250000
 557.20000000 562.46997070  -999.250000
 557.40000000 562.77001953  -999.250000
 557.60000000 562.40002441  -999.250000
 557.80000000 561.78002930  -999.250000
 558.00000000 561.08001709  -999.250000
 558.20000000 560.32000732  -999.250000
 558.40000000 560.04998779  -999.250000
 558.60000000 560.63000488  -999.250000
 558.80000000 561.50000000  -999.250000
 559.00000000 562.66998291  -999.250000
 559.20000000 565.00000000  -999.250000
 559.40000000 566.96002197  -999.250000
 559.60000000 565.85998535  -999.250000
 559.80000000 562.23999023  -999.250000
 560.00000000 560.59002686  -999.250000
 560.20000000 561.13000488  -999.250000
 560.40000000 562.54998779  -999.250000
 560.60000000 563.42999268  -999.250000
 560.80000000 563.46997070  -999.250000
 561.00000000 563.11999512  -999.250000
 561.20000000 562.97998047  -999.250000
 561.40000000 562.90002441  -999.250000
 561.60000000 563.04998779  -999.250000
 561.80000000 564.28002930  -999.250000
 562.00000000 565.13000488  -999.250000
 562.20000000 563.34997559  -999.250000
 562.40000000 563.02001953  -999.250000
 562.60000000 567.27001953  -999.250000
 562.80000000 573.58001709  -999.250000
 563.00000000 579.66998291  -999.250000
 563.20000000 585.02001953  -999.250000
 563.40000000 591.02001953  -999.250000
 563.60000000 598.72998047  -999.250000
 563.80000000 605.04998779  -999.250000
 564.00000000 610.73999023  -999.250000
 564.20000000 619.13000488  -999.250000
 564.40000000 629.26000977  -999.250000
 564.60000000 641.96002197  -999.250000
 564.80000000 652.27001953  -999.250000
 565.00000000 656.05999756  -999.250000
 565.20000000 656.36999512  -999.250000
 565.40000000 655.90002441  -999.250000
 565.60000000 655.50000000  -999.250000
 565.80000000 655.11999512  -999.250000
 566.00000000 654.88000488  -999.250000
 566.20000000 654.28002930  -999.250000
 566.40000000 653.17999268  -999.250000
 566.60000000 651.88000488  -999.250000
 566.80000000 650.35998535  -999.250000
 567.00000000 648.04998779  -999.250000
 567.20000000 644.97998047  -999.250000
 567.40000000 641.88000488  -999.250000
 567.60000000 638.78997803  -999.250000
 567.80000000 637.60998535  -999.250000
 568.00000000 639.34997559  -999.250000
 568.20000000 635.90997314  -999.250000
 568.40000000 623.80999756  -999.250000
 568.60000000 609.78002930  -999.250000
 568.80000000 585.78997803  -999.250000
 569.00000000 564.44000244  -999.250000
 569.20000000 559.98999023  -999.250000
 569.40000000 561.57000732  -999.250000
 569.60000000 564.14001465  -999.250000
 569.80000000 563.45001221  -999.250000
 570.00000000 557.70001221  -999.250000
 570.20000000 547.72998047  -999.250000
 570.40000000 536.38000488  -999.250000
 570.60000000 528.21997070  -999.250000
 570.80000000 523.53997803  -999.250000
 571.00000000 521.75000000  -999.250000
 571.20000000 521.29998779  -999.250000
 571.40000000 521.14001465  -999.250000
 571.60000000 521.54998779  -999.250000
 571.80000000 523.27001953  -999.250000
 572.00000000 526.65002441  -999.250000
 572.20000000 531.08001709  -999.250000
 572.40000000 535.44000244  -999.250000
 572.60000000 540.05999756  -999.250000
 572.80000000 543.89001465  -999.250000
 573.00000000 545.70001221  -999.250000
 573.20000000 547.02001953  -999.250000
 573.40000000 548.47998047  -999.250000
 573.60000000 549.55999756  -999.250000
 573.80000000 550.17999268  -999.250000
 574.00000000 550.46002197  -999.250000
 574.20000000 550.34002686  -999.250000
 574.40000000 550.80999756  -999.250000
 574.60000000 553.02001953  -999.250000
 574.80000000 555.35998535  -999.250000
 575.00000000 555.13000488  -999.250000
 575.20000000 553.54998779  -999.250000
 575.40000000 552.96997070  -999.250000
 575.60000000 553.45001221  -999.250000
 575.80000000 552.89001465  -999.250000
 576.00000000 550.41998291  -999.250000
 576.20000000 548.27001953  -999.250000
 576.40000000 547.78002930  -999.250000
 576.60000000 547.59997559  -999.250000
 576.80000000 547.54998779  -999.250000
 577.00000000 548.44000244  -999.250000
 577.20000000 549.84997559  -999.250000
 577.40000000 550.61999512  -999.250000
 577.60000000 551.75000000  -999.250000
 577.80000000 553.84997559  -999.250000
 578.00000000 555.33001709  -999.250000
 578.20000000 555.34997559  -999.250000
 578.40000000 554.32000732  -999.250000
 578.60000000 553.46997070  -999.250000
 578.80000000 553.52001953  -999.250000
 579.00000000 553.67999268  -999.250000
 579.20000000 553.28002930  -999.250000
 579.40000000 552.38000488  -999.250000
 579.60000000 551.14001465  -999.250000
 579.80000000 550.15002441  -999.250000
 580.00000000 549.91998291  -999.250000
 580.20000000 550.28002930  -999.250000
 580.40000000 550.76000977  -999.250000
 580.60000000 550.96002197  -999.250000
 580.80000000 550.78002930  -999.250000
 581.00000000 550.41998291  -999.250000
 581.20000000 550.40002441  -999.250000
 581.40000000 550.70001221  -999.250000
 581.60000000 551.05999756  -999.250000
 581.80000000 551.09997559  -999.250000
 582.00000000 551.09997559  -999.250000
 582.20000000 551.09997559  -999.250000
 582.40000000 551.09997559  -999.250000
 582.60000000 551.11999512  -999.250000
 582.80000000 551.32000732  -999.250000
 583.00000000 551.84002686  -999.250000
 583.20000000 553.02001953  -999.250000
 583.40000000 554.91998291  -999.250000
 583.60000000 557.15997314  -999.250000
 583.80000000 558.53997803  -999.250000
 584.00000000 558.88000488  -999.250000
 584.20000000 559.00000000  -999.250000
 584.40000000 559.15997314  -999.250000
 584.60000000 559.00000000  -999.250000
 584.80000000 558.82000732  -999.250000
 585.00000000 558.94000244  -999.250000
 585.20000000 559.52001953  -999.250000
 585.40000000 560.38000488  -999.250000
 585.60000000 561.08001709  -999.250000
 585.80000000 561.28002930  -999.250000
 586.00000000 561.00000000  -999.250000
 586.20000000 560.73999023  -999.250000
 586.40000000 561.02001953  -999.250000
 586.60000000 561.65997314  -999.250000
 586.80000000 562.09997559  -999.250000
 587.00000000 562.61999512  -999.250000
 587.20000000 563.55999756  -999.250000
 587.40000000 565.08001709  -999.250000
 587.60000000 566.22998047  -999.250000
 587.80000000 566.35998535  -999.250000
 588.00000000 565.96002197  -999.250000
 588.20000000 565.05999756  -999.250000
 588.40000000 563.84002686  -999.250000
 588.60000000 563.23999023  -999.250000
 588.80000000 563.20001221  -999.250000
 589.00000000 563.20001221  -999.250000
 589.20000000 563.20001221  -999.250000
 589.40000000 563.08001709  -999.250000
 589.60000000 562.44000244  -999.250000
 589.80000000 560.97998047  -999.250000
 590.00000000 559.32000732  -999.250000
 590.20000000 558.11999512  -999.250000
 590.40000000 557.29998779  -999.250000
 590.60000000 556.52001953  -999.250000
 590.80000000 555.65997314  -999.250000
 591.00000000 553.83001709  -999.250000
 591.20000000 550.73999023  -999.250000
 591.40000000 546.63000488  -999.250000
 591.60000000 541.32000732  -999.250000
 591.80000000 536.53002930  -999.250000
 592.00000000 534.21002197  -999.250000
 592.20000000 534.05999756  -999.250000
 592.40000000 535.60998535  -999.250000
 592.60000000 539.53997803  -999.250000
 592.80000000 544.47998047  -999.250000
 593.00000000 549.03002930  -999.250000
 593.20000000 552.34002686  -999.250000
 593.40000000 554.70001221  -999.250000
 593.60000000 556.88000488  -999.250000
 593.80000000 558.64001465  -999.250000
 594.00000000 559.82000732  -999.250000
 594.20000000 561.32000732  -999.250000
 594.40000000 562.71997070  -999.250000
 594.60000000 563.03997803  -999.250000
 594.80000000 562.34002686  -999.250000
 595.00000000 560.38000488  -999.250000
 595.20000000 558.19000244  -999.250000
 595.40000000 557.46002197  -999.250000
 595.60000000 557.84002686  -999.250000
 595.80000000 558.90002441  -999.250000
 596.00000000 560.32000732  -999.250000
 596.20000000 562.05999756  -999.250000
 596.40000000 564.34002686  -999.250000
 596.60000000 566.69000244  -999.250000
 596.80000000 567.11999512  -999.250000
 597.00000000 565.96002197  -999.250000
 597.20000000 564.11999512  -999.250000
 597.40000000 562.14001465  -999.250000
 597.60000000 559.44000244  -999.250000
 597.80000000 556.47998047  -999.250000
 598.00000000 554.88000488  -999.250000
 598.20000000 554.58001709  -999.250000
 598.40000000 554.26000977  -999.250000
 598.60000000 553.15997314  -999.250000
 598.80000000 551.35998535  -999.250000
 599.00000000 550.63000488  -999.250000
 599.20000000 552.58001709  -999.250000
 599.40000000 555.78997803  -999.250000
 599.60000000 557.11999512  -999.250000
 599.80000000 556.41998291  -999.250000
 600.00000000 553.96002197  -999.250000
 600.20000000 550.61999512  -999.250000
 600.40000000 547.76000977  -999.250000
 600.60000000 546.17999268  -999.250000
 600.80000000 546.23999023  -999.250000
 601.00000000 547.47998047  -999.250000
 601.20000000 548.61999512  -999.250000
 601.40000000 548.44000244  -999.250000
 601.60000000 547.40002441  -999.250000
 601.80000000 546.29998779  -999.250000
 602.00000000 545.28002930  -999.250000
 602.20000000 543.59997559  -999.250000
 602.40000000 532.51000977  -999.250000
 602.60000000 504.29998779  -999.250000
 602.80000000 480.32000732  -999.250000
 603.00000000 472.76998901  -999.250000
 603.20000000 472.36999512  -999.250000
 603.40000000 476.60000610  -999.250000
 603.60000000 487.83999634  -999.250000
 603.80000000 502.77999878  -999.250000
 604.00000000 517.29998779  -999.250000
 604.20000000 523.90997314  -999.250000
 604.40000000 526.46997070  -999.250000
 604.60000000 531.35998535  -999.250000
 604.80000000 535.42999268  -999.250000
 605.00000000 534.65002441  -999.250000
 605.20000000 530.90002441  -999.250000
 605.40000000 527.44000244  -999.250000
 605.60000000 526.35998535  -999.250000
 605.80000000 527.02001953  -999.250000
 606.00000000 530.15997314  -999.250000
 606.20000000 536.58001709  -999.250000
 606.40000000 544.78002930  -999.250000
 606.60000000 552.61999512  -999.250000
 606.80000000 559.23999023  -999.250000
 607.00000000 566.02001953  -999.250000
 607.20000000 572.51000977  -999.250000
 607.40000000 575.21002197  -999.250000
 607.60000000 571.75000000  -999.250000
 607.80000000 561.90002441  -999.250000
 608.00000000 551.92999268  -999.250000
 608.20000000 547.35998535  -999.250000
 608.40000000 543.95001221  -999.250000
 608.60000000 536.09997559  -999.250000
 608.80000000 524.38000488  -999.250000
 609.00000000 512.72998047  -999.250000
 609.20000000 505.42999268  -999.250000
 609.40000000 502.22000122  -999.250000
 609.60000000 500.10000610  -999.250000
 609.80000000 499.38000488  -999.250000
 610.00000000 500.32000732  -999.250000
 610.20000000 503.39999390  -999.250000
 610.40000000 506.61999512  -999.250000
 610.60000000 508.66000366  -999.250000
 610.80000000 511.54000854  -999.250000
 611.00000000 516.61999512  -999.250000
 611.20000000 524.11999512  -999.250000
 611.40000000 534.05999756  -999.250000
 611.60000000 543.50000000  -999.250000
 611.80000000 548.66998291  -999.250000
 612.00000000 547.73999023  -999.250000
 612.20000000 542.38000488  -999.250000
 612.40000000 538.47998047  -999.250000
 612.60000000 539.82000732  -999.250000
 612.80000000 545.03997803  -999.250000
 613.00000000 551.28002930  -999.250000
 613.20000000 557.15997314  -999.250000
 613.40000000 562.59997559  -999.250000
 613.60000000 569.03997803  -999.250000
 613.80000000 578.61999512  -999.250000
 614.00000000 589.53997803  -999.250000
 614.20000000 599.65997314  -999.250000
 614.40000000 602.97998047  -999.250000
 614.60000000 601.32000732  -999.250000
 614.80000000 594.28002930  -999.250000
 615.00000000 581.15997314  -999.250000
 615.20000000 571.58001709  -999.250000
 615.40000000 568.53997803  -999.250000
 615.60000000 567.00000000  -999.250000
 615.80000000 563.40002441  -999.250000
 616.00000000 556.97998047  -999.250000
 616.20000000 552.91998291  -999.250000
 616.40000000 551.46002197  -999.250000
 616.60000000 549.79998779  -999.250000
 616.80000000 548.23999023  -999.250000
 617.00000000 548.91998291  -999.250000
 617.20000000 551.58001709  -999.250000
 617.40000000 553.85998535  -999.250000
 617.60000000 554.94000244  -999.250000
 617.80000000 554.58001709  -999.250000
 618.00000000 551.91998291  -999.250000
 618.20000000 548.00000000  -999.250000
 618.40000000 545.59997559  -999.250000
 618.60000000 545.02001953  -999.250000
 618.80000000 545.14001465  -999.250000
 619.00000000 545.84002686  -999.250000
 619.20000000 547.09997559  -999.250000
 619.40000000 548.29998779  -999.250000
 619.60000000 549.67999268  -999.250000
 619.80000000 552.61999512  -999.250000
 620.00000000 555.91998291  -999.250000
 620.20000000 556.82000732  -999.250000
 620.40000000 556.02001953  -999.250000
 620.60000000 555.26000977  -999.250000
 620.80000000 555.29998779  -999.250000
 621.00000000 555.35998535  -999.250000
 621.20000000 554.85998535  -999.250000
 621.40000000 553.76000977  -999.250000
 621.60000000 552.21997070  -999.250000
 621.80000000 551.05999756  -999.250000
 622.00000000 550.85998535  -999.250000
 622.20000000 551.41998291  -999.250000
 622.40000000 552.50000000  -999.250000
 622.60000000 555.38000488  -999.250000
 622.80000000 558.85998535  -999.250000
 623.00000000 558.09997559  -999.250000
 623.20000000 553.96002197  -999.250000
 623.40000000 551.67999268  -999.250000
 623.60000000 551.34002686  -999.250000
 623.80000000 551.59997559  -999.250000
 624.00000000 552.05999756  -999.250000
 624.20000000 553.96002197  -999.250000
 624.40000000 556.38000488  -999.250000
 624.60000000 555.09997559  -999.250000
 624.80000000 550.58001709  -999.250000
 625.00000000 547.78002930  -999.250000
 625.20000000 551.09002686  -999.250000
 625.40000000 562.90002441  -999.250000
 625.60000000 576.71997070  -999.250000
 625.80000000 584.50000000  -999.250000
 626.00000000 588.73999023  -999.250000
 626.20000000 594.55999756  -999.250000
 626.40000000 599.46997070  -999.250000
 626.60000000 598.71002197  -999.250000
 626.80000000 590.78997803  -999.250000
 627.00000000 577.70001221  -999.250000
 627.20000000 566.16998291  -999.250000
 627.40000000 560.65997314  -999.250000
 627.60000000 558.50000000  -999.250000
 627.80000000 556.97998047  -999.250000
 628.00000000 556.67999268  -999.250000
 628.20000000 557.41998291  -999.250000
 628.40000000 558.05999756  -999.250000
 628.60000000 558.08001709  -999.250000
 628.80000000 557.88000488  -999.250000
 629.00000000 556.96002197  -999.250000
 629.20000000 553.73999023  -999.250000
 629.40000000 549.73999023  -999.250000
 629.60000000 548.03997803  -999.250000
 629.80000000 548.52001953  -999.250000
 630.00000000 549.53997803  -999.250000
 630.20000000 551.46002197  -999.250000
 630.40000000 555.58001709  -999.250000
 630.60000000 559.41998291  -999.250000
 630.80000000 560.64001465  -999.250000
 631.00000000 560.94000244  -999.250000
 631.20000000 561.96002197  -999.250000
 631.40000000 563.73999023  -999.250000
 631.60000000 565.91998291  -999.250000
 631.80000000 568.29998779  -999.250000
 632.00000000 570.35998535  -999.250000
 632.20000000 571.23999023  -999.250000
 632.40000000 570.73999023  -999.250000
 632.60000000 569.05999756  -999.250000
 632.80000000 566.71997070  -999.250000
 633.00000000 564.29998779  -999.250000
 633.20000000 561.52001953  -999.250000
 633.40000000 559.40002441  -999.250000
 633.60000000 559.52001953  -999.250000
 633.80000000 562.00000000  -999.250000
 634.00000000 565.85998535  -999.250000
 634.20000000 568.84002686  -999.250000
 634.40000000 569.40002441  -999.250000
 634.60000000 568.17999268  -999.250000
 634.80000000 566.35998535  -999.250000
 635.00000000 565.15997314  -999.250000
 635.20000000 565.02001953  -999.250000
 635.40000000 565.40002441  -999.250000
 635.60000000 565.67999268  -999.250000
 635.80000000 565.61999512  -999.250000
 636.00000000 565.61999512  -999.250000
 636.20000000 565.76000977  -999.250000
 636.40000000 565.34002686  -999.250000
 636.60000000 563.47998047  -999.250000
 636.80000000 559.29998779  -999.250000
 637.00000000 553.55999756  -999.250000
 637.20000000 548.89001465  -999.250000
 637.40000000 547.11999512  -999.250000
 637.60000000 547.32000732  -999.250000
 637.80000000 547.82000732  -999.250000
 638.00000000 548.84002686  -999.250000
 638.20000000 550.65997314  -999.250000
 638.40000000 551.97998047  -999.250000
 638.60000000 552.85998535  -999.250000
 638.80000000 554.20001221  -999.250000
 639.00000000 555.32000732  -999.250000
 639.20000000 555.14001465  -999.250000
 639.40000000 553.65997314  -999.250000
 639.60000000 551.84002686  -999.250000
 639.80000000 551.91998291  -999.250000
 640.00000000 553.67999268  -999.250000
 640.20000000 555.20001221  -999.250000
 640.40000000 556.55999756  -999.250000
 640.60000000 558.58001709  -999.250000
 640.80000000 560.05999756  -999.250000
 641.00000000 560.59997559  -999.250000
 641.20000000 561.00000000  -999.250000
 641.40000000 561.20001221  -999.250000
 641.60000000 560.97998047  -999.250000
 641.80000000 560.20001221  -999.250000
 642.00000000 559.34002686  -999.250000
 642.20000000 559.14001465  -999.250000
 642.40000000 560.05999756  -999.250000
 642.60000000 562.32000732  -999.250000
 642.80000000 564.91998291  -999.250000
 643.00000000 566.34002686  -999.250000
 643.20000000 566.70001221  -999.250000
 643.40000000 567.03997803  -999.250000
 643.60000000 567.79998779  -999.250000
 643.80000000 568.40002441  -999.250000
 644.00000000 569.02001953  -999.250000
 644.20000000 570.34002686  -999.250000
 644.40000000 572.59997559  -999.250000
 644.60000000 574.70001221  -999.250000
 644.80000000 574.75000000  -999.250000
 645.00000000 572.00000000  -999.250000
 645.20000000 567.05999756  -999.250000
 645.40000000 561.14001465  -999.250000
 645.60000000 555.79998779  -999.250000
 645.80000000 552.17999268  -999.250000
 646.00000000 550.41998291  -999.250000
 646.20000000 551.07000732  -999.250000
 646.40000000 554.52001953  -999.250000
 646.60000000 560.26000977  -999.250000
 646.80000000 565.91998291  -999.250000
 647.00000000 570.41998291  -999.250000
 647.20000000 575.28002930  -999.250000
 647.40000000 580.65002441  -999.250000
 647.60000000 583.70001221  -999.250000
 647.80000000 584.76000977  -999.250000
 648.00000000 584.45001221  -999.250000
 648.20000000 580.71002197  -999.250000
 648.40000000 571.94000244  -999.250000
 648.60000000 561.73999023  -999.250000
 648.80000000 553.84002686  -999.250000
 649.00000000 547.46002197  -999.250000
 649.20000000 542.80999756  -999.250000
 649.40000000 541.58001709  -999.250000
 649.60000000 542.35998535  -999.250000
 649.80000000 542.90002441  -999.250000
 650.00000000 542.40002441  -999.250000
 650.20000000 541.97998047  -999.250000
 650.40000000 541.04998779  -999.250000
 650.60000000 537.59997559  -999.250000
 650.80000000 532.95001221  -999.250000
 651.00000000 531.98999023  -999.250000
 651.20000000 534.40002441  -999.250000
 651.40000000 537.15997314  -999.250000
 651.60000000 539.70001221  -999.250000
 651.80000000 543.61999512  -999.250000
 652.00000000 547.75000000  -999.250000
 652.20000000 549.54998779  -999.250000
 652.40000000 548.41998291  -999.250000
 652.60000000 545.29998779  -999.250000
 652.80000000 541.94000244  -999.250000
 653.00000000 539.09997559  -999.250000
 653.20000000 536.20001221  -999.250000
 653.40000000 533.17999268  -999.250000
 653.60000000 530.17999268  -999.250000
 653.80000000 528.03997803  -999.250000
 654.00000000 526.38000488  -999.250000
 654.20000000 524.41998291  -999.250000
 654.40000000 522.72998047  -999.250000
 654.60000000 523.03002930  -999.250000
 654.80000000 525.40002441  -999.250000
 655.00000000 527.86999512  -999.250000
 655.20000000 528.71997070  -999.250000
 655.40000000 528.26000977  -999.250000
 655.60000000 527.50000000  -999.250000
 655.80000000 526.64001465  -999.250000
 656.00000000 525.00000000  -999.250000
 656.20000000 523.61999512  -999.250000
 656.40000000 522.96002197  -999.250000
 656.60000000 521.72998047  -999.250000
 656.80000000 518.11999512  -999.250000
 657.00000000 512.94000244  -999.250000
 657.20000000 505.77999878  -999.250000
 657.40000000 493.25000000  -999.250000
 657.60000000 478.33999634  -999.250000
 657.80000000 469.01998901  -999.250000
 658.00000000 466.73001099  -999.250000
 658.20000000 468.23999023  -999.250000
 658.40000000 477.73001099  -999.250000
 658.60000000 495.04998779  -999.250000
 658.80000000 508.94000244  -999.250000
 659.00000000 517.51000977  -999.250000
 659.20000000 528.33001709  -999.250000
 659.40000000 541.01000977  -999.250000
 659.60000000 550.40002441  -999.250000
 659.80000000 555.20001221  -999.250000
 660.00000000 559.21997070  -999.250000
 660.20000000 563.76000977  -999.250000
 660.40000000 569.09997559  -999.250000
 660.60000000 574.04998779  -999.250000
 660.80000000 576.13000488  -999.250000
 661.00000000 574.48999023  -999.250000
 661.20000000 569.71997070  -999.250000
 661.40000000 565.19000244  -999.250000
 661.60000000 562.05999756  -999.250000
 661.80000000 558.55999756  -999.250000
 662.00000000 554.35998535  -999.250000
 662.20000000 551.03002930  -999.250000
 662.40000000 549.26000977  -999.250000
 662.60000000 547.05999756  -999.250000
 662.80000000 543.78002930  -999.250000
 663.00000000 539.69000244  -999.250000
 663.20000000 534.38000488  -999.250000
 663.40000000 529.13000488  -999.250000
 663.60000000 525.23999023  -999.250000
 663.80000000 521.02001953  -999.250000
 664.00000000 517.65002441  -999.250000
 664.20000000 516.55999756  -999.250000
 664.40000000 514.82000732  -999.250000
 664.60000000 509.23999023  -999.250000
 664.80000000 502.20999146  -999.250000
 665.00000000 497.02999878  -999.250000
 665.20000000 494.29998779  -999.250000
 665.40000000 491.91000366  -999.250000
 665.60000000 488.26000977  -999.250000
 665.80000000 483.66000366  -999.250000
 666.00000000 478.29998779  -999.250000
 666.20000000 472.98999023  -999.250000
 666.40000000 468.88000488  -999.250000
 666.60000000 464.47000122  -999.250000
 666.80000000 458.33999634  -999.250000
 667.00000000 453.07000732  -999.250000
 667.20000000 450.72000122  -999.250000
 667.40000000 449.57000732  -999.250000
 667.60000000 449.98001099  -999.250000
 667.80000000 455.00000000  -999.250000
 668.00000000 461.91000366  -999.250000
 668.20000000 463.47000122  -999.250000
 668.40000000 462.57998657  -999.250000
 668.60000000 465.54000854  -999.250000
 668.80000000 471.86999512  -999.250000
 669.00000000 477.57000732  -999.250000
 669.20000000 486.58999634  -999.250000
 669.40000000 501.72000122  -999.250000
 669.60000000 517.50000000  -999.250000
 669.80000000 528.15002441  -999.250000
 670.00000000 533.59002686  -999.250000
 670.20000000 538.96997070  -999.250000
 670.40000000 542.01000977  -999.250000
 670.60000000 538.90002441  -999.250000
 670.80000000 532.32000732  -999.250000
 671.00000000 525.28997803  -999.250000
 671.20000000 515.65002441  -999.250000
 671.40000000 501.98999023  -999.250000
 671.60000000 493.42001343  -999.250000
 671.80000000 492.07000732  -999.250000
 672.00000000 492.48999023  -999.250000
 672.20000000 491.57998657  -999.250000
 672.40000000 489.63000488  -999.250000
 672.60000000 485.41000366  -999.250000
 672.80000000 477.20999146  -999.250000
 673.00000000 470.85000610  -999.250000
 673.20000000 473.95001221  -999.250000
 673.40000000 488.76998901  -999.250000
 673.60000000 506.48999023  -999.250000
 673.80000000 516.82000732  -999.250000
 674.00000000 519.36999512  -999.250000
 674.20000000 518.96002197  -999.250000
 674.40000000 517.66998291  -999.250000
 674.60000000 514.79998779  -999.250000
 674.80000000 512.21997070  -999.250000
 675.00000000 512.88000488  -999.250000
 675.20000000 515.96997070  -999.250000
 675.40000000 517.71997070  -999.250000
 675.60000000 517.05999756  -999.250000
 675.80000000 515.51000977  -999.250000
 676.00000000 515.28997803  -999.250000
 676.20000000 516.82000732  -999.250000
 676.40000000 518.29998779  -999.250000
 676.60000000 516.72998047  -999.250000
 676.80000000 511.79000854  -999.250000
 677.00000000 507.82000732  -999.250000
 677.20000000 506.97000122  -999.250000
 677.40000000 507.32998657  -999.250000
 677.60000000 506.82000732  -999.250000
 677.80000000 503.85000610  -999.250000
 678.00000000 500.64001465  -999.250000
 678.20000000 500.61999512  -999.250000
 678.40000000 501.07998657  -999.250000
 678.60000000 498.27999878  -999.250000
 678.80000000 492.60998535  -999.250000
 679.00000000 488.86999512  -999.250000
 679.20000000 489.23999023  -999.250000
 679.40000000 490.79998779  -999.250000
 679.60000000 492.17001343  -999.250000
 679.80000000 490.60000610  -999.250000
 680.00000000 484.01000977  -999.250000
 680.20000000 481.01998901  -999.250000
 680.40000000 484.02999878  -999.250000
 680.60000000 486.80999756  -999.250000
 680.80000000 488.04000854  -999.250000
 681.00000000 489.26000977  -999.250000
 681.20000000 489.76000977  -999.250000
 681.40000000 489.57998657  -999.250000
 681.60000000 488.89001465  -999.250000
 681.80000000 486.63000488  -999.250000
 682.00000000 483.95999146  -999.250000
 682.20000000 483.47000122  -999.250000
 682.40000000 483.92999268  -999.250000
 682.60000000 483.70001221  -999.250000
 682.80000000 483.54000854  -999.250000
 683.00000000 484.14001465  -999.250000
 683.20000000 485.48001099  -999.250000
 683.40000000 486.57998657  -999.250000
 683.60000000 487.30999756  -999.250000
 683.80000000 489.54000854  -999.250000
 684.00000000 493.48001099  -999.250000
 684.20000000 497.23001099  -999.250000
 684.40000000 499.70999146  -999.250000
 684.60000000 500.42999268  -999.250000
 684.80000000 499.70001221  -999.250000
 685.00000000 498.76998901  -999.250000
 685.20000000 498.52999878  -999.250000
 685.40000000 497.29000854  -999.250000
 685.60000000 494.32000732  -999.250000
 685.80000000 491.44000244  -999.250000
 686.00000000 489.42001343  -999.250000
 686.20000000 487.97000122  -999.250000
 686.40000000 487.35000610  -999.250000
 686.60000000 487.58999634  -999.250000
 686.80000000 489.29000854  -999.250000
 687.00000000 491.97000122  -999.250000
 687.20000000 492.70001221  -999.250000
 687.40000000 490.45001221  -999.250000
 687.60000000 487.66000366  -999.250000
 687.80000000 487.26000977  -999.250000
 688.00000000 490.00000000  -999.250000
 688.20000000 495.79998779  -999.250000
 688.40000000 501.35000610  -999.250000
 688.60000000 503.11999512  -999.250000
 688.80000000 501.63000488  -999.250000
 689.00000000 498.97000122  -999.250000
 689.20000000 497.26998901  -999.250000
 689.40000000 497.04998779  -999.250000
 689.60000000 497.97000122  -999.250000
 689.80000000 499.80999756  -999.250000
 690.00000000 500.17999268  -999.250000
 690.20000000 495.72000122  -999.250000
 690.40000000 488.48999023  -999.250000
 690.60000000 485.16000366  -999.250000
 690.80000000 487.54000854  -999.250000
 691.00000000 492.16000366  -999.250000
 691.20000000 494.54998779  -999.250000
 691.40000000 493.35000610  -999.250000
 691.60000000 491.30999756  -999.250000
 691.80000000 490.72000122  -999.250000
 692.00000000 490.88000488  -999.250000
 692.20000000 491.04998779  -999.250000
 692.40000000 492.01000977  -999.250000
 692.60000000 494.58999634  -999.250000
 692.80000000 497.95999146  -999.250000
 693.00000000 498.97000122  -999.250000
 693.20000000 496.35998535  -999.250000
 693.40000000 492.17001343  -999.250000
 693.60000000 488.97000122  -999.250000
 693.80000000 486.70001221  -999.250000
 694.00000000 484.67001343  -999.250000
 694.20000000 483.94000244  -999.250000
 694.40000000 485.80999756  -999.250000
 694.60000000 489.14001465  -999.250000
 694.80000000 490.44000244  -999.250000
 695.00000000 488.72000122  -999.250000
 695.20000000 484.08999634  -999.250000
 695.40000000 480.72000122  -999.250000
 695.60000000 482.29998779  -999.250000
 695.80000000 487.02999878  -999.250000
 696.00000000 490.64001465  -999.250000
 696.20000000 491.72000122  -999.250000
 696.40000000 494.29998779  -999.250000
 696.60000000 507.76000977  -999.250000
 696.80000000 530.14001465  -999.250000
 697.00000000 548.60998535  -999.250000
 697.20000000 558.90997314  -999.250000
 697.40000000 553.84002686  -999.250000
 697.60000000 532.65997314  -999.250000
 697.80000000 517.09997559  -999.250000
 698.00000000 515.96997070  -999.250000
 698.20000000 517.46002197  -999.250000
 698.40000000 516.80999756  -999.250000
 698.60000000 515.17999268  -999.250000
 698.80000000 515.89001465  -999.250000
 699.00000000 518.13000488  -999.250000
 699.20000000 519.84997559  -999.250000
 699.40000000 520.25000000  -999.250000
 699.60000000 516.42999268  -999.250000
 699.80000000 508.83999634  -999.250000
 700.00000000 502.32000732  -999.250000
 700.20000000 495.35998535  -999.250000
 700.40000000 484.92001343  -999.250000
 700.60000000 479.89999390  -999.250000
 700.80000000 487.10000610  -999.250000
 701.00000000 498.23001099  -999.250000
 701.20000000 501.67999268  -999.250000
 701.40000000 499.58999634  -999.250000
 701.60000000 498.60998535  -999.250000
 701.80000000 500.86999512  -999.250000
 702.00000000 503.69000244  -999.250000
 702.20000000 503.77999878  -999.250000
 702.40000000 503.00000000  -999.250000
 702.60000000 501.61999512  -999.250000
 702.80000000 498.04998779  -999.250000
 703.00000000 495.17999268  -999.250000
 703.20000000 494.54998779  -999.250000
 703.40000000 493.95001221  -999.250000
 703.60000000 494.45001221  -999.250000
 703.80000000 500.57998657  -999.250000
 704.00000000 507.76000977  -999.250000
 704.20000000 504.41000366  -999.250000
 704.40000000 499.42999268  -999.250000
 704.60000000 494.66000366  -999.250000
 704.80000000 492.17999268  -999.250000
 705.00000000 494.41000366  -999.250000
 705.20000000 498.85000610  -999.250000
 705.40000000 499.08999634  -999.250000
 705.60000000 495.51000977  -999.250000
 705.80000000 490.04998779  -999.250000
 706.00000000 484.23001099  -999.250000
 706.20000000 482.04998779  -999.250000
 706.40000000 485.57998657  -999.250000
 706.60000000 493.10000610  -999.250000
 706.80000000 500.22000122  -999.250000
 707.00000000 502.73001099  -999.250000
 707.20000000 498.60998535  -999.250000
 707.40000000 488.83999634  -999.250000
 707.60000000 481.72000122  -999.250000
 707.80000000 486.14001465  -999.250000
 708.00000000 501.61999512  -999.250000
 708.20000000 521.90997314  -999.250000
 708.40000000 546.40997314  -999.250000
 708.60000000 559.01000977  -999.250000
 708.80000000 548.36999512  -999.250000
 709.00000000 524.94000244  -999.250000
 709.20000000 511.20999146  -999.250000
 709.40000000 511.69000244  -999.250000
 709.60000000 514.98999023  -999.250000
 709.80000000 515.98999023  -999.250000
 710.00000000 517.54998779  -999.250000
 710.20000000 519.92999268  -999.250000
 710.40000000 521.58001709  -999.250000
 710.60000000 522.65002441  -999.250000
 710.80000000 524.00000000  -999.250000
 711.00000000 524.95001221  -999.250000
 711.20000000 525.19000244  -999.250000
 711.40000000 526.44000244  -999.250000
 711.60000000 529.59997559  -999.250000
 711.80000000 532.80999756  -999.250000
 712.00000000 533.65997314  -999.250000
 712.20000000 532.50000000  -999.250000
 712.40000000 531.53997803  -999.250000
 712.60000000 532.61999512  -999.250000
 712.80000000 535.25000000  -999.250000
 713.00000000 537.14001465  -999.250000
 713.20000000 536.80999756  -999.250000
 713.40000000 535.20001221  -999.250000
 713.60000000 533.22998047  -999.250000
 713.80000000 530.28002930  -999.250000
 714.00000000 526.95001221  -999.250000
 714.20000000 524.40002441  -999.250000
 714.40000000 522.27001953  -999.250000
 714.60000000 520.84997559  -999.250000
 714.80000000 520.21997070  -999.250000
 715.00000000 520.17999268  -999.250000
 715.20000000 520.15002441  -999.250000
 715.40000000 519.70001221  -999.250000
 715.60000000 519.11999512  -999.250000
 715.80000000 518.65002441  -999.250000
 716.00000000 517.60998535  -999.250000
 716.20000000 514.36999512  -999.250000
 716.40000000 506.20001221  -999.250000
 716.60000000 494.44000244  -999.250000
 716.80000000 486.20001221  -999.250000
 717.00000000 484.23999023  -999.250000
 717.20000000 485.02999878  -999.250000
 717.40000000 484.64001465  -999.250000
 717.60000000 482.17001343  -999.250000
 717.80000000 480.26998901  -999.250000
 718.00000000 479.32000732  -999.250000
 718.20000000 479.08999634  -999.250000
 718.40000000 479.88000488  -999.250000
 718.60000000 480.39999390  -999.250000
 718.80000000 480.82000732  -999.250000
 719.00000000 482.83999634  -999.250000
 719.20000000 487.67001343  -999.250000
 719.40000000 493.75000000  -999.250000
 719.60000000 498.47000122  -999.250000
 719.80000000 497.70001221  -999.250000
 720.00000000 489.51000977  -999.250000
 720.20000000 480.07000732  -999.250000
 720.40000000 476.98001099  -999.250000
 720.60000000 480.16000366  -999.250000
 720.80000000 486.98001099  -999.250000
 721.00000000 493.57998657  -999.250000
 721.20000000 498.17999268  -999.250000
 721.40000000 503.67001343  -999.250000
 721.60000000 516.61999512  -999.250000
 721.80000000 528.89001465  -999.250000
 722.00000000 526.11999512  -999.250000
 722.20000000 510.92999268  -999.250000
 722.40000000 492.63000488  -999.250000
 722.60000000 479.95999146  -999.250000
 722.80000000 477.77999878  -999.250000
 723.00000000 480.39001465  -999.250000
 723.20000000 480.61999512  -999.250000
 723.40000000 477.32000732  -999.250000
 723.60000000 475.75000000  -999.250000
 723.80000000 480.69000244  -999.250000
 724.00000000 489.29998779  -999.250000
 724.20000000 493.07000732  -999.250000
 724.40000000 492.48999023  -999.250000
 724.60000000 493.13000488  -999.250000
 724.80000000 493.08999634  -999.250000
 725.00000000 490.35000610  -999.250000
 725.20000000 488.57998657  -999.250000
 725.40000000 491.67001343  -999.250000
 725.60000000 497.57998657  -999.250000
 725.80000000 508.14999390  -999.250000
 726.00000000 519.79998779  -999.250000
 726.20000000 525.40997314  -999.250000
 726.40000000 519.86999512  -999.250000
 726.60000000 497.89001465  -999.250000
 726.80000000 476.39999390  -999.250000
 727.00000000 466.83999634  -999.250000
 727.20000000 461.51000977  -999.250000
 727.40000000 461.51998901  -999.250000
 727.60000000 470.76000977  -999.250000
 727.80000000 484.54998779  -999.250000
 728.00000000 492.95999146  -999.250000
 728.20000000 496.98001099  -999.250000
 728.40000000 498.73001099  -999.250000
 728.60000000 498.02999878  -999.250000
 728.80000000 495.82998657  -999.250000
 729.00000000 492.79998779  -999.250000
 729.20000000 490.22000122  -999.250000
 729.40000000 489.32000732  -999.250000
 729.60000000 489.60000610  -999.250000
 729.80000000 491.76998901  -999.250000
 730.00000000 496.02999878  -999.250000
 730.20000000 499.41000366  -999.250000
 730.40000000 500.23001099  -999.250000
 730.60000000 499.82000732  -999.250000
 730.80000000 499.50000000  -999.250000
 731.00000000 499.29998779  -999.250000
 731.20000000 499.22000122  -999.250000
 731.40000000 499.35000610  -999.250000
 731.60000000 498.70001221  -999.250000
 731.80000000 496.85000610  -999.250000
 732.00000000 495.36999512  -999.250000
 732.20000000 494.60000610  -999.250000
 732.40000000 492.85000610  -999.250000
 732.60000000 490.42001343  -999.250000
 732.80000000 489.36999512  -999.250000
 733.00000000 489.64999390  -999.250000
 733.20000000 490.17999268  -999.250000
 733.40000000 490.25000000  -999.250000
 733.60000000 490.04998779  -999.250000
 733.80000000 490.61999512  -999.250000
 734.00000000 492.60000610  -999.250000
 734.20000000 494.85000610  -999.250000
 734.40000000 496.32998657  -999.250000
 734.60000000 496.55999756  -999.250000
 734.80000000 494.70001221  -999.250000
 735.00000000 491.61999512  -999.250000
 735.20000000 490.29000854  -999.250000
 735.40000000 491.50000000  -999.250000
 735.60000000 492.63000488  -999.250000
 735.80000000 491.70001221  -999.250000
 736.00000000 490.51998901  -999.250000
 736.20000000 490.79998779  -999.250000
 736.40000000 491.20001221  -999.250000
 736.60000000 490.23001099  -999.250000
 736.80000000 488.32000732  -999.250000
 737.00000000 487.01998901  -999.250000
 737.20000000 489.27999878  -999.250000
 737.40000000 496.63000488  -999.250000
 737.60000000 503.10998535  -999.250000
 737.80000000 504.17999268  -999.250000
 738.00000000 501.42999268  -999.250000
 738.20000000 497.07000732  -999.250000
 738.40000000 493.69000244  -999.250000
 738.60000000 494.32000732  -999.250000
 738.80000000 497.82998657  -999.250000
 739.00000000 499.42999268  -999.250000
 739.20000000 498.47000122  -999.250000
 739.40000000 499.42999268  -999.250000
 739.60000000 507.02999878  -999.250000
 739.80000000 512.53002930  -999.250000
 740.00000000 505.76000977  -999.250000
 740.20000000 494.98001099  -999.250000
 740.40000000 490.26998901  -999.250000
 740.60000000 490.57000732  -999.250000
 740.80000000 492.27999878  -999.250000
 741.00000000 493.35000610  -999.250000
 741.20000000 492.85000610  -999.250000
 741.40000000 491.70001221  -999.250000
 741.60000000 491.01998901  -999.250000
 741.80000000 492.26998901  -999.250000
 742.00000000 495.82000732  -999.250000
 742.20000000 499.89999390  -999.250000
 742.40000000 502.64999390  -999.250000
 742.60000000 503.45001221  -999.250000
 742.80000000 503.35000610  -999.250000
 743.00000000 503.70001221  -999.250000
 743.20000000 503.32998657  -999.250000
 743.40000000 498.76000977  -999.250000
 743.60000000 490.08999634  -999.250000
 743.80000000 485.02999878  -999.250000
 744.00000000 487.89001465  -999.250000
 744.20000000 497.26998901  -999.250000
 744.40000000 509.83999634  -999.250000
 744.60000000 516.28002930  -999.250000
 744.80000000 510.64001465  -999.250000
 745.00000000 495.64999390  -999.250000
 745.20000000 482.39999390  -999.250000
 745.40000000 480.35998535  -999.250000
 745.60000000 489.14001465  -999.250000
 745.80000000 502.39001465  -999.250000
 746.00000000 508.98999023  -999.250000
 746.20000000 505.95999146  -999.250000
 746.40000000 497.60000610  -999.250000
 746.60000000 491.13000488  -999.250000
 746.80000000 494.01000977  -999.250000
 747.00000000 504.64001465  -999.250000
 747.20000000 509.29998779  -999.250000
 747.40000000 502.17001343  -999.250000
 747.60000000 495.82000732  -999.250000
 747.80000000 501.69000244  -999.250000
 748.00000000 513.48999023  -999.250000
 748.20000000 517.07000732  -999.250000
 748.40000000 510.85998535  -999.250000
 748.60000000 501.60998535  -999.250000
 748.80000000 499.64999390  -999.250000
 749.00000000 512.51000977  -999.250000
 749.20000000 529.60998535  -999.250000
 749.40000000 528.50000000  -999.250000
 749.60000000 512.96997070  -999.250000
 749.80000000 498.10998535  -999.250000
 750.00000000 490.73999023  -999.250000
 750.20000000 491.51998901  -999.250000
 750.40000000 497.07998657  -999.250000
 750.60000000 500.66000366  -999.250000
 750.80000000 497.35000610  -999.250000
 751.00000000 491.51998901  -999.250000
 751.20000000 488.48999023  -999.250000
 751.40000000 488.76998901  -999.250000
 751.60000000 491.25000000  -999.250000
 751.80000000 493.20001221  -999.250000
 752.00000000 493.45001221  -999.250000
 752.20000000 492.60000610  -999.250000
 752.40000000 490.70001221  -999.250000
 752.60000000 488.92001343  -999.250000
 752.80000000 488.64999390  -999.250000
 753.00000000 489.32000732  -999.250000
 753.20000000 490.54998779  -999.250000
 753.40000000 492.23001099  -999.250000
 753.60000000 493.23001099  -999.250000
 753.80000000 493.39999390  -999.250000
 754.00000000 493.42001343  -999.250000
 754.20000000 493.54998779  -999.250000
 754.40000000 492.45999146  -999.250000
 754.60000000 487.88000488  -999.250000
 754.80000000 482.07000732  -999.250000
 755.00000000 481.08999634  -999.250000
 755.20000000 485.54998779  -999.250000
 755.40000000 489.63000488  -999.250000
 755.60000000 490.35000610  -999.250000
 755.80000000 491.69000244  -999.250000
 756.00000000 497.29998779  -999.250000
 756.20000000 503.51000977  -999.250000
 756.40000000 502.69000244  -999.250000
 756.60000000 494.75000000  -999.250000
 756.80000000 488.35998535  -999.250000
 757.00000000 489.61999512  -999.250000
 757.20000000 496.35000610  -999.250000
 757.40000000 501.23999023  -999.250000
 757.60000000 499.16000366  -999.250000
 757.80000000 492.33999634  -999.250000
 758.00000000 488.58999634  -999.250000
 758.20000000 490.57000732  -999.250000
 758.40000000 494.20001221  -999.250000
 758.60000000 496.79998779  -999.250000
 758.80000000 499.10000610  -999.250000
 759.00000000 501.14999390  -999.250000
 759.20000000 501.73001099  -999.250000
 759.40000000 501.14999390  -999.250000
 759.60000000 499.77999878  -999.250000
 759.80000000 497.92001343  -999.250000
 760.00000000 496.11999512  -999.250000
 760.20000000 494.86999512  -999.250000
 760.40000000 494.72000122  -999.250000
 760.60000000 496.10000610  -999.250000
 760.80000000 498.75000000  -999.250000
 761.00000000 500.88000488  -999.250000
 761.20000000 501.25000000  -999.250000
 761.40000000 500.42001343  -999.250000
 761.60000000 499.64999390  -999.250000
 761.80000000 499.23001099  -999.250000
 762.00000000 497.77999878  -999.250000
 762.20000000 495.32000732  -999.250000
 762.40000000 494.45001221  -999.250000
 762.60000000 496.32000732  -999.250000
 762.80000000 501.36999512  -999.250000
 763.00000000 506.67999268  -999.250000
 763.20000000 506.55999756  -999.250000
 763.40000000 500.17999268  -999.250000
 763.60000000 492.58999634  -999.250000
 763.80000000 489.64999390  -999.250000
 764.00000000 489.51998901  -999.250000
 764.20000000 489.85000610  -999.250000
 764.40000000 491.04998779  -999.250000
 764.60000000 494.02999878  -999.250000
 764.80000000 495.89999390  -999.250000
 765.00000000 495.00000000  -999.250000
 765.20000000 493.76998901  -999.250000
 765.40000000 493.51998901  -999.250000
 765.60000000 493.79998779  -999.250000
 765.80000000 494.17999268  -999.250000
 766.00000000 494.23001099  -999.250000
 766.20000000 493.61999512  -999.250000
 766.40000000 493.51998901  -999.250000
 766.60000000 495.51998901  -999.250000
 766.80000000 499.29998779  -999.250000
 767.00000000 501.42999268  -999.250000
 767.20000000 499.17999268  -999.250000
 767.40000000 494.04998779  -999.250000
 767.60000000 491.57000732  -999.250000
 767.80000000 492.52999878  -999.250000
 768.00000000 493.23001099  -999.250000
 768.20000000 492.63000488  -999.250000
 768.40000000 490.89999390  -999.250000
 768.60000000 489.50000000  -999.250000
 768.80000000 489.47000122  -999.250000
 769.00000000 490.57000732  -999.250000
 769.20000000 492.39999390  -999.250000
 769.40000000 493.82998657  -999.250000
 769.60000000 494.38000488  -999.250000
 769.80000000 494.48001099  -999.250000
 770.00000000 494.07998657  -999.250000
 770.20000000 492.98001099  -999.250000
 770.40000000 491.50000000  -999.250000
 770.60000000 490.32000732  -999.250000
 770.80000000 489.67001343  -999.250000
 771.00000000 489.60000610  -999.250000
 771.20000000 489.61999512  -999.250000
 771.40000000 489.97000122  -999.250000
 771.60000000 491.00000000  -999.250000
 771.80000000 492.17999268  -999.250000
 772.00000000 492.95001221  -999.250000
 772.20000000 493.10000610  -999.250000
 772.40000000 492.89999390  -999.250000
 772.60000000 492.51998901  -999.250000
 772.80000000 492.39999390  -999.250000
 773.00000000 492.64999390  -999.250000
 773.20000000 493.72000122  -999.250000
 773.40000000 495.07998657  -999.250000
 773.60000000 495.75000000  -999.250000
 773.80000000 495.45001221  -999.250000
 774.00000000 494.07998657  -999.250000
 774.20000000 492.36999512  -999.250000
 774.40000000 491.67001343  -999.250000
 774.60000000 491.72000122  -999.250000
 774.80000000 491.67999268  -999.250000
 775.00000000 490.75000000  -999.250000
 775.20000000 488.82000732  -999.250000
 775.40000000 487.20001221  -999.250000
 775.60000000 486.72000122  -999.250000
 775.80000000 486.67999268  -999.250000
 776.00000000 486.35000610  -999.250000
 776.20000000 485.70001221  -999.250000
 776.40000000 485.07998657  -999.250000
 776.60000000 484.32000732  -999.250000
 776.80000000 483.82000732  -999.250000
 777.00000000 483.70001221  -999.250000
 777.20000000 483.89999390  -999.250000
 777.40000000 484.54998779  -999.250000
 777.60000000 485.73001099  -999.250000
 777.80000000 486.13000488  -999.250000
 778.00000000 485.54998779  -999.250000
 778.20000000 485.64999390  -999.250000
 778.40000000 486.82000732  -999.250000
 778.60000000 488.25000000  -999.250000
 778.80000000 488.95001221  -999.250000
 779.00000000 488.95001221  -999.250000
 779.20000000 489.25000000  -999.250000
 779.40000000 490.04998779  -999.250000
 779.60000000 490.42999268  -999.250000
 779.80000000 489.98001099  -999.250000
 780.00000000 489.36999512  -999.250000
 780.20000000 489.50000000  -999.250000
 780.40000000 489.64999390  -999.250000
 780.60000000 489.00000000  -999.250000
 780.80000000 488.14999390  -999.250000
 781.00000000 488.14999390  -999.250000
 781.20000000 488.77999878  -999.250000
 781.40000000 489.00000000  -999.250000
 781.60000000 489.11999512  -999.250000
 781.80000000 489.60000610  -999.250000
 782.00000000 489.98001099  -999.250000
 782.20000000 489.92001343  -999.250000
 782.40000000 490.01998901  -999.250000
 782.60000000 490.50000000  -999.250000
 782.80000000 491.04998779  -999.250000
 783.00000000 491.23001099  -999.250000
 783.20000000 490.67999268  -999.250000
 783.40000000 489.01998901  -999.250000
 783.60000000 487.72000122  -999.250000
 783.80000000 487.75000000  -999.250000
 784.00000000 488.25000000  -999.250000
 784.20000000 488.51998901  -999.250000
 784.40000000 488.95001221  -999.250000
 784.60000000 489.57998657  -999.250000
 784.80000000 489.85000610  -999.250000
 785.00000000 489.57998657  -999.250000
 785.20000000 489.01998901  -999.250000
 785.40000000 488.60000610  -999.250000
 785.60000000 488.17999268  -999.250000
 785.80000000 487.25000000  -999.250000
 786.00000000 485.64999390  -999.250000
 786.20000000 484.35000610  -999.250000
 786.40000000 483.64999390  -999.250000
 786.60000000 483.60000610  -999.250000
 786.80000000 483.75000000  -999.250000
 787.00000000 483.38000488  -999.250000
 787.20000000 482.50000000  -999.250000
 787.40000000 481.42999268  -999.250000
 787.60000000 479.64999390  -999.250000
 787.80000000 477.32000732  -999.250000
 788.00000000 474.82998657  -999.250000
 788.20000000 469.85000610  -999.250000
 788.40000000 461.86999512  -999.250000
 788.60000000 455.07000732  -999.250000
 788.80000000 452.20001221  -999.250000
 789.00000000 452.61999512  -999.250000
 789.20000000 455.11999512  -999.250000
 789.40000000 457.75000000  -999.250000
 789.60000000 458.60000610  -999.250000
 789.80000000 457.92999268  -999.250000
 790.00000000 456.29998779  -999.250000
 790.20000000 454.57000732  -999.250000
 790.40000000 453.45001221  -999.250000
 790.60000000 452.63000488  -999.250000
 790.80000000 450.89999390  -999.250000
 791.00000000 447.63000488  -999.250000
 791.20000000 442.98001099  -999.250000
 791.40000000 438.50000000  -999.250000
 791.60000000 438.26998901  -999.250000
 791.80000000 445.32000732  -999.250000
 792.00000000 455.13000488  -999.250000
 792.20000000 453.55999756  -999.250000
 792.40000000 441.83999634  -999.250000
 792.60000000 430.98001099  -999.250000
 792.80000000 418.75000000  -999.250000
 793.00000000 408.01998901  -999.250000
 793.20000000 402.94000244  -999.250000
 793.40000000 405.39999390  -999.250000
 793.60000000 411.60000610  -999.250000
 793.80000000 419.47000122  -999.250000
 794.00000000 427.67999268  -999.250000
 794.20000000 435.73999023  -999.250000
 794.40000000 446.63000488  -999.250000
 794.60000000 449.88000488  -999.250000
 794.80000000 444.50000000  -999.250000
 795.00000000 439.97000122  -999.250000
 795.20000000 441.42001343  -999.250000
 795.40000000 446.57000732  -999.250000
 795.60000000 450.63000488  -999.250000
 795.80000000 448.85000610  -999.250000
 796.00000000 445.36999512  -999.250000
 796.20000000 446.17001343  -999.250000
 796.40000000 449.88000488  -999.250000
 796.60000000 452.60000610  -999.250000
 796.80000000 453.07998657  -999.250000
 797.00000000 452.35000610  -999.250000
 797.20000000 448.45001221  -999.250000
 797.40000000 443.47000122  -999.250000
 797.60000000 440.51998901  -999.250000
 797.80000000 439.50000000  -999.250000
 798.00000000 440.17001343  -999.250000
 798.20000000 442.20001221  -999.250000
 798.40000000 444.45001221  -999.250000
 798.60000000 446.04998779  -999.250000
 798.80000000 447.00000000  -999.250000
 799.00000000 447.75000000  -999.250000
 799.20000000 448.25000000  -999.250000
 799.40000000 449.67001343  -999.250000
 799.60000000 452.89999390  -999.250000
 799.80000000 455.27999878  -999.250000
 800.00000000 456.07998657  -999.250000
 800.20000000 456.76998901  -999.250000
 800.40000000 458.25000000  -999.250000
 800.60000000 459.52999878  -999.250000
 800.80000000 460.02999878  -999.250000
 801.00000000 459.73001099  -999.250000
 801.20000000 458.61999512  -999.250000
 801.40000000 457.79998779  -999.250000
 801.60000000 458.22000122  -999.250000
 801.80000000 458.95001221  -999.250000
 802.00000000 458.32998657  -999.250000
 802.20000000 456.95001221  -999.250000
 802.40000000 456.36999512  -999.250000
 802.60000000 456.67999268  -999.250000
 802.80000000 456.64999390  -999.250000
 803.00000000 455.82000732  -999.250000
 803.20000000 455.01998901  -999.250000
 803.40000000 455.47000122  -999.250000
 803.60000000 456.85000610  -999.250000
 803.80000000 458.00000000  -999.250000
 804.00000000 458.20001221  -999.250000
 804.20000000 457.29998779  -999.250000
 804.40000000 456.17001343  -999.250000
 804.60000000 455.85000610  -999.250000
 804.80000000 456.42001343  -999.250000
 805.00000000 457.27999878  -999.250000
 805.20000000 457.29998779  -999.250000
 805.40000000 455.64999390  -999.250000
 805.60000000 453.36999512  -999.250000
 805.80000000 451.77999878  -999.250000
 806.00000000 448.77999878  -999.250000
 806.20000000 443.51998901  -999.250000
 806.40000000 439.95001221  -999.250000
 806.60000000 441.54998779  -999.250000
 806.80000000 449.77999878  -999.250000
 807.00000000 462.04998779  -999.250000
 807.20000000 471.14999390  -999.250000
 807.40000000 473.23001099  -999.250000
 807.60000000 472.26998901  -999.250000
 807.80000000 471.75000000  -999.250000
 808.00000000 471.70001221  -999.250000
 808.20000000 471.60000610  -999.250000
 808.40000000 471.38000488  -999.250000
 808.60000000 471.20001221  -999.250000
 808.80000000 471.39999390  -999.250000
 809.00000000 471.70001221  -999.250000
 809.20000000 471.60000610  -999.250000
 809.40000000 471.11999512  -999.250000
 809.60000000 470.75000000  -999.250000
 809.80000000 470.79998779  -999.250000
 810.00000000 471.07998657  -999.250000
 810.20000000 471.29998779  -999.250000
 810.40000000 471.50000000  -999.250000
 810.60000000 471.64999390  -999.250000
 810.80000000 471.45001221  -999.250000
 811.00000000 470.88000488  -999.250000
 811.20000000 470.20001221  -999.250000
 811.40000000 469.92001343  -999.250000
 811.60000000 469.92999268  -999.250000
 811.80000000 467.89999390  -999.250000
 812.00000000 464.54998779  -999.250000
 812.20000000 462.00000000  -999.250000
 812.40000000 456.23001099  -999.250000
 812.60000000 444.42999268  -999.250000
 812.80000000 430.26998901  -999.250000
 813.00000000 415.86999512  -999.250000
 813.20000000 406.95001221  -999.250000
 813.40000000 405.70001221  -999.250000
 813.60000000 406.89999390  -999.250000
 813.80000000 409.35000610  -999.250000
 814.00000000 415.29998779  -999.250000
 814.20000000 419.29998779  -999.250000
 814.40000000 417.70001221  -999.250000
 814.60000000 413.51998901  -999.250000
 814.80000000 412.01998901  -999.250000
 815.00000000 414.60000610  -999.250000
 815.20000000 422.70001221  -999.250000
 815.40000000 433.95001221  -999.250000
 815.60000000 440.35000610  -999.250000
 815.80000000 441.85000610  -999.250000
 816.00000000 442.10000610  -999.250000
 816.20000000 442.61999512  -999.250000
 816.40000000 444.76998901  -999.250000
 816.60000000 445.82998657  -999.250000
 816.80000000 442.22000122  -999.250000
 817.00000000 438.29998779  -999.250000
 817.20000000 436.00000000  -999.250000
 817.40000000 429.38000488  -999.250000
 817.60000000 419.54998779  -999.250000
 817.80000000 412.07000732  -999.250000
 818.00000000 407.85000610  -999.250000
 818.20000000 407.60000610  -999.250000
 818.40000000 410.85000610  -999.250000
 818.60000000 415.27999878  -999.250000
 818.80000000 418.29998779  -999.250000
 819.00000000 420.13000488  -999.250000
 819.20000000 422.04998779  -999.250000
 819.40000000 423.17999268  -999.250000
 819.60000000 422.48001099  -999.250000
 819.80000000 419.86999512  -999.250000
 820.00000000 416.75000000  -999.250000
 820.20000000 415.57000732  -999.250000
 820.40000000 417.75000000  -999.250000
 820.60000000 421.52999878  -999.250000
 820.80000000 423.07998657  -999.250000
 821.00000000 421.20001221  -999.250000
 821.20000000 418.04998779  -999.250000
 821.40000000 416.67001343  -999.250000
 821.60000000 417.70001221  -999.250000
 821.80000000 420.57998657  -999.250000
 822.00000000 424.73001099  -999.250000
 822.20000000 429.39999390  -999.250000
 822.40000000 433.35000610  -999.250000
 822.60000000 433.95001221  -999.250000
 822.80000000 431.04998779  -999.250000
 823.00000000 427.42999268  -999.250000
 823.20000000 425.10000610  -999.250000
 823.40000000 422.75000000  -999.250000
 823.60000000 419.67999268  -999.250000
 823.80000000 416.64999390  -999.250000
 824.00000000 415.54998779  -999.250000
 824.20000000 416.88000488  -999.250000
 824.40000000 419.51998901  -999.250000
 824.60000000 422.70001221  -999.250000
 824.80000000 427.97000122  -999.250000
 825.00000000 436.07998657  -999.250000
 825.20000000 442.95001221  -999.250000
 825.40000000 447.86999512  -999.250000
 825.60000000 452.22000122  -999.250000
 825.80000000 457.38000488  -999.250000
 826.00000000 464.95001221  -999.250000
 826.20000000 469.27999878  -999.250000
 826.40000000 466.92999268  -999.250000
 826.60000000 463.85000610  -999.250000
 826.80000000 464.27999878  -999.250000
 827.00000000 463.39999390  -999.250000
 827.20000000 460.47000122  -999.250000
 827.40000000 458.23001099  -999.250000
 827.60000000 455.75000000  -999.250000
 827.80000000 454.20001221  -999.250000
 828.00000000 454.23001099  -999.250000
 828.20000000 454.64999390  -999.250000
 828.40000000 454.10000610  -999.250000
 828.60000000 452.36999512  -999.250000
 828.80000000 451.36999512  -999.250000
 829.00000000 451.39999390  -999.250000
 829.20000000 451.38000488  -999.250000
 829.40000000 451.26998901  -999.250000
 829.60000000 452.00000000  -999.250000
 829.80000000 452.73001099  -999.250000
 830.00000000 452.39999390  -999.250000
 830.20000000 451.76998901  -999.250000
 830.40000000 451.89999390  -999.250000
 830.60000000 452.10000610  -999.250000
 830.80000000 451.20001221  -999.250000
 831.00000000 448.92999268  -999.250000
 831.20000000 445.70001221  -999.250000
 831.40000000 443.20001221  -999.250000
 831.60000000 443.45001221  -999.250000
 831.80000000 444.95001221  -999.250000
 832.00000000 445.86999512  -999.250000
 832.20000000 446.20001221  -999.250000
 832.40000000 446.39999390  -999.250000
 832.60000000 446.92001343  -999.250000
 832.80000000 447.77999878  -999.250000
 833.00000000 447.75000000  -999.250000
 833.20000000 445.85000610  -999.250000
 833.40000000 443.50000000  -999.250000
 833.60000000 442.22000122  -999.250000
 833.80000000 441.35000610  -999.250000
 834.00000000 440.95001221  -999.250000
 834.20000000 441.25000000  -999.250000
 834.40000000 442.10000610  -999.250000
 834.60000000 443.02999878  -999.250000
 834.80000000 443.04998779  -999.250000
 835.00000000 441.23001099  -999.250000
 835.20000000 438.36999512  -999.250000
 835.40000000 436.13000488  -999.250000
 835.60000000 434.57000732  -999.250000
 835.80000000 433.89999390  -999.250000
 836.00000000 433.27999878  -999.250000
 836.20000000 431.17001343  -999.250000
 836.40000000 427.75000000  -999.250000
 836.60000000 425.29998779  -999.250000
 836.80000000 424.63000488  -999.250000
 837.00000000 424.54998779  -999.250000
 837.20000000 424.20001221  -999.250000
 837.40000000 423.97000122  -999.250000
 837.60000000 424.47000122  -999.250000
 837.80000000 425.17999268  -999.250000
 838.00000000 425.57998657  -999.250000
 838.20000000 425.61999512  -999.250000
 838.40000000 425.89999390  -999.250000
 838.60000000 426.07998657  -999.250000
 838.80000000 425.72000122  -999.250000
 839.00000000 425.76998901  -999.250000
 839.20000000 428.57998657  -999.250000
 839.40000000 436.45001221  -999.250000
 839.60000000 451.50000000  -999.250000
 839.80000000 467.42999268  -999.250000
 840.00000000 474.88000488  -999.250000
 840.20000000 474.45001221  -999.250000
 840.40000000 474.23001099  -999.250000
 840.60000000 473.35000610  -999.250000
 840.80000000 469.50000000  -999.250000
 841.00000000 466.36999512  -999.250000
 841.20000000 465.32998657  -999.250000
 841.40000000 463.82998657  -999.250000
 841.60000000 461.63000488  -999.250000
 841.80000000 460.07000732  -999.250000
 842.00000000 459.14999390  -999.250000
 842.20000000 457.48001099  -999.250000
 842.40000000 455.60000610  -999.250000
 842.60000000 454.95001221  -999.250000
 842.80000000 454.85000610  -999.250000
 843.00000000 453.82998657  -999.250000
 843.20000000 451.89999390  -999.250000
 843.40000000 450.04998779  -999.250000
 843.60000000 448.75000000  -999.250000
 843.80000000 448.22000122  -999.250000
 844.00000000 448.22000122  -999.250000
 844.20000000 448.45001221  -999.250000
 844.40000000 449.47000122  -999.250000
 844.60000000 451.54998779  -999.250000
 844.80000000 453.07998657  -999.250000
 845.00000000 453.00000000  -999.250000
 845.20000000 452.50000000  -999.250000
 845.40000000 452.07998657  -999.250000
 845.60000000 451.51998901  -999.250000
 845.80000000 451.57998657  -999.250000
 846.00000000 452.77999878  -999.250000
 846.20000000 453.88000488  -999.250000
 846.40000000 454.32000732  -999.250000
 846.60000000 454.72000122  -999.250000
 846.80000000 455.42999268  -999.250000
 847.00000000 456.75000000  -999.250000
 847.20000000 459.17999268  -999.250000
 847.40000000 462.86999512  -999.250000
 847.60000000 467.01998901  -999.250000
 847.80000000 468.92999268  -999.250000
 848.00000000 467.32000732  -999.250000
 848.20000000 463.32998657  -999.250000
 848.40000000 460.10000610  -999.250000
 848.60000000 461.11999512  -999.250000
 848.80000000 464.67999268  -999.250000
 849.00000000 464.32998657  -999.250000
 849.20000000 459.00000000  -999.250000
 849.40000000 454.14999390  -999.250000
 849.60000000 453.75000000  -999.250000
 849.80000000 455.92001343  -999.250000
 850.00000000 458.75000000  -999.250000
 850.20000000 461.13000488  -999.250000
 850.40000000 462.57000732  -999.250000
 850.60000000 463.60000610  -999.250000
 850.80000000 464.42999268  -999.250000
 851.00000000 464.32000732  -999.250000
 851.20000000 463.17999268  -999.250000
 851.40000000 461.52999878  -999.250000
 851.60000000 459.14999390  -999.250000
 851.80000000 456.32000732  -999.250000
 852.00000000 455.07998657  -999.250000
 852.20000000 456.17001343  -999.250000
 852.40000000 458.04998779  -999.250000
 852.60000000 459.25000000  -999.250000
 852.80000000 459.98001099  -999.250000
 853.00000000 460.72000122  -999.250000
 853.20000000 461.85000610  -999.250000
 853.40000000 463.92999268  -999.250000
 853.60000000 467.76998901  -999.250000
 853.80000000 471.04998779  -999.250000
 854.00000000 469.48001099  -999.250000
 854.20000000 463.32000732  -999.250000
 854.40000000 457.29998779  -999.250000
 854.60000000 453.70001221  -999.250000
 854.80000000 450.67999268  -999.250000
 855.00000000 448.92999268  -999.250000
 855.20000000 450.35000610  -999.250000
 855.40000000 453.95001221  -999.250000
 855.60000000 457.36999512  -999.250000
 855.80000000 460.63000488  -999.250000
 856.00000000 464.00000000  -999.250000
 856.20000000 465.88000488  -999.250000
 856.40000000 465.63000488  -999.250000
 856.60000000 464.00000000  -999.250000
 856.80000000 461.25000000  -999.250000
 857.00000000 457.76998901  -999.250000
 857.20000000 453.67001343  -999.250000
 857.40000000 448.70001221  -999.250000
 857.60000000 442.70001221  -999.250000
 857.80000000 439.45001221  -999.250000
 858.00000000 442.60000610  -999.250000
 858.20000000 450.89999390  -999.250000
 858.40000000 458.85000610  -999.250000
 858.60000000 462.07000732  -999.250000
 858.80000000 461.70001221  -999.250000
 859.00000000 459.79998779  -999.250000
 859.20000000 457.82000732  -999.250000
 859.40000000 455.79998779  -999.250000
 859.60000000 451.25000000  -999.250000
 859.80000000 444.10000610  -999.250000
 860.00000000 438.70001221  -999.250000
 860.20000000 438.27999878  -999.250000
 860.40000000 438.32998657  -999.250000
 860.60000000 432.52999878  -999.250000
 860.80000000 424.29998779  -999.250000
 861.00000000 419.92999268  -999.250000
 861.20000000 420.45001221  -999.250000
 861.40000000 424.32000732  -999.250000
 861.60000000 429.11999512  -999.250000
 861.80000000 434.14999390  -999.250000
 862.00000000 439.10000610  -999.250000
 862.20000000 442.39999390  -999.250000
 862.40000000 443.50000000  -999.250000
 862.60000000 446.26998901  -999.250000
 862.80000000 453.14999390  -999.250000
 863.00000000 458.48001099  -999.250000
 863.20000000 460.64999390  -999.250000
 863.40000000 463.04998779  -999.250000
 863.60000000 466.63000488  -999.250000
 863.80000000 473.98001099  -999.250000
 864.00000000 484.50000000  -999.250000
 864.20000000 487.45001221  -999.250000
 864.40000000 484.39999390  -999.250000
 864.60000000 479.07998657  -999.250000
 864.80000000 471.00000000  -999.250000
 865.00000000 462.14999390  -999.250000
 865.20000000 452.61999512  -999.250000
 865.40000000 448.57000732  -999.250000
 865.60000000 454.20001221  -999.250000
 865.80000000 461.07998657  -999.250000
 866.00000000 472.52999878  -999.250000
 866.20000000 483.61999512  -999.250000
 866.40000000 479.77999878  -999.250000
 866.60000000 468.88000488  -999.250000
 866.80000000 463.23001099  -999.250000
 867.00000000 465.73001099  -999.250000
 867.20000000 475.32000732  -999.250000
 867.40000000 491.07998657  -999.250000
 867.60000000 507.35000610  -999.250000
 867.80000000 515.40002441  -999.250000
 868.00000000 514.54998779  -999.250000
 868.20000000 510.14999390  -999.250000
 868.40000000 507.54998779  -999.250000
 868.60000000 507.17999268  -999.250000
 868.80000000 506.86999512  -999.250000
 869.00000000 504.89999390  -999.250000
 869.20000000 500.04998779  -999.250000
 869.40000000 494.63000488  -999.250000
 869.60000000 492.23001099  -999.250000
 869.80000000 493.13000488  -999.250000
 870.00000000 495.82000732  -999.250000
 870.20000000 497.73001099  -999.250000
 870.40000000 497.52999878  -999.250000
 870.60000000 497.29998779  -999.250000
 870.80000000 498.04998779  -999.250000
 871.00000000 498.22000122  -999.250000
 871.20000000 497.20001221  -999.250000
 871.40000000 496.29998779  -999.250000
 871.60000000 496.92001343  -999.250000
 871.80000000 498.85000610  -999.250000
 872.00000000 500.61999512  -999.250000
 872.20000000 501.67999268  -999.250000
 872.40000000 502.22000122  -999.250000
 872.60000000 502.82000732  -999.250000
 872.80000000 503.35000610  -999.250000
 873.00000000 502.72000122  -999.250000
 873.20000000 499.82000732  -999.250000
 873.40000000 496.20001221  -999.250000
 873.60000000 494.89999390  -999.250000
 873.80000000 496.42999268  -999.250000
 874.00000000 500.02999878  -999.250000
 874.20000000 504.02999878  -999.250000
 874.40000000 505.77999878  -999.250000
 874.60000000 504.60000610  -999.250000
 874.80000000 501.95001221  -999.250000
 875.00000000 499.64999390  -999.250000
 875.20000000 499.67999268  -999.250000
 875.40000000 503.72000122  -999.250000
 875.60000000 510.60000610  -999.250000
 875.80000000 516.63000488  -999.250000
 876.00000000 520.38000488  -999.250000
 876.20000000 522.54998779  -999.250000
 876.40000000 523.79998779  -999.250000
 876.60000000 523.54998779  -999.250000
 876.80000000 521.54998779  -999.250000
 877.00000000 519.25000000  -999.250000
 877.20000000 518.92999268  -999.250000
 877.40000000 520.77001953  -999.250000
 877.60000000 524.90002441  -999.250000
 877.80000000 530.04998779  -999.250000
 878.00000000 533.11999512  -999.250000
 878.20000000 533.29998779  -999.250000
 878.40000000 532.15002441  -999.250000
 878.60000000 531.34997559  -999.250000
 878.80000000 529.79998779  -999.250000
 879.00000000 525.21997070  -999.250000
 879.20000000 517.07000732  -999.250000
 879.40000000 508.60000610  -999.250000
 879.60000000 502.50000000  -999.250000
 879.80000000 497.95001221  -999.250000
 880.00000000 493.98001099  -999.250000
 880.20000000 490.22000122  -999.250000
 880.40000000 488.45001221  -999.250000
 880.60000000 490.23001099  -999.250000
 880.80000000 493.79998779  -999.250000
 881.00000000 495.75000000  -999.250000
 881.20000000 494.14999390  -999.250000
 881.40000000 489.17999268  -999.250000
 881.60000000 482.17999268  -999.250000
 881.80000000 474.97000122  -999.250000
 882.00000000 469.39999390  -999.250000
 882.20000000 467.22000122  -999.250000
 882.40000000 469.50000000  -999.250000
 882.60000000 474.70001221  -999.250000
 882.80000000 480.52999878  -999.250000
 883.00000000 486.92001343  -999.250000
 883.20000000 493.35000610  -999.250000
 883.40000000 496.38000488  -999.250000
 883.60000000 494.79998779  -999.250000
 883.80000000 489.76998901  -999.250000
 884.00000000 481.79998779  -999.250000
 884.20000000 473.04998779  -999.250000
 884.40000000 468.04998779  -999.250000
 884.60000000 469.70001221  -999.250000
 884.80000000 476.89999390  -999.250000
 885.00000000 484.52999878  -999.250000
 885.20000000 488.45001221  -999.250000
 885.40000000 488.52999878  -999.250000
 885.60000000 485.48001099  -999.250000
 885.80000000 479.36999512  -999.250000
 886.00000000 472.79998779  -999.250000
 886.20000000 468.82998657  -999.250000
 886.40000000 467.26998901  -999.250000
 886.60000000 467.54998779  -999.250000
 886.80000000 470.92999268  -999.250000
 887.00000000 476.10000610  -999.250000
 887.20000000 479.35000610  -999.250000
 887.40000000 480.27999878  -999.250000
 887.60000000 480.50000000  -999.250000
 887.80000000 481.02999878  -999.250000
 888.00000000 481.85000610  -999.250000
 888.20000000 482.13000488  -999.250000
 888.40000000 483.00000000  -999.250000
 888.60000000 486.42001343  -999.250000
 888.80000000 489.64999390  -999.250000
 889.00000000 487.00000000  -999.250000
 889.20000000 478.61999512  -999.250000
 889.40000000 470.04998779  -999.250000
 889.60000000 466.79998779  -999.250000
 889.80000000 470.72000122  -999.250000
 890.00000000 478.50000000  -999.250000
 890.20000000 482.82998657  -999.250000
 890.40000000 481.89999390  -999.250000
 890.60000000 480.32998657  -999.250000
 890.80000000 480.75000000  -999.250000
 891.00000000 483.57000732  -999.250000
 891.20000000 487.04998779  -999.250000
 891.40000000 488.70001221  -999.250000
 891.60000000 489.86999512  -999.250000
 891.80000000 491.32998657  -999.250000
 892.00000000 491.67001343  -999.250000
 892.20000000 491.22000122  -999.250000
 892.40000000 491.20001221  -999.250000
 892.60000000 492.92001343  -999.250000
 892.80000000 496.63000488  -999.250000
 893.00000000 499.92999268  -999.250000
 893.20000000 502.13000488  -999.250000
 893.40000000 504.01998901  -999.250000
 893.60000000 504.88000488  -999.250000
 893.80000000 504.39999390  -999.250000
 894.00000000 502.39999390  -999.250000
 894.20000000 498.85000610  -999.250000
 894.40000000 495.79998779  -999.250000
 894.60000000 494.00000000  -999.250000
 894.80000000 492.26998901  -999.250000
 895.00000000 490.35000610  -999.250000
 895.20000000 488.86999512  -999.250000
 895.40000000 488.10000610  -999.250000
 895.60000000 488.86999512  -999.250000
 895.80000000 493.54998779  -999.250000
 896.00000000 501.67001343  -999.250000
 896.20000000 507.85000610  -999.250000
 896.40000000 507.95001221  -999.250000
 896.60000000 504.27999878  -999.250000
 896.80000000 500.95001221  -999.250000
 897.00000000 499.47000122  -999.250000
 897.20000000 499.00000000  -999.250000
 897.40000000 498.02999878  -999.250000
 897.60000000 494.52999878  -999.250000
 897.80000000 489.07000732  -999.250000
 898.00000000 485.10000610  -999.250000
 898.20000000 480.07998657  -999.250000
 898.40000000 470.75000000  -999.250000
 898.60000000 463.92001343  -999.250000
 898.80000000 460.82998657  -999.250000
 899.00000000 452.64999390  -999.250000
 899.20000000 435.07998657  -999.250000
 899.40000000 418.07000732  -999.250000
 899.60000000 407.13000488  -999.250000
 899.80000000 393.70001221  -999.250000
 900.00000000 383.14999390  -999.250000
 900.20000000 392.01998901  -999.250000
 900.40000000 426.67001343  -999.250000
 900.60000000 452.79998779  -999.250000
 900.80000000 454.67001343  -999.250000
 901.00000000 442.60000610  -999.250000
 901.20000000 421.97000122  -999.250000
 901.40000000 411.54998779  -999.250000
 901.60000000 414.10000610  -999.250000
 901.80000000 416.77999878  -999.250000
 902.00000000 416.42001343  -999.250000
 902.20000000 415.02999878  -999.250000
 902.40000000 410.04998779  -999.250000
 902.60000000 402.25000000  -999.250000
 902.80000000 393.85000610  -999.250000
 903.00000000 389.75000000  -999.250000
 903.20000000 396.25000000  -999.250000
 903.40000000 409.45001221  -999.250000
 903.60000000 418.50000000  -999.250000
 903.80000000 423.48001099  -999.250000
 904.00000000 426.32998657  -999.250000
 904.20000000 427.63000488  -999.250000
 904.40000000 427.73001099  -999.250000
 904.60000000 426.29998779  -999.250000
 904.80000000 423.39999390  -999.250000
 905.00000000 420.60000610  -999.250000
 905.20000000 418.97000122  -999.250000
 905.40000000 418.50000000  -999.250000
 905.60000000 419.39999390  -999.250000
 905.80000000 421.38000488  -999.250000
 906.00000000 423.04998779  -999.250000
 906.20000000 424.00000000  -999.250000
 906.40000000 424.54998779  -999.250000
 906.60000000 424.39999390  -999.250000
 906.80000000 424.29998779  -999.250000
 907.00000000 425.95001221  -999.250000
 907.20000000 429.73001099  -999.250000
 907.40000000 427.02999878  -999.250000
 907.60000000 410.60000610  -999.250000
 907.80000000 395.10000610  -999.250000
 908.00000000 397.25000000  -999.250000
 908.20000000 408.79998779  -999.250000
 908.40000000 415.25000000  -999.250000
 908.60000000 414.48001099  -999.250000
 908.80000000 410.01998901  -999.250000
 909.00000000 410.67001343  -999.250000
 909.20000000 418.95001221  -999.250000
 909.40000000 427.57998657  -999.250000
 909.60000000 431.88000488  -999.250000
 909.80000000 432.70001221  -999.250000
 910.00000000 431.60000610  -999.250000
 910.20000000 428.85000610  -999.250000
 910.40000000 425.73001099  -999.250000
 910.60000000 424.32000732  -999.250000
 910.80000000 424.64999390  -999.250000
 911.00000000 425.72000122  -999.250000
 911.20000000 427.29998779  -999.250000
 911.40000000 429.73001099  -999.250000
 911.60000000 432.20001221  -999.250000
 911.80000000 433.02999878  -999.250000
 912.00000000 430.67999268  -999.250000
 912.20000000 422.64999390  -999.250000
 912.40000000 407.98001099  -999.250000
 912.60000000 397.14999390  -999.250000
 912.80000000 399.10000610  -999.250000
 913.00000000 408.35000610  -999.250000
 913.20000000 414.95001221  -999.250000
 913.40000000 416.75000000  -999.250000
 913.60000000 417.29998779  -999.250000
 913.80000000 419.10000610  -999.250000
 914.00000000 423.92999268  -999.250000
 914.20000000 431.47000122  -999.250000
 914.40000000 437.57998657  -999.250000
 914.60000000 440.00000000  -999.250000
 914.80000000 441.11999512  -999.250000
 915.00000000 442.52999878  -999.250000
 915.20000000 442.29998779  -999.250000
 915.40000000 435.07998657  -999.250000
 915.60000000 415.82998657  -999.250000
 915.80000000 394.75000000  -999.250000
 916.00000000 389.82000732  -999.250000
 916.20000000 400.13000488  -999.250000
 916.40000000 411.73001099  -999.250000
 916.60000000 416.50000000  -999.250000
 916.80000000 419.39999390  -999.250000
 917.00000000 425.63000488  -999.250000
 917.20000000 431.75000000  -999.250000
 917.40000000 433.14999390  -999.250000
 917.60000000 431.25000000  -999.250000
 917.80000000 427.01998901  -999.250000
 918.00000000 423.07000732  -999.250000
 918.20000000 421.67001343  -999.250000
 918.40000000 421.70001221  -999.250000
 918.60000000 422.82000732  -999.250000
 918.80000000 425.61999512  -999.250000
 919.00000000 430.11999512  -999.250000
 919.20000000 434.64999390  -999.250000
 919.40000000 436.07998657  -999.250000
 919.60000000 434.48001099  -999.250000
 919.80000000 432.60000610  -999.250000
 920.00000000 431.92001343  -999.250000
 920.20000000 432.07000732  -999.250000
 920.40000000 433.57000732  -999.250000
 920.60000000 436.22000122  -999.250000
 920.80000000 438.67999268  -999.250000
 921.00000000 439.35000610  -999.250000
 921.20000000 437.60000610  -999.250000
 921.40000000 434.70001221  -999.250000
 921.60000000 433.92001343  -999.250000
 921.80000000 434.52999878  -999.250000
 922.00000000 434.27999878  -999.250000
 922.20000000 432.86999512  -999.250000
 922.40000000 432.57000732  -999.250000
 922.60000000 434.00000000  -999.250000
 922.80000000 434.54998779  -999.250000
 923.00000000 433.14999390  -999.250000
 923.20000000 429.82000732  -999.250000
 923.40000000 425.45001221  -999.250000
 923.60000000 422.00000000  -999.250000
 923.80000000 420.48001099  -999.250000
 924.00000000 416.20001221  -999.250000
 924.20000000 408.57000732  -999.250000
 924.40000000 404.82000732  -999.250000
 924.60000000 409.86999512  -999.250000
 924.80000000 419.32998657  -999.250000
 925.00000000 426.23001099  -999.250000
 925.20000000 430.64999390  -999.250000
 925.40000000 435.01998901  -999.250000
 925.60000000 438.72000122  -999.250000
 925.80000000 440.82998657  -999.250000
 926.00000000 440.23001099  -999.250000
 926.20000000 437.00000000  -999.250000
 926.40000000 433.50000000  -999.250000
 926.60000000 432.29998779  -999.250000
 926.80000000 432.97000122  -999.250000
 927.00000000 434.70001221  -999.250000
 927.20000000 436.32998657  -999.250000
 927.40000000 436.92999268  -999.250000
 927.60000000 436.64999390  -999.250000
 927.80000000 436.04998779  -999.250000
 928.00000000 435.72000122  -999.250000
 928.20000000 435.26998901  -999.250000
 928.40000000 434.35000610  -999.250000
 928.60000000 432.39999390  -999.250000
 928.80000000 429.14999390  -999.250000
 929.00000000 426.29998779  -999.250000
 929.20000000 424.67001343  -999.250000
 929.40000000 424.07000732  -999.250000
 929.60000000 424.60000610  -999.250000
 929.80000000 426.39999390  -999.250000
 930.00000000 428.23001099  -999.250000
 930.20000000 429.04998779  -999.250000
 930.40000000 430.39999390  -999.250000
 930.60000000 432.57998657  -999.250000
 930.80000000 433.42001343  -999.250000
 931.00000000 434.57000732  -999.250000
 931.20000000 436.92999268  -999.250000
 931.40000000 437.42999268  -999.250000
 931.60000000 436.63000488  -999.250000
 931.80000000 435.86999512  -999.250000
 932.00000000 434.97000122  -999.250000
 932.20000000 433.35000610  -999.250000
 932.40000000 430.95001221  -999.250000
 932.60000000 429.26998901  -999.250000
 932.80000000 429.61999512  -999.250000
 933.00000000 431.39999390  -999.250000
 933.20000000 433.10000610  -999.250000
 933.40000000 433.00000000  -999.250000
 933.60000000 430.89999390  -999.250000
 933.80000000 430.75000000  -999.250000
 934.00000000 432.76998901  -999.250000
 934.20000000 434.77999878  -999.250000
 934.40000000 436.14999390  -999.250000
 934.60000000 436.57998657  -999.250000
 934.80000000 436.14999390  -999.250000
 935.00000000 434.98001099  -999.250000
 935.20000000 433.04998779  -999.250000
 935.40000000 430.42001343  -999.250000
 935.60000000 428.14999390  -999.250000
 935.80000000 426.70001221  -999.250000
 936.00000000 426.26998901  -999.250000
 936.20000000 426.48001099  -999.250000
 936.40000000 425.88000488  -999.250000
 936.60000000 423.10000610  -999.250000
 936.80000000 417.47000122  -999.250000
 937.00000000 412.32000732  -999.250000
 937.20000000 413.42001343  -999.250000
 937.40000000 421.88000488  -999.250000
 937.60000000 431.13000488  -999.250000
 937.80000000 435.25000000  -999.250000
 938.00000000 438.98001099  -999.250000
 938.20000000 443.45001221  -999.250000
 938.40000000 446.14999390  -999.250000
 938.60000000 445.77999878  -999.250000
 938.80000000 442.51998901  -999.250000
 939.00000000 441.00000000  -999.250000
 939.20000000 439.36999512  -999.250000
 939.40000000 436.36999512  -999.250000
 939.60000000 439.92001343  -999.250000
 939.80000000 447.92999268  -999.250000
 940.00000000 451.95001221  -999.250000
 940.20000000 452.02999878  -999.250000
 940.40000000 450.39999390  -999.250000
 940.60000000 446.57000732  -999.250000
 940.80000000 442.72000122  -999.250000
 941.00000000 441.25000000  -999.250000
 941.20000000 439.14999390  -999.250000
 941.40000000 432.35000610  -999.250000
 941.60000000 418.72000122  -999.250000
 941.80000000 407.25000000  -999.250000
 942.00000000 399.22000122  -999.250000
 942.20000000 393.72000122  -999.250000
 942.40000000 393.04998779  -999.250000
 942.60000000 398.25000000  -999.250000
 942.80000000 409.32998657  -999.250000
 943.00000000 421.32998657  -999.250000
 943.20000000 430.00000000  -999.250000
 943.40000000 434.29998779  -999.250000
 943.60000000 435.92999268  -999.250000
 943.80000000 437.38000488  -999.250000
 944.00000000 438.27999878  -999.250000
 944.20000000 437.73001099  -999.250000
 944.40000000 436.07998657  -999.250000
 944.60000000 433.20001221  -999.250000
 944.80000000 430.42001343  -999.250000
 945.00000000 429.42001343  -999.250000
 945.20000000 430.26998901  -999.250000
 945.40000000 433.04998779  -999.250000
 945.60000000 436.10000610  -999.250000
 945.80000000 437.50000000  -999.250000
 946.00000000 437.51998901  -999.250000
 946.20000000 437.70001221  -999.250000
 946.40000000 439.26998901  -999.250000
 946.60000000 441.92001343  -999.250000
 946.80000000 443.75000000  -999.250000
 947.00000000 444.60000610  -999.250000
 947.20000000 444.88000488  -999.250000
 947.40000000 444.38000488  -999.250000
 947.60000000 443.17999268  -999.250000
 947.80000000 441.75000000  -999.250000
 948.00000000 441.17001343  -999.250000
 948.20000000 441.97000122  -999.250000
 948.40000000 444.13000488  -999.250000
 948.60000000 447.32000732  -999.250000
 948.80000000 450.67999268  -999.250000
 949.00000000 452.02999878  -999.250000
 949.20000000 450.45001221  -999.250000
 949.40000000 446.75000000  -999.250000
 949.60000000 443.26998901  -999.250000
 949.80000000 440.32998657  -999.250000
 950.00000000 436.51998901  -999.250000
 950.20000000 433.32000732  -999.250000
 950.40000000 432.48001099  -999.250000
 950.60000000 431.23001099  -999.250000
 950.80000000 426.10000610  -999.250000
 951.00000000 417.57000732  -999.250000
 951.20000000 412.42001343  -999.250000
 951.40000000 413.75000000  -999.250000
 951.60000000 419.39999390  -999.250000
 951.80000000 426.77999878  -999.250000
 952.00000000 433.50000000  -999.250000
 952.20000000 437.27999878  -999.250000
 952.40000000 437.77999878  -999.250000
 952.60000000 436.07998657  -999.250000
 952.80000000 432.92001343  -999.250000
 953.00000000 430.42001343  -999.250000
 953.20000000 430.79998779  -999.250000
 953.40000000 434.39999390  -999.250000
 953.60000000 440.76998901  -999.250000
 953.80000000 446.67999268  -999.250000
 954.00000000 448.39999390  -999.250000
 954.20000000 446.82998657  -999.250000
 954.40000000 444.26998901  -999.250000
 954.60000000 442.47000122  -999.250000
 954.80000000 441.61999512  -999.250000
 955.00000000 441.51998901  -999.250000
 955.20000000 442.10000610  -999.250000
 955.40000000 442.25000000  -999.250000
 955.60000000 440.20001221  -999.250000
 955.80000000 437.54998779  -999.250000
 956.00000000 439.29998779  -999.250000
 956.20000000 444.79998779  -999.250000
 956.40000000 448.45001221  -999.250000
 956.60000000 448.88000488  -999.250000
 956.80000000 447.36999512  -999.250000
 957.00000000 445.25000000  -999.250000
 957.20000000 443.38000488  -999.250000
 957.40000000 441.27999878  -999.250000
 957.60000000 438.88000488  -999.250000
 957.80000000 436.35000610  -999.250000
 958.00000000 434.95001221  -999.250000
 958.20000000 435.61999512  -999.250000
 958.40000000 436.70001221  -999.250000
 958.60000000 436.38000488  -999.250000
 958.80000000 434.45001221  -999.250000
 959.00000000 432.89999390  -999.250000
 959.20000000 432.64999390  -999.250000
 959.40000000 432.98001099  -999.250000
 959.60000000 433.07998657  -999.250000
 959.80000000 433.04998779  -999.250000
 960.00000000 433.61999512  -999.250000
 960.20000000 434.52999878  -999.250000
 960.40000000 434.52999878  -999.250000
 960.60000000 433.64999390  -999.250000
 960.80000000 433.42001343  -999.250000
 961.00000000 433.95001221  -999.250000
 961.20000000 433.92999268  -999.250000
 961.40000000 431.92999268  -999.250000
 961.60000000 428.85000610  -999.250000
 961.80000000 426.60000610  -999.250000
 962.00000000 425.72000122  -999.250000
 962.20000000 425.42001343  -999.250000
 962.40000000 425.27999878  -999.250000
 962.60000000 424.79998779  -999.250000
 962.80000000 424.20001221  -999.250000
 963.00000000 423.39999390  -999.250000
 963.20000000 422.32000732  -999.250000
 963.40000000 421.22000122  -999.250000
 963.60000000 420.32000732  -999.250000
 963.80000000 419.97000122  -999.250000
 964.00000000 420.39999390  -999.250000
 964.20000000 420.67999268  -999.250000
 964.40000000 420.67001343  -999.250000
 964.60000000 421.76998901  -999.250000
 964.80000000 424.67999268  -999.250000
 965.00000000 427.29998779  -999.250000
 965.20000000 428.45001221  -999.250000
 965.40000000 428.79998779  -999.250000
 965.60000000 429.00000000  -999.250000
 965.80000000 429.07998657  -999.250000
 966.00000000 428.70001221  -999.250000
 966.20000000 427.48001099  -999.250000
 966.40000000 426.11999512  -999.250000
 966.60000000 425.97000122  -999.250000
 966.80000000 426.79998779  -999.250000
 967.00000000 428.01998901  -999.250000
 967.20000000 430.04998779  -999.250000
 967.40000000 432.48001099  -999.250000
 967.60000000 433.27999878  -999.250000
 967.80000000 432.17001343  -999.250000
 968.00000000 430.50000000  -999.250000
 968.20000000 429.07000732  -999.250000
 968.40000000 428.75000000  -999.250000
 968.60000000 430.51998901  -999.250000
 968.80000000 433.67999268  -999.250000
 969.00000000 435.45001221  -999.250000
 969.20000000 435.25000000  -999.250000
 969.40000000 433.88000488  -999.250000
 969.60000000 430.64999390  -999.250000
 969.80000000 425.32000732  -999.250000
 970.00000000 420.22000122  -999.250000
 970.20000000 417.89999390  -999.250000
 970.40000000 417.35000610  -999.250000
 970.60000000 417.47000122  -999.250000
 970.80000000 418.64999390  -999.250000
 971.00000000 420.60000610  -999.250000
 971.20000000 422.79998779  -999.250000
 971.40000000 424.67999268  -999.250000
 971.60000000 424.67999268  -999.250000
 971.80000000 422.79998779  -999.250000
 972.00000000 420.67001343  -999.250000
 972.20000000 419.72000122  -999.250000
 972.40000000 420.64999390  -999.250000
 972.60000000 423.17001343  -999.250000
 972.80000000 425.42999268  -999.250000
 973.00000000 426.79998779  -999.250000
 973.20000000 429.04998779  -999.250000
 973.40000000 432.13000488  -999.250000
 973.60000000 434.13000488  -999.250000
 973.80000000 433.48001099  -999.250000
 974.00000000 430.07000732  -999.250000
 974.20000000 426.35000610  -999.250000
 974.40000000 424.64999390  -999.250000
 974.60000000 425.25000000  -999.250000
 974.80000000 426.70001221  -999.250000
 975.00000000 428.07000732  -999.250000
 975.20000000 430.20001221  -999.250000
 975.40000000 433.32998657  -999.250000
 975.60000000 435.60000610  -999.250000
 975.80000000 436.27999878  -999.250000
 976.00000000 436.20001221  -999.250000
 976.20000000 435.64999390  -999.250000
 976.40000000 434.39999390  -999.250000
 976.60000000 432.92999268  -999.250000
 976.80000000 431.57000732  -999.250000
 977.00000000 431.20001221  -999.250000
 977.20000000 432.61999512  -999.250000
 977.40000000 435.48001099  -999.250000
 977.60000000 436.79998779  -999.250000
 977.80000000 435.45001221  -999.250000
 978.00000000 433.45001221  -999.250000
 978.20000000 433.20001221  -999.250000
 978.40000000 434.45001221  -999.250000
 978.60000000 435.23001099  -999.250000
 978.80000000 434.73001099  -999.250000
 979.00000000 433.20001221  -999.250000
 979.20000000 430.45001221  -999.250000
 979.40000000 427.07000732  -999.250000
 979.60000000 425.26998901  -999.250000
 979.80000000 424.89999390  -999.250000
 980.00000000 425.10000610  -999.250000
 980.20000000 425.50000000  -999.250000
 980.40000000 425.97000122  -999.250000
 980.60000000 427.01998901  -999.250000
 980.80000000 428.13000488  -999.250000
 981.00000000 428.38000488  -999.250000
 981.20000000 428.01998901  -999.250000
 981.40000000 427.76998901  -999.250000
 981.60000000 428.32000732  -999.250000
 981.80000000 429.54998779  -999.250000
 982.00000000 431.85000610  -999.250000
 982.20000000 436.26998901  -999.250000
 982.40000000 441.77999878  -999.250000
 982.60000000 445.38000488  -999.250000
 982.80000000 445.02999878  -999.250000
 983.00000000 439.89999390  -999.250000
 983.20000000 434.85000610  -999.250000
 983.40000000 433.75000000  -999.250000
 983.60000000 433.92001343  -999.250000
 983.80000000 434.48001099  -999.250000
 984.00000000 434.82998657  -999.250000
 984.20000000 433.70001221  -999.250000
 984.40000000 430.85000610  -999.250000
 984.60000000 428.47000122  -999.250000
 984.80000000 428.14999390  -999.250000
 985.00000000 428.48001099  -999.250000
 985.20000000 428.25000000  -999.250000
 985.40000000 427.64999390  -999.250000
 985.60000000 427.67001343  -999.250000
 985.80000000 428.51998901  -999.250000
 986.00000000 429.45001221  -999.250000
 986.20000000 429.79998779  -999.250000
 986.40000000 430.32000732  -999.250000
 986.60000000 432.26998901  -999.250000
 986.80000000 435.14999390  -999.250000
 987.00000000 437.42999268  -999.250000
 987.20000000 438.48001099  -999.250000
 987.40000000 437.67999268  -999.250000
 987.60000000 435.29998779  -999.250000
 987.80000000 432.85000610  -999.250000
 988.00000000 430.63000488  -999.250000
 988.20000000 427.04998779  -999.250000
 988.40000000 423.01998901  -999.250000
 988.60000000 424.14999390  -999.250000
 988.80000000 428.73001099  -999.250000
 989.00000000 431.50000000  -999.250000
 989.20000000 430.88000488  -999.250000
 989.40000000 427.54998779  -999.250000
 989.60000000 426.22000122  -999.250000
 989.80000000 428.77999878  -999.250000
 990.00000000 431.04998779  -999.250000
 990.20000000 431.29998779  -999.250000
 990.40000000 431.10000610  -999.250000
 990.60000000 430.77999878  -999.250000
 990.80000000 429.85000610  -999.250000
 991.00000000 428.22000122  -999.250000
 991.20000000 427.07000732  -999.250000
 991.40000000 427.25000000  -999.250000
 991.60000000 428.51998901  -999.250000
 991.80000000 430.23001099  -999.250000
 992.00000000 431.04998779  -999.250000
 992.20000000 430.85000610  -999.250000
 992.40000000 430.04998779  -999.250000
 992.60000000 429.51998901  -999.250000
 992.80000000 429.51998901  -999.250000
 993.00000000 430.14999390  -999.250000
 993.20000000 431.52999878  -999.250000
 993.40000000 433.25000000  -999.250000
 993.60000000 433.82998657  -999.250000
 993.80000000 431.35000610  -999.250000
 994.00000000 426.25000000  -999.250000
 994.20000000 424.36999512  -999.250000
 994.40000000 427.79998779  -999.250000
 994.60000000 432.07998657  -999.250000
 994.80000000 434.70001221  -999.250000
 995.00000000 435.42999268  -999.250000
 995.20000000 433.67999268  -999.250000
 995.40000000 430.20001221  -999.250000
 995.60000000 426.67001343  -999.250000
 995.80000000 424.04998779  -999.250000
 996.00000000 421.92001343  -999.250000
 996.20000000 420.22000122  -999.250000
 996.40000000 419.97000122  -999.250000
 996.60000000 420.57998657  -999.250000
 996.80000000 421.01998901  -999.250000
 997.00000000 421.95001221  -999.250000
 997.20000000 423.92001343  -999.250000
 997.40000000 427.36999512  -999.250000
 997.60000000 431.29998779  -999.250000
 997.80000000 432.89999390  -999.250000
 998.00000000 431.48001099  -999.250000
 998.20000000 428.04998779  -999.250000
 998.40000000 423.92999268  -999.250000
 998.60000000 420.22000122  -999.250000
 998.80000000 418.39999390  -999.250000
 999.00000000 419.01998901  -999.250000
 999.20000000 420.42999268  -999.250000
 999.40000000 421.27999878  -999.250000
 999.60000000 421.72000122  -999.250000
 999.80000000 422.48001099  -999.250000
 1000.0000000 422.98001099  -999.250000
 1000.2000000 422.92001343  -999.250000
 1000.4000000 423.54998779  -999.250000
 1000.6000000 426.04998779  -999.250000
 1000.8000000 429.00000000  -999.250000
 1001.0000000 430.63000488  -999.250000
 1001.2000000 431.13000488  -999.250000
 1001.4000000 430.63000488  -999.250000
 1001.6000000 428.75000000  -999.250000
 1001.8000000 426.07000732  -999.250000
 1002.0000000 424.42001343  -999.250000
 1002.2000000 424.32000732  -999.250000
 1002.4000000 424.32998657  -999.250000
 1002.6000000 423.35000610  -999.250000
 1002.8000000 422.82000732  -999.250000
 1003.0000000 423.79998779  -999.250000
 1003.2000000 424.95001221  -999.250000
 1003.4000000 425.13000488  -999.250000
 1003.6000000 423.95001221  -999.250000
 1003.8000000 420.79998779  -999.250000
 1004.0000000 416.70001221  -999.250000
 1004.2000000 414.97000122  -999.250000
 1004.4000000 415.75000000  -999.250000
 1004.6000000 416.38000488  -999.250000
 1004.8000000 415.92001343  -999.250000
 1005.0000000 415.85000610  -999.250000
 1005.2000000 416.50000000  -999.250000
 1005.4000000 417.32998657  -999.250000
 1005.6000000 417.77999878  -999.250000
 1005.8000000 418.11999512  -999.250000
 1006.0000000 419.11999512  -999.250000
 1006.2000000 420.60000610  -999.250000
 1006.4000000 421.17999268  -999.250000
 1006.6000000 421.20001221  -999.250000
 1006.8000000 421.14999390  -999.250000
 1007.0000000 420.82000732  -999.250000
 1007.2000000 420.79998779  -999.250000
 1007.4000000 421.64999390  -999.250000
 1007.6000000 422.13000488  -999.250000
 1007.8000000 420.75000000  -999.250000
 1008.0000000 418.70001221  -999.250000
 1008.2000000 418.11999512  -999.250000
 1008.4000000 419.20001221  -999.250000
 1008.6000000 420.27999878  -999.250000
 1008.8000000 420.67999268  -999.250000
 1009.0000000 420.54998779  -999.250000
 1009.2000000 420.01998901  -999.250000
 1009.4000000 419.48001099  -999.250000
 1009.6000000 418.27999878  -999.250000
 1009.8000000 415.54998779  -999.250000
 1010.0000000 412.47000122  -999.250000
 1010.2000000 411.54998779  -999.250000
 1010.4000000 412.97000122  -999.250000
 1010.6000000 415.79998779  -999.250000
 1010.8000000 419.50000000  -999.250000
 1011.0000000 422.70001221  -999.250000
 1011.2000000 423.38000488  -999.250000
 1011.4000000 421.89999390  -999.250000
 1011.6000000 420.64999390  -999.250000
 1011.8000000 421.60000610  -999.250000
 1012.0000000 423.92999268  -999.250000
 1012.2000000 425.38000488  -999.250000
 1012.4000000 425.02999878  -999.250000
 1012.6000000 423.64999390  -999.250000
 1012.8000000 422.42001343  -999.250000
 1013.0000000 421.51998901  -999.250000
 1013.2000000 421.11999512  -999.250000
 1013.4000000 421.17999268  -999.250000
 1013.6000000 421.13000488  -999.250000
 1013.8000000 420.54998779  -999.250000
 1014.0000000 420.39999390  -999.250000
 1014.2000000 421.27999878  -999.250000
 1014.4000000 421.89999390  -999.250000
 1014.6000000 421.35000610  -999.250000
 1014.8000000 420.32000732  -999.250000
 1015.0000000 419.67999268  -999.250000
 1015.2000000 419.04998779  -999.250000
 1015.4000000 417.73001099  -999.250000
 1015.6000000 415.50000000  -999.250000
 1015.8000000 413.36999512  -999.250000
 1016.0000000 412.17001343  -999.250000
 1016.2000000 412.25000000  -999.250000
 1016.4000000 413.14999390  -999.250000
 1016.6000000 413.70001221  -999.250000
 1016.8000000 414.32998657  -999.250000
 1017.0000000 415.25000000  -999.250000
 1017.2000000 415.75000000  -999.250000
 1017.4000000 415.70001221  -999.250000
 1017.6000000 415.51998901  -999.250000
 1017.8000000 416.01998901  -999.250000
 1018.0000000 418.17001343  -999.250000
 1018.2000000 421.04998779  -999.250000
 1018.4000000 422.23001099  -999.250000
 1018.6000000 421.27999878  -999.250000
 1018.8000000 419.61999512  -999.250000
 1019.0000000 418.04998779  -999.250000
 1019.2000000 417.29998779  -999.250000
 1019.4000000 418.22000122  -999.250000
 1019.6000000 420.04998779  -999.250000
 1019.8000000 421.48001099  -999.250000
 1020.0000000 422.57000732  -999.250000
 1020.2000000 424.29998779  -999.250000
 1020.4000000 426.00000000  -999.250000
 1020.6000000 426.57998657  -999.250000
 1020.8000000 426.42999268  -999.250000
 1021.0000000 425.04998779  -999.250000
 1021.2000000 421.67001343  -999.250000
 1021.4000000 417.97000122  -999.250000
 1021.6000000 416.60000610  -999.250000
 1021.8000000 417.54998779  -999.250000
 1022.0000000 418.07998657  -999.250000
 1022.2000000 417.22000122  -999.250000
 1022.4000000 416.51998901  -999.250000
 1022.6000000 416.39999390  -999.250000
 1022.8000000 416.64999390  -999.250000
 1023.0000000 417.72000122  -999.250000
 1023.2000000 419.14999390  -999.250000
 1023.4000000 419.85000610  -999.250000
 1023.6000000 419.77999878  -999.250000
 1023.8000000 419.42999268  -999.250000
 1024.0000000 418.45001221  -999.250000
 1024.2000000 416.72000122  -999.250000
 1024.4000000 415.26998901  -999.250000
 1024.6000000 414.92001343  -999.250000
 1024.8000000 415.14999390  -999.250000
 1025.0000000 415.97000122  -999.250000
 1025.2000000 417.50000000  -999.250000
 1025.4000000 417.79998779  -999.250000
 1025.6000000 415.77999878  -999.250000
 1025.8000000 413.35000610  -999.250000
 1026.0000000 412.51998901  -999.250000
 1026.2000000 413.17999268  -999.250000
 1026.4000000 413.82998657  -999.250000
 1026.6000000 413.88000488  -999.250000
 1026.8000000 413.79998779  -999.250000
 1027.0000000 413.45001221  -999.250000
 1027.2000000 412.38000488  -999.250000
 1027.4000000 411.04998779  -999.250000
 1027.6000000 410.29998779  -999.250000
 1027.8000000 410.89999390  -999.250000
 1028.0000000 412.82998657  -999.250000
 1028.2000000 415.17999268  -999.250000
 1028.4000000 417.04998779  -999.250000
 1028.6000000 418.51998901  -999.250000
 1028.8000000 421.20001221  -999.250000
 1029.0000000 423.39999390  -999.250000
 1029.2000000 422.77999878  -999.250000
 1029.4000000 420.14999390  -999.250000
 1029.6000000 416.85000610  -999.250000
 1029.8000000 414.14999390  -999.250000
 1030.0000000 413.10000610  -999.250000
 1030.2000000 413.25000000  -999.250000
 1030.4000000 413.25000000  -999.250000
 1030.6000000 413.00000000  -999.250000
 1030.8000000 412.77999878  -999.250000
 1031.0000000 412.20001221  -999.250000
 1031.2000000 411.36999512  -999.250000
 1031.4000000 411.14999390  -999.250000
 1031.6000000 411.77999878  -999.250000
 1031.8000000 412.54998779  -999.250000
 1032.0000000 412.73001099  -999.250000
 1032.2000000 412.35000610  -999.250000
 1032.4000000 412.67001343  -999.250000
 1032.6000000 413.95001221  -999.250000
 1032.8000000 414.79998779  -999.250000
 1033.0000000 414.35000610  -999.250000
 1033.2000000 413.35000610  -999.250000
 1033.4000000 412.95001221  -999.250000
 1033.6000000 413.27999878  -999.250000
 1033.8000000 413.48001099  -999.250000
 1034.0000000 413.04998779  -999.250000
 1034.2000000 412.14999390  -999.250000
 1034.4000000 411.85000610  -999.250000
 1034.6000000 412.51998901  -999.250000
 1034.8000000 413.60000610  -999.250000
 1035.0000000 413.79998779  -999.250000
 1035.2000000 413.64999390  -999.250000
 1035.4000000 414.04998779  -999.250000
 1035.6000000 415.00000000  -999.250000
 1035.8000000 415.88000488  -999.250000
 1036.0000000 416.29998779  -999.250000
 1036.2000000 416.64999390  -999.250000
 1036.4000000 417.67999268  -999.250000
 1036.6000000 418.67999268  -999.250000
 1036.8000000 418.42999268  -999.250000
 1037.0000000 417.11999512  -999.250000
 1037.2000000 416.07000732  -999.250000
 1037.4000000 416.04998779  -999.250000
 1037.6000000 416.61999512  -999.250000
 1037.8000000 417.60000610  -999.250000
 1038.0000000 418.73001099  -999.250000
 1038.2000000 419.27999878  -999.250000
 1038.4000000 419.50000000  -999.250000
 1038.6000000 419.82000732  -999.250000
 1038.8000000 420.35000610  -999.250000
 1039.0000000 420.32998657  -999.250000
 1039.2000000 419.29998779  -999.250000
 1039.4000000 418.14999390  -999.250000
 1039.6000000 417.77999878  -999.250000
 1039.8000000 417.60000610  -999.250000
 1040.0000000 417.51998901  -999.250000
 1040.2000000 417.70001221  -999.250000
 1040.4000000 417.25000000  -999.250000
 1040.6000000 414.64999390  -999.250000
 1040.8000000 410.17999268  -999.250000
 1041.0000000 400.95999146  -999.250000
 1041.2000000 384.48999023  -999.250000
 1041.4000000 369.33999634  -999.250000
 1041.6000000 340.76998901  -999.250000
 1041.8000000 304.54000854  -999.250000
 1042.0000000 291.17001343  -999.250000
 1042.2000000 282.13000488  -999.250000
 1042.4000000 274.51998901  -999.250000
 1042.6000000 293.88000488  -999.250000
 1042.8000000 332.45999146  -999.250000
 1043.0000000 376.29000854  -999.250000
 1043.2000000 422.19000244  -999.250000
 1043.4000000 425.42999268  -999.250000
 1043.6000000 401.92999268  -999.250000
 1043.8000000 395.14001465  -999.250000
 1044.0000000 403.42999268  -999.250000
 1044.2000000 409.42999268  -999.250000
 1044.4000000 410.29998779  -999.250000
 1044.6000000 408.60000610  -999.250000
 1044.8000000 408.14999390  -999.250000
 1045.0000000 410.75000000  -999.250000
 1045.2000000 413.98001099  -999.250000
 1045.4000000 415.39999390  -999.250000
 1045.6000000 415.45001221  -999.250000
 1045.8000000 415.20001221  -999.250000
 1046.0000000 415.10000610  -999.250000
 1046.2000000 415.17999268  -999.250000
 1046.4000000 415.14999390  -999.250000
 1046.6000000 414.54998779  -999.250000
 1046.8000000 413.39999390  -999.250000
 1047.0000000 412.22000122  -999.250000
 1047.2000000 411.10000610  -999.250000
 1047.4000000 409.82000732  -999.250000
 1047.6000000 408.57998657  -999.250000
 1047.8000000 407.50000000  -999.250000
 1048.0000000 407.39999390  -999.250000
 1048.2000000 407.52999878  -999.250000
 1048.4000000 407.32000732  -999.250000
 1048.6000000 407.47000122  -999.250000
 1048.8000000 408.26998901  -999.250000
 1049.0000000 410.25000000  -999.250000
 1049.2000000 414.17999268  -999.250000
 1049.4000000 417.92999268  -999.250000
 1049.6000000 419.92001343  -999.250000
 1049.8000000 421.60000610  -999.250000
 1050.0000000 422.70001221  -999.250000
 1050.2000000 422.29998779  -999.250000
 1050.4000000 420.38000488  -999.250000
 1050.6000000 417.95001221  -999.250000
 1050.8000000 416.25000000  -999.250000
 1051.0000000 415.42001343  -999.250000
 1051.2000000 415.11999512  -999.250000
 1051.4000000 414.92999268  -999.250000
 1051.6000000 413.79998779  -999.250000
 1051.8000000 411.29998779  -999.250000
 1052.0000000 409.00000000  -999.250000
 1052.2000000 409.25000000  -999.250000
 1052.4000000 411.32998657  -999.250000
 1052.6000000 412.75000000  -999.250000
 1052.8000000 413.04998779  -999.250000
 1053.0000000 412.67999268  -999.250000
 1053.2000000 412.17999268  -999.250000
 1053.4000000 411.42999268  -999.250000
 1053.6000000 409.89999390  -999.250000
 1053.8000000 408.76998901  -999.250000
 1054.0000000 409.92001343  -999.250000
 1054.2000000 412.79998779  -999.250000
 1054.4000000 414.79998779  -999.250000
 1054.6000000 415.10000610  -999.250000
 1054.8000000 414.63000488  -999.250000
 1055.0000000 412.95001221  -999.250000
 1055.2000000 410.75000000  -999.250000
 1055.4000000 410.11999512  -999.250000
 1055.6000000 410.17999268  -999.250000
 1055.8000000 410.07000732  -999.250000
 1056.0000000 410.86999512  -999.250000
 1056.2000000 412.45001221  -999.250000
 1056.4000000 413.45001221  -999.250000
 1056.6000000 413.79998779  -999.250000
 1056.8000000 414.04998779  -999.250000
 1057.0000000 413.82998657  -999.250000
 1057.2000000 412.67999268  -999.250000
 1057.4000000 411.45001221  -999.250000
 1057.6000000 410.95001221  -999.250000
 1057.8000000 410.67999268  -999.250000
 1058.0000000 410.11999512  -999.250000
 1058.2000000 409.85000610  -999.250000
 1058.4000000 410.11999512  -999.250000
 1058.6000000 410.79998779  -999.250000
 1058.8000000 411.57998657  -999.250000
 1059.0000000 412.10000610  -999.250000
 1059.2000000 412.35000610  -999.250000
 1059.4000000 412.70001221  -999.250000
 1059.6000000 412.88000488  -999.250000
 1059.8000000 412.25000000  -999.250000
 1060.0000000 410.77999878  -999.250000
 1060.2000000 409.42001343  -999.250000
 1060.4000000 409.42001343  -999.250000
 1060.6000000 409.85000610  -999.250000
 1060.8000000 409.77999878  -999.250000
 1061.0000000 409.54998779  -999.250000
 1061.2000000 410.20001221  -999.250000
 1061.4000000 412.10000610  -999.250000
 1061.6000000 414.10000610  -999.250000
 1061.8000000 414.92999268  -999.250000
 1062.0000000 414.17999268  -999.250000
 1062.2000000 411.88000488  -999.250000
 1062.4000000 409.42001343  -999.250000
 1062.6000000 408.51998901  -999.250000
 1062.8000000 409.42001343  -999.250000
 1063.0000000 410.89999390  -999.250000
 1063.2000000 411.29998779  -999.250000
 1063.4000000 410.42001343  -999.250000
 1063.6000000 409.67001343  -999.250000
 1063.8000000 409.75000000  -999.250000
 1064.0000000 410.45001221  -999.250000
 1064.2000000 410.79998779  -999.250000
 1064.4000000 410.07998657  -999.250000
 1064.6000000 409.25000000  -999.250000
 1064.8000000 410.04998779  -999.250000
 1065.0000000 412.38000488  -999.250000
 1065.2000000 414.13000488  -999.250000
 1065.4000000 414.67999268  -999.250000
 1065.6000000 415.00000000  -999.250000
 1065.8000000 415.10000610  -999.250000
 1066.0000000 414.92001343  -999.250000
 1066.2000000 415.01998901  -999.250000
 1066.4000000 415.25000000  -999.250000
 1066.6000000 414.89999390  -999.250000
 1066.8000000 414.42001343  -999.250000
 1067.0000000 414.29998779  -999.250000
 1067.2000000 414.14999390  -999.250000
 1067.4000000 413.50000000  -999.250000
 1067.6000000 413.00000000  -999.250000
 1067.8000000 413.60000610  -999.250000
 1068.0000000 414.35000610  -999.250000
 1068.2000000 414.32000732  -999.250000
 1068.4000000 414.47000122  -999.250000
 1068.6000000 415.76998901  -999.250000
 1068.8000000 417.70001221  -999.250000
 1069.0000000 418.38000488  -999.250000
 1069.2000000 417.27999878  -999.250000
 1069.4000000 415.39999390  -999.250000
 1069.6000000 413.45001221  -999.250000
 1069.8000000 412.04998779  -999.250000
 1070.0000000 411.54998779  -999.250000
 1070.2000000 412.39999390  -999.250000
 1070.4000000 414.10000610  -999.250000
 1070.6000000 412.85998535  -999.250000
 1070.8000000 407.29998779  -999.250000
 1071.0000000 400.92999268  -999.250000
 1071.2000000 392.88000488  -999.250000
 1071.4000000 380.54998779  -999.250000
 1071.6000000 368.29000854  -999.250000
 1071.8000000 361.35000610  -999.250000
 1072.0000000 351.23999023  -999.250000
 1072.2000000 333.07000732  -999.250000
 1072.4000000 319.29000854  -999.250000
 1072.6000000 312.27999878  -999.250000
 1072.8000000 302.42001343  -999.250000
 1073.0000000 303.23999023  -999.250000
 1073.2000000 345.52999878  -999.250000
 1073.4000000 388.86999512  -999.250000
 1073.6000000 398.70001221  -999.250000
 1073.8000000 400.97000122  -999.250000
 1074.0000000 407.11999512  -999.250000
 1074.2000000 414.02999878  -999.250000
 1074.4000000 415.57998657  -999.250000
 1074.6000000 414.60000610  -999.250000
 1074.8000000 413.64999390  -999.250000
 1075.0000000 413.42001343  -999.250000
 1075.2000000 413.54998779  -999.250000
 1075.4000000 413.27999878  -999.250000
 1075.6000000 412.92001343  -999.250000
 1075.8000000 412.77999878  -999.250000
 1076.0000000 412.07998657  -999.250000
 1076.2000000 410.85000610  -999.250000
 1076.4000000 410.01998901  -999.250000
 1076.6000000 409.72000122  -999.250000
 1076.8000000 409.48001099  -999.250000
 1077.0000000 408.88000488  -999.250000
 1077.2000000 408.32000732  -999.250000
 1077.4000000 408.22000122  -999.250000
 1077.6000000 408.04998779  -999.250000
 1077.8000000 406.77999878  -999.250000
 1078.0000000 405.04998779  -999.250000
 1078.2000000 404.95001221  -999.250000
 1078.4000000 406.67999268  -999.250000
 1078.6000000 408.29998779  -999.250000
 1078.8000000 408.54998779  -999.250000
 1079.0000000 408.11999512  -999.250000
 1079.2000000 408.07998657  -999.250000
 1079.4000000 407.92999268  -999.250000
 1079.6000000 406.79998779  -999.250000
 1079.8000000 405.47000122  -999.250000
 1080.0000000 405.11999512  -999.250000
 1080.2000000 405.51998901  -999.250000
 1080.4000000 406.22000122  -999.250000
 1080.6000000 406.88000488  -999.250000
 1080.8000000 407.04998779  -999.250000
 1081.0000000 406.61999512  -999.250000
 1081.2000000 406.42001343  -999.250000
 1081.4000000 407.45001221  -999.250000
 1081.6000000 408.82998657  -999.250000
 1081.8000000 409.07998657  -999.250000
 1082.0000000 408.50000000  -999.250000
 1082.2000000 407.95001221  -999.250000
 1082.4000000 408.00000000  -999.250000
 1082.6000000 407.98001099  -999.250000
 1082.8000000 406.70001221  -999.250000
 1083.0000000 405.11999512  -999.250000
 1083.2000000 404.72000122  -999.250000
 1083.4000000 405.25000000  -999.250000
 1083.6000000 406.70001221  -999.250000
 1083.8000000 408.32998657  -999.250000
 1084.0000000 408.88000488  -999.250000
 1084.2000000 407.75000000  -999.250000
 1084.4000000 405.79998779  -999.250000
 1084.6000000 404.67001343  -999.250000
 1084.8000000 404.45001221  -999.250000
 1085.0000000 404.79998779  -999.250000
 1085.2000000 405.48001099  -999.250000
 1085.4000000 405.88000488  -999.250000
 1085.6000000 406.29998779  -999.250000
 1085.8000000 408.20001221  -999.250000
 1086.0000000 411.20001221  -999.250000
 1086.2000000 412.95001221  -999.250000
 1086.4000000 412.60000610  -999.250000
 1086.6000000 411.01998901  -999.250000
 1086.8000000 409.70001221  -999.250000
 1087.0000000 409.22000122  -999.250000
 1087.2000000 408.82998657  -999.250000
 1087.4000000 407.63000488  -999.250000
 1087.6000000 405.70001221  -999.250000
 1087.8000000 404.01998901  -999.250000
 1088.0000000 403.45001221  -999.250000
 1088.2000000 403.51998901  -999.250000
 1088.4000000 404.39999390  -999.250000
 1088.6000000 406.64999390  -999.250000
 1088.8000000 409.17999268  -999.250000
 1089.0000000 409.76000977  -999.250000
 1089.2000000 406.77999878  -999.250000
 1089.4000000 401.60000610  -999.250000
 1089.6000000 399.29000854  -999.250000
 1089.8000000 401.04998779  -999.250000
 1090.0000000 403.27999878  -999.250000
 1090.2000000 403.52999878  -999.250000
 1090.4000000 402.76998901  -999.250000
 1090.6000000 402.95001221  -999.250000
 1090.8000000 404.72000122  -999.250000
 1091.0000000 406.64999390  -999.250000
 1091.2000000 406.95001221  -999.250000
 1091.4000000 406.42001343  -999.250000
 1091.6000000 406.20001221  -999.250000
 1091.8000000 406.14999390  -999.250000
 1092.0000000 405.54998779  -999.250000
 1092.2000000 404.60000610  -999.250000
 1092.4000000 404.85000610  -999.250000
 1092.6000000 405.85000610  -999.250000
 1092.8000000 406.02999878  -999.250000
 1093.0000000 405.29998779  -999.250000
 1093.2000000 404.75000000  -999.250000
 1093.4000000 404.79998779  -999.250000
 1093.6000000 404.98001099  -999.250000
 1093.8000000 404.98001099  -999.250000
 1094.0000000 404.79998779  -999.250000
 1094.2000000 404.50000000  -999.250000
 1094.4000000 404.35000610  -999.250000
 1094.6000000 404.95001221  -999.250000
 1094.8000000 405.95001221  -999.250000
 1095.0000000 406.25000000  -999.250000
 1095.2000000 405.77999878  -999.250000
 1095.4000000 404.79998779  -999.250000
 1095.6000000 403.67001343  -999.250000
 1095.8000000 403.26998901  -999.250000
 1096.0000000 403.67999268  -999.250000
 1096.2000000 403.98001099  -999.250000
 1096.4000000 404.00000000  -999.250000
 1096.6000000 404.10000610  -999.250000
 1096.8000000 404.20001221  -999.250000
 1097.0000000 404.07998657  -999.250000
 1097.2000000 403.54998779  -999.250000
 1097.4000000 402.70001221  -999.250000
 1097.6000000 401.92001343  -999.250000
 1097.8000000 401.17999268  -999.250000
 1098.0000000 400.36999512  -999.250000
 1098.2000000 400.57000732  -999.250000
 1098.4000000 401.85000610  -999.250000
 1098.6000000 402.79998779  -999.250000
 1098.8000000 402.64999390  -999.250000
 1099.0000000 401.82000732  -999.250000
 1099.2000000 401.26998901  -999.250000
 1099.4000000 401.57998657  -999.250000
 1099.6000000 401.95001221  -999.250000
 1099.8000000 402.61999512  -999.250000
 1100.0000000 403.70001221  -999.250000
 1100.2000000 404.89999390  -999.250000
 1100.4000000 405.82998657  -999.250000
 1100.6000000 405.64999390  -999.250000
 1100.8000000 404.14999390  -999.250000
 1101.0000000 401.48001099  -999.250000
 1101.2000000 398.26998901  -999.250000
 1101.4000000 396.29000854  -999.250000
 1101.6000000 397.29998779  -999.250000
 1101.8000000 399.79998779  -999.250000
 1102.0000000 401.07998657  -999.250000
 1102.2000000 400.85000610  -999.250000
 1102.4000000 401.00000000  -999.250000
 1102.6000000 402.60000610  -999.250000
 1102.8000000 404.50000000  -999.250000
 1103.0000000 405.14999390  -999.250000
 1103.2000000 404.85000610  -999.250000
 1103.4000000 404.60000610  -999.250000
 1103.6000000 404.39999390  -999.250000
 1103.8000000 404.50000000  -999.250000
 1104.0000000 405.76998901  -999.250000
 1104.2000000 407.64999390  -999.250000
 1104.4000000 408.77999878  -999.250000
 1104.6000000 409.10000610  -999.250000
 1104.8000000 408.89999390  -999.250000
 1105.0000000 408.35000610  -999.250000
 1105.2000000 407.39999390  -999.250000
 1105.4000000 406.42001343  -999.250000
 1105.6000000 405.57998657  -999.250000
 1105.8000000 404.76998901  -999.250000
 1106.0000000 404.75000000  -999.250000
 1106.2000000 405.29998779  -999.250000
 1106.4000000 405.64999390  -999.250000
 1106.6000000 405.20001221  -999.250000
 1106.8000000 403.67999268  -999.250000
 1107.0000000 401.70001221  -999.250000
 1107.2000000 399.82000732  -999.250000
 1107.4000000 398.67001343  -999.250000
 1107.6000000 399.10000610  -999.250000
 1107.8000000 401.29998779  -999.250000
 1108.0000000 403.45001221  -999.250000
 1108.2000000 403.27999878  -999.250000
 1108.4000000 401.25000000  -999.250000
 1108.6000000 399.95001221  -999.250000
 1108.8000000 400.39999390  -999.250000
 1109.0000000 401.04998779  -999.250000
 1109.2000000 401.04998779  -999.250000
 1109.4000000 400.61999512  -999.250000
 1109.6000000 400.85000610  -999.250000
 1109.8000000 402.10000610  -999.250000
 1110.0000000 403.63000488  -999.250000
 1110.2000000 404.29998779  -999.250000
 1110.4000000 403.50000000  -999.250000
 1110.6000000 401.57000732  -999.250000
 1110.8000000 400.54998779  -999.250000
 1111.0000000 401.70001221  -999.250000
 1111.2000000 404.35000610  -999.250000
 1111.4000000 406.77999878  -999.250000
 1111.6000000 407.98001099  -999.250000
 1111.8000000 409.00000000  -999.250000
 1112.0000000 410.95001221  -999.250000
 1112.2000000 409.89001465  -999.250000
 1112.4000000 400.77999878  -999.250000
 1112.6000000 389.54998779  -999.250000
 1112.8000000 386.76000977  -999.250000
 1113.0000000 391.29998779  -999.250000
 1113.2000000 396.10998535  -999.250000
 1113.4000000 397.25000000  -999.250000
 1113.6000000 396.39999390  -999.250000
 1113.8000000 395.67001343  -999.250000
 1114.0000000 395.97000122  -999.250000
 1114.2000000 398.00000000  -999.250000
 1114.4000000 398.98999023  -999.250000
 1114.6000000 384.60998535  -999.250000
 1114.8000000 357.35000610  -999.250000
 1115.0000000 340.61999512  -999.250000
 1115.2000000 343.60000610  -999.250000
 1115.4000000 350.98001099  -999.250000
 1115.6000000 357.95999146  -999.250000
 1115.8000000 370.13000488  -999.250000
 1116.0000000 379.01998901  -999.250000
 1116.2000000 380.92999268  -999.250000
 1116.4000000 381.01998901  -999.250000
 1116.6000000 381.51998901  -999.250000
 1116.8000000 384.01998901  -999.250000
 1117.0000000 389.51998901  -999.250000
 1117.2000000 395.04000854  -999.250000
 1117.4000000 397.39999390  -999.250000
 1117.6000000 397.55999756  -999.250000
 1117.8000000 395.92001343  -999.250000
 1118.0000000 394.64001465  -999.250000
 1118.2000000 395.01998901  -999.250000
 1118.4000000 395.77999878  -999.250000
 1118.6000000 396.20001221  -999.250000
 1118.8000000 397.10000610  -999.250000
 1119.0000000 399.17999268  -999.250000
 1119.2000000 400.92999268  -999.250000
 1119.4000000 400.89001465  -999.250000
 1119.6000000 394.92999268  -999.250000
 1119.8000000 383.39001465  -999.250000
 1120.0000000 382.54000854  -999.250000
 1120.2000000 392.73999023  -999.250000
 1120.4000000 400.58999634  -999.250000
 1120.6000000 402.60000610  -999.250000
 1120.8000000 402.54998779  -999.250000
 1121.0000000 401.39999390  -999.250000
 1121.2000000 398.72000122  -999.250000
 1121.4000000 396.42001343  -999.250000
 1121.6000000 395.95001221  -999.250000
 1121.8000000 396.20001221  -999.250000
 1122.0000000 396.20001221  -999.250000
 1122.2000000 395.82000732  -999.250000
 1122.4000000 395.35000610  -999.250000
 1122.6000000 395.39999390  -999.250000
 1122.8000000 396.75000000  -999.250000
 1123.0000000 398.66000366  -999.250000
 1123.2000000 399.07998657  -999.250000
 1123.4000000 398.11999512  -999.250000
 1123.6000000 397.54998779  -999.250000
 1123.8000000 397.89999390  -999.250000
 1124.0000000 398.50000000  -999.250000
 1124.2000000 398.75000000  -999.250000
 1124.4000000 398.07998657  -999.250000
 1124.6000000 397.10000610  -999.250000
 1124.8000000 397.29998779  -999.250000
 1125.0000000 399.00000000  -999.250000
 1125.2000000 400.70999146  -999.250000
 1125.4000000 400.27999878  -999.250000
 1125.6000000 398.50000000  -999.250000
 1125.8000000 397.86999512  -999.250000
 1126.0000000 398.67999268  -999.250000
 1126.2000000 399.32998657  -999.250000
 1126.4000000 398.75000000  -999.250000
 1126.6000000 397.29998779  -999.250000
 1126.8000000 395.86999512  -999.250000
 1127.0000000 395.25000000  -999.250000
 1127.2000000 395.61999512  -999.250000
 1127.4000000 396.52999878  -999.250000
 1127.6000000 396.52999878  -999.250000
 1127.8000000 395.67001343  -999.250000
 1128.0000000 395.35000610  -999.250000
 1128.2000000 395.61999512  -999.250000
 1128.4000000 396.10000610  -999.250000
 1128.6000000 396.51998901  -999.250000
 1128.8000000 397.07998657  -999.250000
 1129.0000000 397.01000977  -999.250000
 1129.2000000 395.45001221  -999.250000
 1129.4000000 393.33999634  -999.250000
 1129.6000000 392.97000122  -999.250000
 1129.8000000 395.07000732  -999.250000
 1130.0000000 398.25000000  -999.250000
 1130.2000000 400.51000977  -999.250000
 1130.4000000 400.98001099  -999.250000
 1130.6000000 399.85000610  -999.250000
 1130.8000000 398.25000000  -999.250000
 1131.0000000 397.45001221  -999.250000
 1131.2000000 397.75000000  -999.250000
 1131.4000000 399.01998901  -999.250000
 1131.6000000 401.32000732  -999.250000
 1131.8000000 405.94000244  -999.250000
 1132.0000000 412.32000732  -999.250000
 1132.2000000 414.98999023  -999.250000
 1132.4000000 413.60998535  -999.250000
 1132.6000000 414.88000488  -999.250000
 1132.8000000 421.55999756  -999.250000
 1133.0000000 431.00000000  -999.250000
 1133.2000000 440.16000366  -999.250000
 1133.4000000 445.69000244  -999.250000
 1133.6000000 446.73001099  -999.250000
 1133.8000000 445.51998901  -999.250000
 1134.0000000 439.82998657  -999.250000
 1134.2000000 428.51998901  -999.250000
 1134.4000000 417.94000244  -999.250000
 1134.6000000 408.98001099  -999.250000
 1134.8000000 399.64999390  -999.250000
 1135.0000000 395.70999146  -999.250000
 1135.2000000 400.69000244  -999.250000
 1135.4000000 408.26000977  -999.250000
 1135.6000000 409.41000366  -999.250000
 1135.8000000 402.75000000  -999.250000
 1136.0000000 395.76000977  -999.250000
 1136.2000000 396.48001099  -999.250000
 1136.4000000 401.85998535  -999.250000
 1136.6000000 405.70999146  -999.250000
 1136.8000000 406.23999023  -999.250000
 1137.0000000 404.22000122  -999.250000
 1137.2000000 403.02999878  -999.250000
 1137.4000000 407.82998657  -999.250000
 1137.6000000 421.98999023  -999.250000
 1137.8000000 440.82000732  -999.250000
 1138.0000000 461.13000488  -999.250000
 1138.2000000 471.85000610  -999.250000
 1138.4000000 460.54000854  -999.250000
 1138.6000000 445.48999023  -999.250000
 1138.8000000 439.83999634  -999.250000
 1139.0000000 433.42001343  -999.250000
 1139.2000000 423.52999878  -999.250000
 1139.4000000 416.39001465  -999.250000
 1139.6000000 412.17999268  -999.250000
 1139.8000000 406.44000244  -999.250000
 1140.0000000 398.64001465  -999.250000
 1140.2000000 395.82998657  -999.250000
 1140.4000000 396.29998779  -999.250000
 1140.6000000 392.58999634  -999.250000
 1140.8000000 387.79998779  -999.250000
 1141.0000000 390.48001099  -999.250000
 1141.2000000 393.70999146  -999.250000
 1141.4000000 395.32998657  -999.250000
 1141.6000000 396.01998901  -999.250000
 1141.8000000 396.79000854  -999.250000
 1142.0000000 398.69000244  -999.250000
 1142.2000000 402.16000366  -999.250000
 1142.4000000 408.11999512  -999.250000
 1142.6000000 414.17001343  -999.250000
 1142.8000000 416.64999390  -999.250000
 1143.0000000 415.45001221  -999.250000
 1143.2000000 414.10998535  -999.250000
 1143.4000000 409.94000244  -999.250000
 1143.6000000 396.94000244  -999.250000
 1143.8000000 385.29998779  -999.250000
 1144.0000000 382.67999268  -999.250000
 1144.2000000 388.10998535  -999.250000
 1144.4000000 396.64999390  -999.250000
 1144.6000000 401.48001099  -999.250000
 1144.8000000 399.97000122  -999.250000
 1145.0000000 395.04000854  -999.250000
 1145.2000000 391.77999878  -999.250000
 1145.4000000 391.48999023  -999.250000
 1145.6000000 393.17001343  -999.250000
 1145.8000000 396.57998657  -999.250000
 1146.0000000 402.57000732  -999.250000
 1146.2000000 410.01998901  -999.250000
 1146.4000000 417.57998657  -999.250000
 1146.6000000 422.44000244  -999.250000
 1146.8000000 419.86999512  -999.250000
 1147.0000000 409.51998901  -999.250000
 1147.2000000 399.50000000  -999.250000
 1147.4000000 397.01000977  -999.250000
 1147.6000000 401.27999878  -999.250000
 1147.8000000 408.48001099  -999.250000
 1148.0000000 414.44000244  -999.250000
 1148.2000000 417.92999268  -999.250000
 1148.4000000 420.23999023  -999.250000
 1148.6000000 423.29000854  -999.250000
 1148.8000000 425.10998535  -999.250000
 1149.0000000 424.50000000  -999.250000
 1149.2000000 419.33999634  -999.250000
 1149.4000000 410.66000366  -999.250000
 1149.6000000 394.70999146  -999.250000
 1149.8000000 368.45001221  -999.250000
 1150.0000000 351.77999878  -999.250000
 1150.2000000 356.05999756  -999.250000
 1150.4000000 379.95999146  -999.250000
 1150.6000000 412.75000000  -999.250000
 1150.8000000 434.42999268  -999.250000
 1151.0000000 441.64001465  -999.250000
 1151.2000000 439.79998779  -999.250000
 1151.4000000 428.88000488  -999.250000
 1151.6000000 411.79000854  -999.250000
 1151.8000000 402.88000488  -999.250000
 1152.0000000 407.23999023  -999.250000
 1152.2000000 421.22000122  -999.250000
 1152.4000000 433.27999878  -999.250000
 1152.6000000 437.50000000  -999.250000
 1152.8000000 436.44000244  -999.250000
 1153.0000000 427.70001221  -999.250000
 1153.2000000 405.86999512  -999.250000
 1153.4000000 387.47000122  -999.250000
 1153.6000000 384.32998657  -999.250000
 1153.8000000 387.98001099  -999.250000
 1154.0000000 399.48001099  -999.250000
 1154.2000000 417.14001465  -999.250000
 1154.4000000 429.76998901  -999.250000
 1154.6000000 429.72000122  -999.250000
 1154.8000000 415.79998779  -999.250000
 1155.0000000 404.52999878  -999.250000
 1155.2000000 403.60000610  -999.250000
 1155.4000000 404.19000244  -999.250000
 1155.6000000 403.19000244  -999.250000
 1155.8000000 400.20001221  -999.250000
 1156.0000000 399.07998657  -999.250000
 1156.2000000 410.25000000  -999.250000
 1156.4000000 425.35998535  -999.250000
 1156.6000000 429.41000366  -999.250000
 1156.8000000 425.95999146  -999.250000
 1157.0000000 420.22000122  -999.250000
 1157.2000000 414.26000977  -999.250000
 1157.4000000 405.61999512  -999.250000
 1157.6000000 392.55999756  -999.250000
 1157.8000000 385.79000854  -999.250000
 1158.0000000 393.41000366  -999.250000
 1158.2000000 403.04998779  -999.250000
 1158.4000000 402.63000488  -999.250000
 1158.6000000 397.64001465  -999.250000
 1158.8000000 396.91000366  -999.250000
 1159.0000000 401.77999878  -999.250000
 1159.2000000 409.73001099  -999.250000
 1159.4000000 417.51000977  -999.250000
 1159.6000000 426.19000244  -999.250000
 1159.8000000 433.13000488  -999.250000
 1160.0000000 435.48001099  -999.250000
 1160.2000000 432.67001343  -999.250000
 1160.4000000 426.58999634  -999.250000
 1160.6000000 423.76000977  -999.250000
 1160.8000000 424.01998901  -999.250000
 1161.0000000 423.82000732  -999.250000
 1161.2000000 417.86999512  -999.250000
 1161.4000000 406.13000488  -999.250000
 1161.6000000 398.07000732  -999.250000
 1161.8000000 401.57000732  -999.250000
 1162.0000000 408.70999146  -999.250000
 1162.2000000 408.80999756  -999.250000
 1162.4000000 406.73001099  -999.250000
 1162.6000000 408.94000244  -999.250000
 1162.8000000 419.16000366  -999.250000
 1163.0000000 430.92999268  -999.250000
 1163.2000000 435.75000000  -999.250000
 1163.4000000 432.45001221  -999.250000
 1163.6000000 422.55999756  -999.250000
 1163.8000000 412.52999878  -999.250000
 1164.0000000 402.58999634  -999.250000
 1164.2000000 391.70001221  -999.250000
 1164.4000000 384.41000366  -999.250000
 1164.6000000 383.69000244  -999.250000
 1164.8000000 388.38000488  -999.250000
 1165.0000000 395.92001343  -999.250000
 1165.2000000 400.83999634  -999.250000
 1165.4000000 401.51000977  -999.250000
 1165.6000000 407.51998901  -999.250000
 1165.8000000 420.17999268  -999.250000
 1166.0000000 428.48999023  -999.250000
 1166.2000000 427.35998535  -999.250000
 1166.4000000 420.86999512  -999.250000
 1166.6000000 414.54000854  -999.250000
 1166.8000000 407.98999023  -999.250000
 1167.0000000 397.35000610  -999.250000
 1167.2000000 388.39001465  -999.250000
 1167.4000000 391.04998779  -999.250000
 1167.6000000 400.01998901  -999.250000
 1167.8000000 402.29000854  -999.250000
 1168.0000000 401.51000977  -999.250000
 1168.2000000 401.72000122  -999.250000
 1168.4000000 399.55999756  -999.250000
 1168.6000000 396.14001465  -999.250000
 1168.8000000 396.39999390  -999.250000
 1169.0000000 396.20999146  -999.250000
 1169.2000000 389.26000977  -999.250000
 1169.4000000 381.26998901  -999.250000
 1169.6000000 384.07000732  -999.250000
 1169.8000000 401.38000488  -999.250000
 1170.0000000 423.75000000  -999.250000
 1170.2000000 434.85000610  -999.250000
 1170.4000000 438.42001343  -999.250000
 1170.6000000 444.35998535  -999.250000
 1170.8000000 450.64001465  -999.250000
 1171.0000000 446.54000854  -999.250000
 1171.2000000 435.57998657  -999.250000
 1171.4000000 423.27999878  -999.250000
 1171.6000000 409.89999390  -999.250000
 1171.8000000 391.82998657  -999.250000
 1172.0000000 374.61999512  -999.250000
 1172.2000000 377.97000122  -999.250000
 1172.4000000 391.22000122  -999.250000
 1172.6000000 402.29998779  -999.250000
 1172.8000000 405.38000488  -999.250000
 1173.0000000 397.32000732  -999.250000
 1173.2000000 389.77999878  -999.250000
 1173.4000000 385.67001343  -999.250000
 1173.6000000 385.27999878  -999.250000
 1173.8000000 387.45999146  -999.250000
 1174.0000000 389.61999512  -999.250000
 1174.2000000 392.58999634  -999.250000
 1174.4000000 396.04000854  -999.250000
 1174.6000000 393.82998657  -999.250000
 1174.8000000 385.30999756  -999.250000
 1175.0000000 380.39999390  -999.250000
 1175.2000000 381.95999146  -999.250000
 1175.4000000 387.38000488  -999.250000
 1175.6000000 397.57000732  -999.250000
 1175.8000000 405.67001343  -999.250000
 1176.0000000 405.04000854  -999.250000
 1176.2000000 396.48999023  -999.250000
 1176.4000000 387.16000366  -999.250000
 1176.6000000 387.76998901  -999.250000
 1176.8000000 398.92001343  -999.250000
 1177.0000000 410.14001465  -999.250000
 1177.2000000 411.66000366  -999.250000
 1177.4000000 405.00000000  -999.250000
 1177.6000000 394.38000488  -999.250000
 1177.8000000 384.80999756  -999.250000
 1178.0000000 379.60998535  -999.250000
 1178.2000000 376.86999512  -999.250000
 1178.4000000 375.38000488  -999.250000
 1178.6000000 377.58999634  -999.250000
 1178.8000000 387.26998901  -999.250000
 1179.0000000 398.05999756  -999.250000
 1179.2000000 392.85000610  -999.250000
 1179.4000000 369.48001099  -999.250000
 1179.6000000 346.67999268  -999.250000
 1179.8000000 346.05999756  -999.250000
 1180.0000000 363.52999878  -999.250000
 1180.2000000 385.07998657  -999.250000
 1180.4000000 403.14001465  -999.250000
 1180.6000000 399.57998657  -999.250000
 1180.8000000 371.86999512  -999.250000
 1181.0000000 357.79000854  -999.250000
 1181.2000000 368.14001465  -999.250000
 1181.4000000 388.32000732  -999.250000
 1181.6000000 399.39001465  -999.250000
 1181.8000000 397.48001099  -999.250000
 1182.0000000 394.04998779  -999.250000
 1182.2000000 396.04998779  -999.250000
 1182.4000000 407.92999268  -999.250000
 1182.6000000 428.48999023  -999.250000
 1182.8000000 436.70001221  -999.250000
 1183.0000000 422.44000244  -999.250000
 1183.2000000 400.95001221  -999.250000
 1183.4000000 392.52999878  -999.250000
 1183.6000000 401.89999390  -999.250000
 1183.8000000 416.94000244  -999.250000
 1184.0000000 418.51998901  -999.250000
 1184.2000000 408.89999390  -999.250000
 1184.4000000 400.23999023  -999.250000
 1184.6000000 393.95001221  -999.250000
 1184.8000000 393.23001099  -999.250000
 1185.0000000 397.92001343  -999.250000
 1185.2000000 403.41000366  -999.250000
 1185.4000000 407.50000000  -999.250000
 1185.6000000 408.35000610  -999.250000
 1185.8000000 406.35998535  -999.250000
 1186.0000000 403.44000244  -999.250000
 1186.2000000 400.70001221  -999.250000
 1186.4000000 397.38000488  -999.250000
 1186.6000000 389.44000244  -999.250000
 1186.8000000 376.14999390  -999.250000
 1187.0000000 369.10998535  -999.250000
 1187.2000000 368.32998657  -999.250000
 1187.4000000 371.02999878  -999.250000
 1187.6000000 377.75000000  -999.250000
 1187.8000000 382.55999756  -999.250000
 1188.0000000 383.10998535  -999.250000
 1188.2000000 381.79998779  -999.250000
 1188.4000000 380.10000610  -999.250000
 1188.6000000 379.25000000  -999.250000
 1188.8000000 384.36999512  -999.250000
 1189.0000000 396.23999023  -999.250000
 1189.2000000 408.95001221  -999.250000
 1189.4000000 421.10000610  -999.250000
 1189.6000000 425.67001343  -999.250000
 1189.8000000 419.67001343  -999.250000
 1190.0000000 406.35998535  -999.250000
 1190.2000000 392.54000854  -999.250000
 1190.4000000 385.20001221  -999.250000
 1190.6000000 384.07998657  -999.250000
 1190.8000000 388.26000977  -999.250000
 1191.0000000 396.51998901  -999.250000
 1191.2000000 406.73999023  -999.250000
 1191.4000000 419.00000000  -999.250000
 1191.6000000 424.50000000  -999.250000
 1191.8000000 420.91000366  -999.250000
 1192.0000000 413.79998779  -999.250000
 1192.2000000 407.79000854  -999.250000
 1192.4000000 396.79998779  -999.250000
 1192.6000000 378.73999023  -999.250000
 1192.8000000 365.85000610  -999.250000
 1193.0000000 370.39999390  -999.250000
 1193.2000000 389.50000000  -999.250000
 1193.4000000 410.39001465  -999.250000
 1193.6000000 420.98999023  -999.250000
 1193.8000000 427.20999146  -999.250000
 1194.0000000 426.75000000  -999.250000
 1194.2000000 412.73001099  -999.250000
 1194.4000000 381.45001221  -999.250000
 1194.6000000 354.25000000  -999.250000
 1194.8000000 344.35000610  -999.250000
 1195.0000000 349.42999268  -999.250000
 1195.2000000 355.95999146  -999.250000
 1195.4000000 365.23999023  -999.250000
 1195.6000000 381.60998535  -999.250000
 1195.8000000 380.51998901  -999.250000
 1196.0000000 369.20999146  -999.250000
 1196.2000000 357.85998535  -999.250000
 1196.4000000 355.92999268  -999.250000
 1196.6000000 367.23001099  -999.250000
 1196.8000000 378.72000122  -999.250000
 1197.0000000 379.92001343  -999.250000
 1197.2000000 379.76998901  -999.250000
 1197.4000000 380.57998657  -999.250000
 1197.6000000 380.98001099  -999.250000
 1197.8000000 381.32000732  -999.250000
 1198.0000000 382.44000244  -999.250000
 1198.2000000 384.27999878  -999.250000
 1198.4000000 386.01998901  -999.250000
 1198.6000000 387.98999023  -999.250000
 1198.8000000 390.77999878  -999.250000
 1199.0000000 393.20999146  -999.250000
 1199.2000000 394.16000366  -999.250000
 1199.4000000 393.73001099  -999.250000
 1199.6000000 391.89001465  -999.250000
 1199.8000000 388.57000732  -999.250000
 1200.0000000 385.98999023  -999.250000
 1200.2000000 384.88000488  -999.250000
 1200.4000000 384.04000854  -999.250000
 1200.6000000 384.04000854  -999.250000
 1200.8000000 384.73001099  -999.250000
 1201.0000000 384.67999268  -999.250000
 1201.2000000 384.26000977  -999.250000
 1201.4000000 385.14999390  -999.250000
 1201.6000000 388.05999756  -999.250000
 1201.8000000 390.64999390  -999.250000
 1202.0000000 391.29998779  -999.250000
 1202.2000000 391.86999512  -999.250000
 1202.4000000 395.97000122  -999.250000
 1202.6000000 405.13000488  -999.250000
 1202.8000000 410.89001465  -999.250000
 1203.0000000 405.20999146  -999.250000
 1203.2000000 391.83999634  -999.250000
 1203.4000000 383.72000122  -999.250000
 1203.6000000 389.48001099  -999.250000
 1203.8000000 403.38000488  -999.250000
 1204.0000000 411.14001465  -999.250000
 1204.2000000 414.41000366  -999.250000
 1204.4000000 417.67001343  -999.250000
 1204.6000000 420.67999268  -999.250000
 1204.8000000 430.73999023  -999.250000
 1205.0000000 445.26998901  -999.250000
 1205.2000000 450.86999512  -999.250000
 1205.4000000 443.79000854  -999.250000
 1205.6000000 432.48999023  -999.250000
 1205.8000000 430.76998901  -999.250000
 1206.0000000 436.58999634  -999.250000
 1206.2000000 435.85998535  -999.250000
 1206.4000000 422.22000122  -999.250000
 1206.6000000 412.38000488  -999.250000
 1206.8000000 426.88000488  -999.250000
 1207.0000000 456.58999634  -999.250000
 1207.2000000 476.08999634  -999.250000
 1207.4000000 474.60000610  -999.250000
 1207.6000000 453.30999756  -999.250000
 1207.8000000 425.77999878  -999.250000
 1208.0000000 413.38000488  -999.250000
 1208.2000000 411.42001343  -999.250000
 1208.4000000 405.20001221  -999.250000
 1208.6000000 391.25000000  -999.250000
 1208.8000000 385.98999023  -999.250000
 1209.0000000 405.45999146  -999.250000
 1209.2000000 430.61999512  -999.250000
 1209.4000000 431.88000488  -999.250000
 1209.6000000 417.91000366  -999.250000
 1209.8000000 407.01000977  -999.250000
 1210.0000000 408.83999634  -999.250000
 1210.2000000 424.70999146  -999.250000
 1210.4000000 440.72000122  -999.250000
 1210.6000000 437.98999023  -999.250000
 1210.8000000 420.51000977  -999.250000
 1211.0000000 408.08999634  -999.250000
 1211.2000000 407.45999146  -999.250000
 1211.4000000 411.75000000  -999.250000
 1211.6000000 413.47000122  -999.250000
 1211.8000000 408.64999390  -999.250000
 1212.0000000 400.29998779  -999.250000
 1212.2000000 386.89999390  -999.250000
 1212.4000000 371.35000610  -999.250000
 1212.6000000 369.35998535  -999.250000
 1212.8000000 378.50000000  -999.250000
 1213.0000000 394.22000122  -999.250000
 1213.2000000 410.29998779  -999.250000
 1213.4000000 401.67999268  -999.250000
 1213.6000000 377.23999023  -999.250000
 1213.8000000 363.95999146  -999.250000
 1214.0000000 361.85998535  -999.250000
 1214.2000000 370.17001343  -999.250000
 1214.4000000 382.77999878  -999.250000
 1214.6000000 381.79000854  -999.250000
 1214.8000000 379.27999878  -999.250000
 1215.0000000 392.76998901  -999.250000
 1215.2000000 412.97000122  -999.250000
 1215.4000000 426.83999634  -999.250000
 1215.6000000 441.01000977  -999.250000
 1215.8000000 451.04000854  -999.250000
 1216.0000000 460.54000854  -999.250000
 1216.2000000 469.45999146  -999.250000
 1216.4000000 460.55999756  -999.250000
 1216.6000000 428.39999390  -999.250000
 1216.8000000 408.38000488  -999.250000
 1217.0000000 385.02999878  -999.250000
 1217.2000000 348.61999512  -999.250000
 1217.4000000 321.79998779  -999.250000
 1217.6000000 307.41000366  -999.250000
 1217.8000000 304.73999023  -999.250000
 1218.0000000 307.51000977  -999.250000
 1218.2000000 315.26000977  -999.250000
 1218.4000000 332.86999512  -999.250000
 1218.6000000 361.77999878  -999.250000
 1218.8000000 389.95999146  -999.250000
 1219.0000000 405.20001221  -999.250000
 1219.2000000 411.45001221  -999.250000
 1219.4000000 414.91000366  -999.250000
 1219.6000000 419.95999146  -999.250000
 1219.8000000 424.51998901  -999.250000
 1220.0000000 425.10998535  -999.250000
 1220.2000000 422.66000366  -999.250000
 1220.4000000 420.48001099  -999.250000
 1220.6000000 415.70999146  -999.250000
 1220.8000000 399.66000366  -999.250000
 1221.0000000 391.80999756  -999.250000
 1221.2000000 405.29998779  -999.250000
 1221.4000000 410.17999268  -999.250000
 1221.6000000 401.63000488  -999.250000
 1221.8000000 392.30999756  -999.250000
 1222.0000000 380.16000366  -999.250000
 1222.2000000 365.13000488  -999.250000
 1222.4000000 358.08999634  -999.250000
 1222.6000000 366.73999023  -999.250000
 1222.8000000 384.04000854  -999.250000
 1223.0000000 402.69000244  -999.250000
 1223.2000000 415.29000854  -999.250000
 1223.4000000 416.85998535  -999.250000
 1223.6000000 413.80999756  -999.250000
 1223.8000000 411.26000977  -999.250000
 1224.0000000 408.33999634  -999.250000
 1224.2000000 407.23001099  -999.250000
 1224.4000000 413.73001099  -999.250000
 1224.6000000 425.57998657  -999.250000
 1224.8000000 430.60000610  -999.250000
 1225.0000000 430.48999023  -999.250000
 1225.2000000 433.08999634  -999.250000
 1225.4000000 439.13000488  -999.250000
 1225.6000000 448.45999146  -999.250000
 1225.8000000 458.50000000  -999.250000
 1226.0000000 451.35998535  -999.250000
 1226.2000000 431.47000122  -999.250000
 1226.4000000 423.67999268  -999.250000
 1226.6000000 427.76000977  -999.250000
 1226.8000000 435.86999512  -999.250000
 1227.0000000 437.82998657  -999.250000
 1227.2000000 431.55999756  -999.250000
 1227.4000000 421.85998535  -999.250000
 1227.6000000 415.94000244  -999.250000
 1227.8000000 416.01000977  -999.250000
 1228.0000000 420.07998657  -999.250000
 1228.2000000 425.94000244  -999.250000
 1228.4000000 432.10998535  -999.250000
 1228.6000000 434.60998535  -999.250000
 1228.8000000 428.69000244  -999.250000
 1229.0000000 414.05999756  -999.250000
 1229.2000000 401.61999512  -999.250000
 1229.4000000 412.02999878  -999.250000
 1229.6000000 434.51000977  -999.250000
 1229.8000000 445.79000854  -999.250000
 1230.0000000 442.66000366  -999.250000
 1230.2000000 423.29000854  -999.250000
 1230.4000000 396.14001465  -999.250000
 1230.6000000 379.42999268  -999.250000
 1230.8000000 374.80999756  -999.250000
 1231.0000000 376.07000732  -999.250000
 1231.2000000 384.82000732  -999.250000
 1231.4000000 393.92001343  -999.250000
 1231.6000000 395.17999268  -999.250000
 1231.8000000 391.48001099  -999.250000
 1232.0000000 384.22000122  -999.250000
 1232.2000000 381.14001465  -999.250000
 1232.4000000 383.76000977  -999.250000
 1232.6000000 388.57998657  -999.250000
 1232.8000000 397.73001099  -999.250000
 1233.0000000 409.42999268  -999.250000
 1233.2000000 415.19000244  -999.250000
 1233.4000000 417.00000000  -999.250000
 1233.6000000 417.61999512  -999.250000
 1233.8000000 414.38000488  -999.250000
 1234.0000000 411.80999756  -999.250000
 1234.2000000 414.57000732  -999.250000
 1234.4000000 411.35000610  -999.250000
 1234.6000000 400.85000610  -999.250000
 1234.8000000 391.42999268  -999.250000
 1235.0000000 385.82998657  -999.250000
 1235.2000000 386.35998535  -999.250000
 1235.4000000 388.89001465  -999.250000
 1235.6000000 394.97000122  -999.250000
 1235.8000000 411.42001343  -999.250000
 1236.0000000 430.29000854  -999.250000
 1236.2000000 446.00000000  -999.250000
 1236.4000000 450.76000977  -999.250000
 1236.6000000 439.70999146  -999.250000
 1236.8000000 418.98001099  -999.250000
 1237.0000000 393.25000000  -999.250000
 1237.2000000 381.54000854  -999.250000
 1237.4000000 400.55999756  -999.250000
 1237.6000000 423.07998657  -999.250000
 1237.8000000 440.04000854  -999.250000
 1238.0000000 468.64001465  -999.250000
 1238.2000000 493.80999756  -999.250000
 1238.4000000 484.22000122  -999.250000
 1238.6000000 456.88000488  -999.250000
 1238.8000000 433.76000977  -999.250000
 1239.0000000 417.01998901  -999.250000
 1239.2000000 408.23999023  -999.250000
 1239.4000000 413.61999512  -999.250000
 1239.6000000 422.76000977  -999.250000
 1239.8000000 422.26998901  -999.250000
 1240.0000000 413.86999512  -999.250000
 1240.2000000 403.14001465  -999.250000
 1240.4000000 395.30999756  -999.250000
 1240.6000000 392.45999146  -999.250000
 1240.8000000 399.50000000  -999.250000
 1241.0000000 415.82998657  -999.250000
 1241.2000000 432.51000977  -999.250000
 1241.4000000 445.17999268  -999.250000
 1241.6000000 450.79000854  -999.250000
 1241.8000000 444.01998901  -999.250000
 1242.0000000 429.10000610  -999.250000
 1242.2000000 421.95999146  -999.250000
 1242.4000000 420.25000000  -999.250000
 1242.6000000 413.63000488  -999.250000
 1242.8000000 408.67001343  -999.250000
 1243.0000000 411.01000977  -999.250000
 1243.2000000 417.51998901  -999.250000
 1243.4000000 423.67999268  -999.250000
 1243.6000000 425.14999390  -999.250000
 1243.8000000 424.08999634  -999.250000
 1244.0000000 423.77999878  -999.250000
 1244.2000000 423.08999634  -999.250000
 1244.4000000 420.04998779  -999.250000
 1244.6000000 419.52999878  -999.250000
 1244.8000000 425.42001343  -999.250000
 1245.0000000 431.98001099  -999.250000
 1245.2000000 434.05999756  -999.250000
 1245.4000000 434.92999268  -999.250000
 1245.6000000 437.48001099  -999.250000
 1245.8000000 439.52999878  -999.250000
 1246.0000000 438.57000732  -999.250000
 1246.2000000 435.33999634  -999.250000
 1246.4000000 430.57000732  -999.250000
 1246.6000000 423.73999023  -999.250000
 1246.8000000 417.88000488  -999.250000
 1247.0000000 417.77999878  -999.250000
 1247.2000000 422.17001343  -999.250000
 1247.4000000 424.44000244  -999.250000
 1247.6000000 421.01998901  -999.250000
 1247.8000000 417.73999023  -999.250000
 1248.0000000 419.50000000  -999.250000
 1248.2000000 422.92001343  -999.250000
 1248.4000000 422.26998901  -999.250000
 1248.6000000 417.82998657  -999.250000
 1248.8000000 415.13000488  -999.250000
 1249.0000000 416.01998901  -999.250000
 1249.2000000 417.45999146  -999.250000
 1249.4000000 418.11999512  -999.250000
 1249.6000000 418.89999390  -999.250000
 1249.8000000 419.26998901  -999.250000
 1250.0000000 417.35000610  -999.250000
 1250.2000000 413.58999634  -999.250000
 1250.4000000 412.61999512  -999.250000
 1250.6000000 416.61999512  -999.250000
 1250.8000000 421.20001221  -999.250000
 1251.0000000 420.94000244  -999.250000
 1251.2000000 414.13000488  -999.250000
 1251.4000000 403.30999756  -999.250000
 1251.6000000 390.54998779  -999.250000
 1251.8000000 378.23001099  -999.250000
 1252.0000000 373.26998901  -999.250000
 1252.2000000 376.70999146  -999.250000
 1252.4000000 381.76000977  -999.250000
 1252.6000000 382.07998657  -999.250000
 1252.8000000 382.42999268  -999.250000
 1253.0000000 390.38000488  -999.250000
 1253.2000000 399.57998657  -999.250000
 1253.4000000 402.41000366  -999.250000
 1253.6000000 400.67999268  -999.250000
 1253.8000000 393.79998779  -999.250000
 1254.0000000 386.35000610  -999.250000
 1254.2000000 386.98999023  -999.250000
 1254.4000000 391.17001343  -999.250000
 1254.6000000 392.01000977  -999.250000
 1254.8000000 391.29000854  -999.250000
 1255.0000000 393.89999390  -999.250000
 1255.2000000 403.14999390  -999.250000
 1255.4000000 416.64999390  -999.250000
 1255.6000000 426.48001099  -999.250000
 1255.8000000 426.97000122  -999.250000
 1256.0000000 424.35000610  -999.250000
 1256.2000000 423.42001343  -999.250000
 1256.4000000 423.26000977  -999.250000
 1256.6000000 422.20999146  -999.250000
 1256.8000000 418.80999756  -999.250000
 1257.0000000 416.52999878  -999.250000
 1257.2000000 417.23001099  -999.250000
 1257.4000000 421.76000977  -999.250000
 1257.6000000 427.30999756  -999.250000
 1257.8000000 429.86999512  -999.250000
 1258.0000000 429.70999146  -999.250000
 1258.2000000 426.58999634  -999.250000
 1258.4000000 421.91000366  -999.250000
 1258.6000000 418.80999756  -999.250000
 1258.8000000 417.92999268  -999.250000
 1259.0000000 419.20999146  -999.250000
 1259.2000000 421.82000732  -999.250000
 1259.4000000 423.51998901  -999.250000
 1259.6000000 423.83999634  -999.250000
 1259.8000000 423.05999756  -999.250000
 1260.0000000 421.72000122  -999.250000
 1260.2000000 420.67999268  -999.250000
 1260.4000000 419.57998657  -999.250000
 1260.6000000 418.35998535  -999.250000
 1260.8000000 417.82000732  -999.250000
 1261.0000000 417.48001099  -999.250000
 1261.2000000 416.51998901  -999.250000
 1261.4000000 413.35998535  -999.250000
 1261.6000000 405.13000488  -999.250000
 1261.8000000 395.44000244  -999.250000
 1262.0000000 389.01000977  -999.250000
 1262.2000000 384.26000977  -999.250000
 1262.4000000 380.20001221  -999.250000
 1262.6000000 383.04000854  -999.250000
 1262.8000000 396.01998901  -999.250000
 1263.0000000 409.82000732  -999.250000
 1263.2000000 408.85000610  -999.250000
 1263.4000000 397.85000610  -999.250000
 1263.6000000 390.52999878  -999.250000
 1263.8000000 391.73001099  -999.250000
 1264.0000000 395.20001221  -999.250000
 1264.2000000 395.32998657  -999.250000
 1264.4000000 397.10000610  -999.250000
 1264.6000000 402.95999146  -999.250000
 1264.8000000 408.66000366  -999.250000
 1265.0000000 414.60000610  -999.250000
 1265.2000000 424.85998535  -999.250000
 1265.4000000 429.95001221  -999.250000
 1265.6000000 425.60998535  -999.250000
 1265.8000000 419.57998657  -999.250000
 1266.0000000 418.92999268  -999.250000
 1266.2000000 422.05999756  -999.250000
 1266.4000000 424.36999512  -999.250000
 1266.6000000 424.48001099  -999.250000
 1266.8000000 424.42999268  -999.250000
 1267.0000000 426.20001221  -999.250000
 1267.2000000 427.80999756  -999.250000
 1267.4000000 426.76000977  -999.250000
 1267.6000000 425.10998535  -999.250000
 1267.8000000 425.16000366  -999.250000
 1268.0000000 426.33999634  -999.250000
 1268.2000000 426.32998657  -999.250000
 1268.4000000 423.47000122  -999.250000
 1268.6000000 418.94000244  -999.250000
 1268.8000000 414.83999634  -999.250000
 1269.0000000 411.73999023  -999.250000
 1269.2000000 408.89001465  -999.250000
 1269.4000000 403.11999512  -999.250000
 1269.6000000 396.07000732  -999.250000
 1269.8000000 391.45001221  -999.250000
 1270.0000000 389.42999268  -999.250000
 1270.2000000 389.60998535  -999.250000
 1270.4000000 391.73999023  -999.250000
 1270.6000000 394.67999268  -999.250000
 1270.8000000 398.10998535  -999.250000
 1271.0000000 405.82000732  -999.250000
 1271.2000000 418.79000854  -999.250000
 1271.4000000 423.39999390  -999.250000
 1271.6000000 416.02999878  -999.250000
 1271.8000000 410.52999878  -999.250000
 1272.0000000 409.32000732  -999.250000
 1272.2000000 409.11999512  -999.250000
 1272.4000000 409.47000122  -999.250000
 1272.6000000 412.17001343  -999.250000
 1272.8000000 415.79000854  -999.250000
 1273.0000000 417.73999023  -999.250000
 1273.2000000 418.77999878  -999.250000
 1273.4000000 421.11999512  -999.250000
 1273.6000000 423.82998657  -999.250000
 1273.8000000 423.73001099  -999.250000
 1274.0000000 420.73999023  -999.250000
 1274.2000000 418.60998535  -999.250000
 1274.4000000 419.48001099  -999.250000
 1274.6000000 420.45999146  -999.250000
 1274.8000000 420.70001221  -999.250000
 1275.0000000 420.82000732  -999.250000
 1275.2000000 419.83999634  -999.250000
 1275.4000000 417.95999146  -999.250000
 1275.6000000 417.01000977  -999.250000
 1275.8000000 417.51998901  -999.250000
 1276.0000000 418.07000732  -999.250000
 1276.2000000 416.54998779  -999.250000
 1276.4000000 412.89999390  -999.250000
 1276.6000000 410.48999023  -999.250000
 1276.8000000 410.95999146  -999.250000
 1277.0000000 412.85998535  -999.250000
 1277.2000000 414.45999146  -999.250000
 1277.4000000 415.44000244  -999.250000
 1277.6000000 416.89001465  -999.250000
 1277.8000000 419.86999512  -999.250000
 1278.0000000 425.66000366  -999.250000
 1278.2000000 430.44000244  -999.250000
 1278.4000000 422.73999023  -999.250000
 1278.6000000 403.66000366  -999.250000
 1278.8000000 390.69000244  -999.250000
 1279.0000000 389.19000244  -999.250000
 1279.2000000 393.83999634  -999.250000
 1279.4000000 403.33999634  -999.250000
 1279.6000000 411.07998657  -999.250000
 1279.8000000 411.70001221  -999.250000
 1280.0000000 411.26000977  -999.250000
 1280.2000000 411.55999756  -999.250000
 1280.4000000 411.23999023  -999.250000
 1280.6000000 411.45999146  -999.250000
 1280.8000000 412.51998901  -999.250000
 1281.0000000 412.32000732  -999.250000
 1281.2000000 412.47000122  -999.250000
 1281.4000000 416.10000610  -999.250000
 1281.6000000 418.05999756  -999.250000
 1281.8000000 414.42999268  -999.250000
 1282.0000000 407.32000732  -999.250000
 1282.2000000 399.67001343  -999.250000
 1282.4000000 395.48001099  -999.250000
 1282.6000000 391.39001465  -999.250000
 1282.8000000 387.23999023  -999.250000
 1283.0000000 391.20001221  -999.250000
 1283.2000000 401.70999146  -999.250000
 1283.4000000 410.48999023  -999.250000
 1283.6000000 415.52999878  -999.250000
 1283.8000000 417.42001343  -999.250000
 1284.0000000 417.23999023  -999.250000
 1284.2000000 415.50000000  -999.250000
 1284.4000000 412.22000122  -999.250000
 1284.6000000 409.51000977  -999.250000
 1284.8000000 410.20999146  -999.250000
 1285.0000000 415.89999390  -999.250000
 1285.2000000 423.23001099  -999.250000
 1285.4000000 429.61999512  -999.250000
 1285.6000000 440.51000977  -999.250000
 1285.8000000 451.91000366  -999.250000
 1286.0000000 452.32998657  -999.250000
 1286.2000000 441.14999390  -999.250000
 1286.4000000 426.95001221  -999.250000
 1286.6000000 417.23001099  -999.250000
 1286.8000000 413.52999878  -999.250000
 1287.0000000 412.38000488  -999.250000
 1287.2000000 411.39999390  -999.250000
 1287.4000000 411.89999390  -999.250000
 1287.6000000 413.61999512  -999.250000
 1287.8000000 414.16000366  -999.250000
 1288.0000000 414.17999268  -999.250000
 1288.2000000 415.57998657  -999.250000
 1288.4000000 416.58999634  -999.250000
 1288.6000000 414.25000000  -999.250000
 1288.8000000 409.73001099  -999.250000
 1289.0000000 407.08999634  -999.250000
 1289.2000000 407.23999023  -999.250000
 1289.4000000 408.07998657  -999.250000
 1289.6000000 408.14999390  -999.250000
 1289.8000000 406.16000366  -999.250000
 1290.0000000 402.95999146  -999.250000
 1290.2000000 398.45001221  -999.250000
 1290.4000000 391.92001343  -999.250000
 1290.6000000 385.82000732  -999.250000
 1290.8000000 381.66000366  -999.250000
 1291.0000000 374.60000610  -999.250000
 1291.2000000 364.29998779  -999.250000
 1291.4000000 368.88000488  -999.250000
 1291.6000000 387.13000488  -999.250000
 1291.8000000 400.86999512  -999.250000
 1292.0000000 410.10000610  -999.250000
 1292.2000000 413.29998779  -999.250000
 1292.4000000 414.89999390  -999.250000
 1292.6000000 421.51998901  -999.250000
 1292.8000000 426.04998779  -999.250000
 1293.0000000 426.10998535  -999.250000
 1293.2000000 422.92999268  -999.250000
 1293.4000000 417.23999023  -999.250000
 1293.6000000 412.13000488  -999.250000
 1293.8000000 408.88000488  -999.250000
 1294.0000000 405.79998779  -999.250000
 1294.2000000 403.39001465  -999.250000
 1294.4000000 404.23001099  -999.250000
 1294.6000000 408.76998901  -999.250000
 1294.8000000 415.83999634  -999.250000
 1295.0000000 421.23999023  -999.250000
 1295.2000000 418.92001343  -999.250000
 1295.4000000 410.95001221  -999.250000
 1295.6000000 406.50000000  -999.250000
 1295.8000000 408.98999023  -999.250000
 1296.0000000 416.57998657  -999.250000
 1296.2000000 423.48001099  -999.250000
 1296.4000000 423.72000122  -999.250000
 1296.6000000 417.67001343  -999.250000
 1296.8000000 408.51998901  -999.250000
 1297.0000000 395.48999023  -999.250000
 1297.2000000 379.07998657  -999.250000
 1297.4000000 372.73999023  -999.250000
 1297.6000000 384.23999023  -999.250000
 1297.8000000 401.80999756  -999.250000
 1298.0000000 411.30999756  -999.250000
 1298.2000000 414.19000244  -999.250000
 1298.4000000 412.89001465  -999.250000
 1298.6000000 408.42999268  -999.250000
 1298.8000000 405.48999023  -999.250000
 1299.0000000 405.66000366  -999.250000
 1299.2000000 407.17999268  -999.250000
 1299.4000000 409.60000610  -999.250000
 1299.6000000 412.07998657  -999.250000
 1299.8000000 414.16000366  -999.250000
 1300.0000000 415.51998901  -999.250000
 1300.2000000 415.66000366  -999.250000
 1300.4000000 414.83999634  -999.250000
 1300.6000000 414.60000610  -999.250000
 1300.8000000 415.98001099  -999.250000
 1301.0000000 417.22000122  -999.250000
 1301.2000000 417.17999268  -999.250000
 1301.4000000 417.02999878  -999.250000
 1301.6000000 418.98999023  -999.250000
 1301.8000000 423.51000977  -999.250000
 1302.0000000 426.97000122  -999.250000
 1302.2000000 426.63000488  -999.250000
 1302.4000000 423.11999512  -999.250000
 1302.6000000 418.23999023  -999.250000
 1302.8000000 414.57000732  -999.250000
 1303.0000000 413.95001221  -999.250000
 1303.2000000 415.83999634  -999.250000
 1303.4000000 418.02999878  -999.250000
 1303.6000000 417.23001099  -999.250000
 1303.8000000 413.60000610  -999.250000
 1304.0000000 411.26998901  -999.250000
 1304.2000000 411.57998657  -999.250000
 1304.4000000 411.79000854  -999.250000
 1304.6000000 409.14001465  -999.250000
 1304.8000000 405.89001465  -999.250000
 1305.0000000 406.61999512  -999.250000
 1305.2000000 409.57000732  -999.250000
 1305.4000000 411.01998901  -999.250000
 1305.6000000 411.39999390  -999.250000
 1305.8000000 413.50000000  -999.250000
 1306.0000000 416.85000610  -999.250000
 1306.2000000 418.55999756  -999.250000
 1306.4000000 419.83999634  -999.250000
 1306.6000000 421.70001221  -999.250000
 1306.8000000 422.13000488  -999.250000
 1307.0000000 420.32000732  -999.250000
 1307.2000000 419.07000732  -999.250000
 1307.4000000 420.64001465  -999.250000
 1307.6000000 422.64999390  -999.250000
 1307.8000000 420.75000000  -999.250000
 1308.0000000 415.07998657  -999.250000
 1308.2000000 410.36999512  -999.250000
 1308.4000000 408.54000854  -999.250000
 1308.6000000 408.10000610  -999.250000
 1308.8000000 408.22000122  -999.250000
 1309.0000000 409.07998657  -999.250000
 1309.2000000 409.01000977  -999.250000
 1309.4000000 403.39999390  -999.250000
 1309.6000000 392.32998657  -999.250000
 1309.8000000 386.82998657  -999.250000
 1310.0000000 393.91000366  -999.250000
 1310.2000000 407.39999390  -999.250000
 1310.4000000 414.13000488  -999.250000
 1310.6000000 413.92001343  -999.250000
 1310.8000000 411.70001221  -999.250000
 1311.0000000 409.01998901  -999.250000
 1311.2000000 406.60000610  -999.250000
 1311.4000000 404.61999512  -999.250000
 1311.6000000 403.48001099  -999.250000
 1311.8000000 404.14999390  -999.250000
 1312.0000000 406.83999634  -999.250000
 1312.2000000 408.88000488  -999.250000
 1312.4000000 409.20001221  -999.250000
 1312.6000000 409.22000122  -999.250000
 1312.8000000 409.60000610  -999.250000
 1313.0000000 410.20001221  -999.250000
 1313.2000000 410.54000854  -999.250000
 1313.4000000 409.60000610  -999.250000
 1313.6000000 406.60000610  -999.250000
 1313.8000000 401.98001099  -999.250000
 1314.0000000 398.69000244  -999.250000
 1314.2000000 398.45999146  -999.250000
 1314.4000000 399.79998779  -999.250000
 1314.6000000 400.70999146  -999.250000
 1314.8000000 398.70001221  -999.250000
 1315.0000000 395.70999146  -999.250000
 1315.2000000 397.52999878  -999.250000
 1315.4000000 402.80999756  -999.250000
 1315.6000000 404.30999756  -999.250000
 1315.8000000 400.73001099  -999.250000
 1316.0000000 394.76998901  -999.250000
 1316.2000000 392.14001465  -999.250000
 1316.4000000 396.26000977  -999.250000
 1316.6000000 400.60998535  -999.250000
 1316.8000000 402.05999756  -999.250000
 1317.0000000 403.67999268  -999.250000
 1317.2000000 404.70999146  -999.250000
 1317.4000000 403.04000854  -999.250000
 1317.6000000 400.60000610  -999.250000
 1317.8000000 400.22000122  -999.250000
 1318.0000000 402.07998657  -999.250000
 1318.2000000 403.48999023  -999.250000
 1318.4000000 401.39001465  -999.250000
 1318.6000000 396.44000244  -999.250000
 1318.8000000 393.73001099  -999.250000
 1319.0000000 394.29998779  -999.250000
 1319.2000000 394.76000977  -999.250000
 1319.4000000 394.50000000  -999.250000
 1319.6000000 395.85000610  -999.250000
 1319.8000000 399.10000610  -999.250000
 1320.0000000 400.30999756  -999.250000
 1320.2000000 396.36999512  -999.250000
 1320.4000000 388.77999878  -999.250000
 1320.6000000 383.02999878  -999.250000
 1320.8000000 383.14999390  -999.250000
 1321.0000000 388.01998901  -999.250000
 1321.2000000 393.47000122  -999.250000
 1321.4000000 395.64999390  -999.250000
 1321.6000000 395.00000000  -999.250000
 1321.8000000 392.48001099  -999.250000
 1322.0000000 389.89999390  -999.250000
 1322.2000000 388.77999878  -999.250000
 1322.4000000 385.35000610  -999.250000
 1322.6000000 378.75000000  -999.250000
 1322.8000000 375.75000000  -999.250000
 1323.0000000 380.35998535  -999.250000
 1323.2000000 396.23001099  -999.250000
 1323.4000000 415.35000610  -999.250000
 1323.6000000 422.47000122  -999.250000
 1323.8000000 417.39999390  -999.250000
 1324.0000000 411.08999634  -999.250000
 1324.2000000 406.76998901  -999.250000
 1324.4000000 400.50000000  -999.250000
 1324.6000000 395.32000732  -999.250000
 1324.8000000 390.01000977  -999.250000
 1325.0000000 381.60998535  -999.250000
 1325.2000000 378.51998901  -999.250000
 1325.4000000 386.67001343  -999.250000
 1325.6000000 398.42001343  -999.250000
 1325.8000000 402.32998657  -999.250000
 1326.0000000 402.55999756  -999.250000
 1326.2000000 403.94000244  -999.250000
 1326.4000000 407.94000244  -999.250000
 1326.6000000 412.79998779  -999.250000
 1326.8000000 415.25000000  -999.250000
 1327.0000000 411.45001221  -999.250000
 1327.2000000 402.54998779  -999.250000
 1327.4000000 398.70001221  -999.250000
 1327.6000000 403.64999390  -999.250000
 1327.8000000 411.70999146  -999.250000
 1328.0000000 416.58999634  -999.250000
 1328.2000000 415.51000977  -999.250000
 1328.4000000 407.85000610  -999.250000
 1328.6000000 397.70999146  -999.250000
 1328.8000000 390.95001221  -999.250000
 1329.0000000 389.04998779  -999.250000
 1329.2000000 391.60998535  -999.250000
 1329.4000000 397.26000977  -999.250000
 1329.6000000 401.97000122  -999.250000
 1329.8000000 403.00000000  -999.250000
 1330.0000000 402.10000610  -999.250000
 1330.2000000 402.80999756  -999.250000
 1330.4000000 406.79998779  -999.250000
 1330.6000000 410.92999268  -999.250000
 1330.8000000 410.80999756  -999.250000
 1331.0000000 405.33999634  -999.250000
 1331.2000000 396.79998779  -999.250000
 1331.4000000 389.76000977  -999.250000
 1331.6000000 385.67999268  -999.250000
 1331.8000000 383.61999512  -999.250000
 1332.0000000 383.73999023  -999.250000
 1332.2000000 386.57000732  -999.250000
 1332.4000000 392.22000122  -999.250000
 1332.6000000 398.26998901  -999.250000
 1332.8000000 400.26998901  -999.250000
 1333.0000000 396.26000977  -999.250000
 1333.2000000 390.01000977  -999.250000
 1333.4000000 387.25000000  -999.250000
 1333.6000000 389.41000366  -999.250000
 1333.8000000 394.95001221  -999.250000
 1334.0000000 398.23001099  -999.250000
 1334.2000000 395.42999268  -999.250000
 1334.4000000 389.94000244  -999.250000
 1334.6000000 386.76998901  -999.250000
 1334.8000000 386.44000244  -999.250000
 1335.0000000 387.42001343  -999.250000
 1335.2000000 388.88000488  -999.250000
 1335.4000000 389.64001465  -999.250000
 1335.6000000 389.29998779  -999.250000
 1335.8000000 389.22000122  -999.250000
 1336.0000000 391.64999390  -999.250000
 1336.2000000 397.60000610  -999.250000
 1336.4000000 403.25000000  -999.250000
 1336.6000000 405.20001221  -999.250000
 1336.8000000 405.60000610  -999.250000
 1337.0000000 407.82000732  -999.250000
 1337.2000000 411.80999756  -999.250000
 1337.4000000 413.26998901  -999.250000
 1337.6000000 411.14001465  -999.250000
 1337.8000000 409.20001221  -999.250000
 1338.0000000 408.88000488  -999.250000
 1338.2000000 408.20001221  -999.250000
 1338.4000000 405.60000610  -999.250000
 1338.6000000 401.54000854  -999.250000
 1338.8000000 397.73999023  -999.250000
 1339.0000000 392.92001343  -999.250000
 1339.2000000 387.20999146  -999.250000
 1339.4000000 384.98999023  -999.250000
 1339.6000000 387.92999268  -999.250000
 1339.8000000 393.32000732  -999.250000
 1340.0000000 397.63000488  -999.250000
 1340.2000000 399.07998657  -999.250000
 1340.4000000 398.04000854  -999.250000
 1340.6000000 396.20001221  -999.250000
 1340.8000000 396.26000977  -999.250000
 1341.0000000 399.20001221  -999.250000
 1341.2000000 402.17001343  -999.250000
 1341.4000000 401.63000488  -999.250000
 1341.6000000 398.35998535  -999.250000
 1341.8000000 396.01000977  -999.250000
 1342.0000000 397.04998779  -999.250000
 1342.2000000 400.77999878  -999.250000
 1342.4000000 406.32000732  -999.250000
 1342.6000000 413.35998535  -999.250000
 1342.8000000 418.14999390  -999.250000
 1343.0000000 419.10000610  -999.250000
 1343.2000000 417.41000366  -999.250000
 1343.4000000 411.08999634  -999.250000
 1343.6000000 401.44000244  -999.250000
 1343.8000000 392.69000244  -999.250000
 1344.0000000 387.86999512  -999.250000
 1344.2000000 389.60998535  -999.250000
 1344.4000000 396.82000732  -999.250000
 1344.6000000 403.82998657  -999.250000
 1344.8000000 405.10998535  -999.250000
 1345.0000000 403.20001221  -999.250000
 1345.2000000 402.72000122  -999.250000
 1345.4000000 404.23999023  -999.250000
 1345.6000000 405.20001221  -999.250000
 1345.8000000 404.83999634  -999.250000
 1346.0000000 404.98001099  -999.250000
 1346.2000000 406.33999634  -999.250000
 1346.4000000 406.73001099  -999.250000
 1346.6000000 404.51998901  -999.250000
 1346.8000000 402.63000488  -999.250000
 1347.0000000 404.35998535  -999.250000
 1347.2000000 408.77999878  -999.250000
 1347.4000000 413.44000244  -999.250000
 1347.6000000 418.98001099  -999.250000
 1347.8000000 423.75000000  -999.250000
 1348.0000000 422.23001099  -999.250000
 1348.2000000 415.02999878  -999.250000
 1348.4000000 411.10998535  -999.250000
 1348.6000000 412.33999634  -999.250000
 1348.8000000 413.11999512  -999.250000
 1349.0000000 411.16000366  -999.250000
 1349.2000000 408.35998535  -999.250000
 1349.4000000 406.73999023  -999.250000
 1349.6000000 408.07000732  -999.250000
 1349.8000000 413.83999634  -999.250000
 1350.0000000 420.48999023  -999.250000
 1350.2000000 422.20999146  -999.250000
 1350.4000000 418.38000488  -999.250000
 1350.6000000 412.20001221  -999.250000
 1350.8000000 407.75000000  -999.250000
 1351.0000000 407.69000244  -999.250000
 1351.2000000 413.04000854  -999.250000
 1351.4000000 420.35000610  -999.250000
 1351.6000000 422.02999878  -999.250000
 1351.8000000 417.32000732  -999.250000
 1352.0000000 413.25000000  -999.250000
 1352.2000000 416.16000366  -999.250000
 1352.4000000 421.54998779  -999.250000
 1352.6000000 421.42999268  -999.250000
 1352.8000000 416.94000244  -999.250000
 1353.0000000 414.04000854  -999.250000
 1353.2000000 411.14999390  -999.250000
 1353.4000000 403.10000610  -999.250000
 1353.6000000 396.63000488  -999.250000
 1353.8000000 405.57998657  -999.250000
 1354.0000000 423.13000488  -999.250000
 1354.2000000 424.32000732  -999.250000
 1354.4000000 414.10000610  -999.250000
 1354.6000000 411.54998779  -999.250000
 1354.8000000 414.80999756  -999.250000
 1355.0000000 410.73999023  -999.250000
 1355.2000000 391.66000366  -999.250000
 1355.4000000 375.10000610  -999.250000
 1355.6000000 382.29000854  -999.250000
 1355.8000000 403.42001343  -999.250000
 1356.0000000 419.77999878  -999.250000
 1356.2000000 425.19000244  -999.250000
 1356.4000000 422.30999756  -999.250000
 1356.6000000 416.10000610  -999.250000
 1356.8000000 412.82998657  -999.250000
 1357.0000000 413.07998657  -999.250000
 1357.2000000 411.79000854  -999.250000
 1357.4000000 405.45999146  -999.250000
 1357.6000000 396.50000000  -999.250000
 1357.8000000 390.97000122  -999.250000
 1358.0000000 390.22000122  -999.250000
 1358.2000000 389.82998657  -999.250000
 1358.4000000 384.54998779  -999.250000
 1358.6000000 376.39001465  -999.250000
 1358.8000000 376.17001343  -999.250000
 1359.0000000 386.83999634  -999.250000
 1359.2000000 402.64999390  -999.250000
 1359.4000000 410.83999634  -999.250000
 1359.6000000 404.98001099  -999.250000
 1359.8000000 386.27999878  -999.250000
 1360.0000000 363.83999634  -999.250000
 1360.2000000 350.72000122  -999.250000
 1360.4000000 350.42999268  -999.250000
 1360.6000000 356.82000732  -999.250000
 1360.8000000 362.17001343  -999.250000
 1361.0000000 362.05999756  -999.250000
 1361.2000000 359.22000122  -999.250000
 1361.4000000 358.00000000  -999.250000
 1361.6000000 358.44000244  -999.250000
 1361.8000000 359.17999268  -999.250000
 1362.0000000 359.73999023  -999.250000
 1362.2000000 361.20001221  -999.250000
 1362.4000000 363.92001343  -999.250000
 1362.6000000 365.38000488  -999.250000
 1362.8000000 364.64001465  -999.250000
 1363.0000000 362.66000366  -999.250000
 1363.2000000 360.14001465  -999.250000
 1363.4000000 358.48001099  -999.250000
 1363.6000000 358.29998779  -999.250000
 1363.8000000 358.23999023  -999.250000
 1364.0000000 357.00000000  -999.250000
 1364.2000000 353.63000488  -999.250000
 1364.4000000 346.17999268  -999.250000
 1364.6000000 336.45999146  -999.250000
 1364.8000000 326.70001221  -999.250000
 1365.0000000 317.45001221  -999.250000
 1365.2000000 317.42001343  -999.250000
 1365.4000000 327.76000977  -999.250000
 1365.6000000 337.57000732  -999.250000
 1365.8000000 338.63000488  -999.250000
 1366.0000000 335.82998657  -999.250000
 1366.2000000 341.64999390  -999.250000
 1366.4000000 355.64999390  -999.250000
 1366.6000000 363.92999268  -999.250000
 1366.8000000 366.79998779  -999.250000
 1367.0000000 368.88000488  -999.250000
 1367.2000000 370.72000122  -999.250000
 1367.4000000 372.82000732  -999.250000
 1367.6000000 374.98001099  -999.250000
 1367.8000000 374.95001221  -999.250000
 1368.0000000 370.76000977  -999.250000
 1368.2000000 364.82998657  -999.250000
 1368.4000000 362.60998535  -999.250000
 1368.6000000 363.79998779  -999.250000
 1368.8000000 363.73999023  -999.250000
 1369.0000000 360.72000122  -999.250000
 1369.2000000 356.39999390  -999.250000
 1369.4000000 353.55999756  -999.250000
 1369.6000000 352.20001221  -999.250000
 1369.8000000 351.11999512  -999.250000
 1370.0000000 349.94000244  -999.250000
 1370.2000000 347.88000488  -999.250000
 1370.4000000 345.85998535  -999.250000
 1370.6000000 346.82998657  -999.250000
 1370.8000000 351.60000610  -999.250000
 1371.0000000 356.60998535  -999.250000
 1371.2000000 358.50000000  -999.250000
 1371.4000000 357.85998535  -999.250000
 1371.6000000 355.95999146  -999.250000
 1371.8000000 353.23999023  -999.250000
 1372.0000000 351.11999512  -999.250000
 1372.2000000 350.95999146  -999.250000
 1372.4000000 352.11999512  -999.250000
 1372.6000000 353.33999634  -999.250000
 1372.8000000 353.55999756  -999.250000
 1373.0000000 352.83999634  -999.250000
 1373.2000000 351.07998657  -999.250000
 1373.4000000 348.95999146  -999.250000
 1373.6000000 348.05999756  -999.250000
 1373.8000000 349.98001099  -999.250000
 1374.0000000 353.27999878  -999.250000
 1374.2000000 354.33999634  -999.250000
 1374.4000000 352.07998657  -999.250000
 1374.6000000 347.82000732  -999.250000
 1374.8000000 341.11999512  -999.250000
 1375.0000000 319.48001099  -999.250000
 1375.2000000 285.35998535  -999.250000
 1375.4000000 262.54000854  -999.250000
 1375.6000000 253.67999268  -999.250000
 1375.8000000 247.11999512  -999.250000
 1376.0000000 240.02000427  -999.250000
 1376.2000000 232.33999634  -999.250000
 1376.4000000 236.13999939  -999.250000
 1376.6000000 248.19000244  -999.250000
 1376.8000000 255.60000610  -999.250000
 1377.0000000 268.82998657  -999.250000
 1377.2000000 295.83999634  -999.250000
 1377.4000000 315.55999756  -999.250000
 1377.6000000 341.69000244  -999.250000
 1377.8000000 380.47000122  -999.250000
 1378.0000000 397.10000610  -999.250000
 1378.2000000 399.17001343  -999.250000
 1378.4000000 395.20999146  -999.250000
 1378.6000000 382.66000366  -999.250000
 1378.8000000 370.85000610  -999.250000
 1379.0000000 364.60000610  -999.250000
 1379.2000000 360.19000244  -999.250000
 1379.4000000 360.00000000  -999.250000
 1379.6000000 362.22000122  -999.250000
 1379.8000000 364.38000488  -999.250000
 1380.0000000 364.51998901  -999.250000
 1380.2000000 363.29998779  -999.250000
 1380.4000000 361.88000488  -999.250000
 1380.6000000 360.14001465  -999.250000
 1380.8000000 358.95999146  -999.250000
 1381.0000000 358.89999390  -999.250000
 1381.2000000 359.10000610  -999.250000
 1381.4000000 359.55999756  -999.250000
 1381.6000000 361.10000610  -999.250000
 1381.8000000 363.00000000  -999.250000
 1382.0000000 363.57998657  -999.250000
 1382.2000000 363.35998535  -999.250000
 1382.4000000 364.20001221  -999.250000
 1382.6000000 367.01998901  -999.250000
 1382.8000000 370.32000732  -999.250000
 1383.0000000 372.33999634  -999.250000
 1383.2000000 373.26000977  -999.250000
 1383.4000000 373.27999878  -999.250000
 1383.6000000 371.27999878  -999.250000
 1383.8000000 367.55999756  -999.250000
 1384.0000000 364.35998535  -999.250000
 1384.2000000 362.04000854  -999.250000
 1384.4000000 360.70001221  -999.250000
 1384.6000000 360.94000244  -999.250000
 1384.8000000 361.76000977  -999.250000
 1385.0000000 362.27999878  -999.250000
 1385.2000000 362.85998535  -999.250000
 1385.4000000 363.27999878  -999.250000
 1385.6000000 363.27999878  -999.250000
 1385.8000000 362.70001221  -999.250000
 1386.0000000 361.95999146  -999.250000
 1386.2000000 362.04000854  -999.250000
 1386.4000000 362.95999146  -999.250000
 1386.6000000 363.54000854  -999.250000
 1386.8000000 363.23999023  -999.250000
 1387.0000000 363.23999023  -999.250000
 1387.2000000 364.26000977  -999.250000
 1387.4000000 366.54000854  -999.250000
 1387.6000000 369.35998535  -999.250000
 1387.8000000 371.60000610  -999.250000
 1388.0000000 373.72000122  -999.250000
 1388.2000000 375.79998779  -999.250000
 1388.4000000 376.42001343  -999.250000
 1388.6000000 375.32000732  -999.250000
 1388.8000000 372.48001099  -999.250000
 1389.0000000 368.00000000  -999.250000
 1389.2000000 363.72000122  -999.250000
 1389.4000000 361.60000610  -999.250000
 1389.6000000 361.38000488  -999.250000
 1389.8000000 362.50000000  -999.250000
 1390.0000000 364.77999878  -999.250000
 1390.2000000 366.48001099  -999.250000
 1390.4000000 366.05999756  -999.250000
 1390.6000000 363.05999756  -999.250000
 1390.8000000 357.88000488  -999.250000
 1391.0000000 352.38000488  -999.250000
 1391.2000000 348.48001099  -999.250000
 1391.4000000 347.54000854  -999.250000
 1391.6000000 349.05999756  -999.250000
 1391.8000000 351.66000366  -999.250000
 1392.0000000 353.98001099  -999.250000
 1392.2000000 356.14001465  -999.250000
 1392.4000000 358.39999390  -999.250000
 1392.6000000 358.98001099  -999.250000
 1392.8000000 357.57998657  -999.250000
 1393.0000000 355.66000366  -999.250000
 1393.2000000 354.54000854  -999.250000
 1393.4000000 354.54000854  -999.250000
 1393.6000000 355.64001465  -999.250000
 1393.8000000 357.44000244  -999.250000
 1394.0000000 358.66000366  -999.250000
 1394.2000000 359.22000122  -999.250000
 1394.4000000 359.76000977  -999.250000
 1394.6000000 359.77999878  -999.250000
 1394.8000000 359.20001221  -999.250000
 1395.0000000 358.54000854  -999.250000
 1395.2000000 358.64001465  -999.250000
 1395.4000000 359.35998535  -999.250000
 1395.6000000 359.66000366  -999.250000
 1395.8000000 359.39999390  -999.250000
 1396.0000000 359.14001465  -999.250000
 1396.2000000 359.42001343  -999.250000
 1396.4000000 360.10000610  -999.250000
 1396.6000000 361.05999756  -999.250000
 1396.8000000 363.07998657  -999.250000
 1397.0000000 365.61999512  -999.250000
 1397.2000000 362.54998779  -999.250000
 1397.4000000 352.58999634  -999.250000
 1397.6000000 353.63000488  -999.250000
 1397.8000000 369.63000488  -999.250000
 1398.0000000 381.45001221  -999.250000
 1398.2000000 383.17999268  -999.250000
 1398.4000000 379.73999023  -999.250000
 1398.6000000 373.07000732  -999.250000
 1398.8000000 364.05999756  -999.250000
 1399.0000000 354.50000000  -999.250000
 1399.2000000 347.38000488  -999.250000
 1399.4000000 344.85998535  -999.250000
 1399.6000000 345.17999268  -999.250000
 1399.8000000 344.60000610  -999.250000
 1400.0000000 336.04000854  -999.250000
 1400.2000000 314.16000366  -999.250000
 1400.4000000 284.69000244  -999.250000
 1400.6000000 249.02000427  -999.250000
 1400.8000000 206.57000732  -999.250000
 1401.0000000 158.75999451  -999.250000
 1401.2000000 127.06999969  -999.250000
 1401.4000000 158.77999878  -999.250000
 1401.6000000 252.64999390  -999.250000
 1401.8000000 332.42001343  -999.250000
 1402.0000000 357.41000366  -999.250000
 1402.2000000 358.82998657  -999.250000
 1402.4000000 344.95999146  -999.250000
 1402.6000000 333.41000366  -999.250000
 1402.8000000 347.42001343  -999.250000
 1403.0000000 366.42999268  -999.250000
 1403.2000000 376.22000122  -999.250000
 1403.4000000 379.54000854  -999.250000
 1403.6000000 375.83999634  -999.250000
 1403.8000000 366.02999878  -999.250000
 1404.0000000 356.83999634  -999.250000
 1404.2000000 353.61999512  -999.250000
 1404.4000000 354.51998901  -999.250000
 1404.6000000 356.22000122  -999.250000
 1404.8000000 356.95999146  -999.250000
 1405.0000000 356.89999390  -999.250000
 1405.2000000 356.82000732  -999.250000
 1405.4000000 357.20001221  -999.250000
 1405.6000000 358.01998901  -999.250000
 1405.8000000 359.11999512  -999.250000
 1406.0000000 359.11999512  -999.250000
 1406.2000000 357.60000610  -999.250000
 1406.4000000 355.73999023  -999.250000
 1406.6000000 354.61999512  -999.250000
 1406.8000000 354.33999634  -999.250000
 1407.0000000 355.00000000  -999.250000
 1407.2000000 355.94000244  -999.250000
 1407.4000000 356.29998779  -999.250000
 1407.6000000 356.67999268  -999.250000
 1407.8000000 358.17999268  -999.250000
 1408.0000000 360.54000854  -999.250000
 1408.2000000 361.60000610  -999.250000
 1408.4000000 360.45999146  -999.250000
 1408.6000000 358.45999146  -999.250000
 1408.8000000 357.17999268  -999.250000
 1409.0000000 355.73999023  -999.250000
 1409.2000000 353.64001465  -999.250000
 1409.4000000 352.45999146  -999.250000
 1409.6000000 353.45999146  -999.250000
 1409.8000000 355.01998901  -999.250000
 1410.0000000 355.23999023  -999.250000
 1410.2000000 354.32000732  -999.250000
 1410.4000000 353.48001099  -999.250000
 1410.6000000 353.66000366  -999.250000
 1410.8000000 354.89999390  -999.250000
 1411.0000000 356.14001465  -999.250000
 1411.2000000 356.17999268  -999.250000
 1411.4000000 355.76000977  -999.250000
 1411.6000000 356.48001099  -999.250000
 1411.8000000 358.73999023  -999.250000
 1412.0000000 361.72000122  -999.250000
 1412.2000000 364.55999756  -999.250000
 1412.4000000 366.32000732  -999.250000
 1412.6000000 366.61999512  -999.250000
 1412.8000000 365.42001343  -999.250000
 1413.0000000 362.92001343  -999.250000
 1413.2000000 360.57998657  -999.250000
 1413.4000000 359.55999756  -999.250000
 1413.6000000 359.54000854  -999.250000
 1413.8000000 358.72000122  -999.250000
 1414.0000000 356.60000610  -999.250000
 1414.2000000 354.70001221  -999.250000
 1414.4000000 354.26000977  -999.250000
 1414.6000000 354.50000000  -999.250000
 1414.8000000 354.60000610  -999.250000
 1415.0000000 354.73999023  -999.250000
 1415.2000000 355.54000854  -999.250000
 1415.4000000 356.61999512  -999.250000
 1415.6000000 356.17999268  -999.250000
 1415.8000000 353.38000488  -999.250000
 1416.0000000 349.95999146  -999.250000
 1416.2000000 349.05999756  -999.250000
 1416.4000000 351.14001465  -999.250000
 1416.6000000 353.88000488  -999.250000
 1416.8000000 355.00000000  -999.250000
 1417.0000000 355.77999878  -999.250000
 1417.2000000 358.00000000  -999.250000
 1417.4000000 362.23999023  -999.250000
 1417.6000000 366.45999146  -999.250000
 1417.8000000 366.10998535  -999.250000
 1418.0000000 358.38000488  -999.250000
 1418.2000000 347.92999268  -999.250000
 1418.4000000 346.01000977  -999.250000
 1418.6000000 352.14001465  -999.250000
 1418.8000000 358.00000000  -999.250000
 1419.0000000 360.16000366  -999.250000
 1419.2000000 360.76000977  -999.250000
 1419.4000000 360.05999756  -999.250000
 1419.6000000 357.04000854  -999.250000
 1419.8000000 353.27999878  -999.250000
 1420.0000000 351.01998901  -999.250000
 1420.2000000 350.82000732  -999.250000
 1420.4000000 352.64001465  -999.250000
 1420.6000000 355.26000977  -999.250000
 1420.8000000 357.04000854  -999.250000
 1421.0000000 357.45999146  -999.250000
 1421.2000000 356.95999146  -999.250000
 1421.4000000 356.35998535  -999.250000
 1421.6000000 356.98001099  -999.250000
 1421.8000000 358.66000366  -999.250000
 1422.0000000 359.48001099  -999.250000
 1422.2000000 358.32000732  -999.250000
 1422.4000000 355.85998535  -999.250000
 1422.6000000 352.88000488  -999.250000
 1422.8000000 349.77999878  -999.250000
 1423.0000000 347.77999878  -999.250000
 1423.2000000 347.10000610  -999.250000
 1423.4000000 346.45999146  -999.250000
 1423.6000000 345.33999634  -999.250000
 1423.8000000 344.85998535  -999.250000
 1424.0000000 345.76000977  -999.250000
 1424.2000000 347.94000244  -999.250000
 1424.4000000 350.48001099  -999.250000
 1424.6000000 352.35998535  -999.250000
 1424.8000000 353.60000610  -999.250000
 1425.0000000 354.57998657  -999.250000
 1425.2000000 354.95999146  -999.250000
 1425.4000000 354.57998657  -999.250000
 1425.6000000 353.94000244  -999.250000
 1425.8000000 353.95999146  -999.250000
 1426.0000000 355.00000000  -999.250000
 1426.2000000 355.85998535  -999.250000
 1426.4000000 354.16000366  -999.250000
 1426.6000000 352.19000244  -999.250000
 1426.8000000 354.44000244  -999.250000
 1427.0000000 357.27999878  -999.250000
 1427.2000000 358.01998901  -999.250000
 1427.4000000 358.50000000  -999.250000
 1427.6000000 359.04000854  -999.250000
 1427.8000000 358.72000122  -999.250000
 1428.0000000 356.72000122  -999.250000
 1428.2000000 353.45999146  -999.250000
 1428.4000000 351.27999878  -999.250000
 1428.6000000 350.92001343  -999.250000
 1428.8000000 351.55999756  -999.250000
 1429.0000000 352.77999878  -999.250000
 1429.2000000 353.07998657  -999.250000
 1429.4000000 351.14001465  -999.250000
 1429.6000000 347.94000244  -999.250000
 1429.8000000 345.23999023  -999.250000
 1430.0000000 343.66000366  -999.250000
 1430.2000000 343.22000122  -999.250000
 1430.4000000 343.35998535  -999.250000
 1430.6000000 344.23999023  -999.250000
 1430.8000000 345.57998657  -999.250000
 1431.0000000 346.83999634  -999.250000
 1431.2000000 348.82000732  -999.250000
 1431.4000000 350.88000488  -999.250000
 1431.6000000 350.88000488  -999.250000
 1431.8000000 348.88000488  -999.250000
 1432.0000000 346.57998657  -999.250000
 1432.2000000 345.77999878  -999.250000
 1432.4000000 346.73999023  -999.250000
 1432.6000000 348.66000366  -999.250000
 1432.8000000 350.11999512  -999.250000
 1433.0000000 350.10000610  -999.250000
 1433.2000000 348.60000610  -999.250000
 1433.4000000 347.17999268  -999.250000
 1433.6000000 347.11999512  -999.250000
 1433.8000000 347.85998535  -999.250000
 1434.0000000 348.35998535  -999.250000
 1434.2000000 348.26000977  -999.250000
 1434.4000000 347.95999146  -999.250000
 1434.6000000 348.92001343  -999.250000
 1434.8000000 351.89999390  -999.250000
 1435.0000000 355.17999268  -999.250000
 1435.2000000 356.60000610  -999.250000
 1435.4000000 355.69000244  -999.250000
 1435.6000000 351.67999268  -999.250000
 1435.8000000 346.91000366  -999.250000
 1436.0000000 340.44000244  -999.250000
 1436.2000000 331.95001221  -999.250000
 1436.4000000 327.42999268  -999.250000
 1436.6000000 327.54000854  -999.250000
 1436.8000000 328.23001099  -999.250000
 1437.0000000 320.20001221  -999.250000
 1437.2000000 293.61999512  -999.250000
 1437.4000000 274.44000244  -999.250000
 1437.6000000 300.92999268  -999.250000
 1437.8000000 336.64999390  -999.250000
 1438.0000000 344.66000366  -999.250000
 1438.2000000 339.33999634  -999.250000
 1438.4000000 336.47000122  -999.250000
 1438.6000000 354.07000732  -999.250000
 1438.8000000 374.20999146  -999.250000
 1439.0000000 371.48001099  -999.250000
 1439.2000000 360.01998901  -999.250000
 1439.4000000 355.72000122  -999.250000
 1439.6000000 354.60000610  -999.250000
 1439.8000000 353.64001465  -999.250000
 1440.0000000 353.23999023  -999.250000
 1440.2000000 353.64001465  -999.250000
 1440.4000000 354.45999146  -999.250000
 1440.6000000 354.66000366  -999.250000
 1440.8000000 354.01998901  -999.250000
 1441.0000000 352.14001465  -999.250000
 1441.2000000 349.35998535  -999.250000
 1441.4000000 347.48001099  -999.250000
 1441.6000000 347.01998901  -999.250000
 1441.8000000 347.11999512  -999.250000
 1442.0000000 347.72000122  -999.250000
 1442.2000000 348.79998779  -999.250000
 1442.4000000 349.76000977  -999.250000
 1442.6000000 350.16000366  -999.250000
 1442.8000000 350.11999512  -999.250000
 1443.0000000 350.20001221  -999.250000
 1443.2000000 350.50000000  -999.250000
 1443.4000000 351.14001465  -999.250000
 1443.6000000 352.39999390  -999.250000
 1443.8000000 353.51998901  -999.250000
 1444.0000000 353.55999756  -999.250000
 1444.2000000 353.00000000  -999.250000
 1444.4000000 352.29998779  -999.250000
 1444.6000000 351.23999023  -999.250000
 1444.8000000 349.20001221  -999.250000
 1445.0000000 347.29998779  -999.250000
 1445.2000000 347.32000732  -999.250000
 1445.4000000 349.05999756  -999.250000
 1445.6000000 350.20001221  -999.250000
 1445.8000000 349.73999023  -999.250000
 1446.0000000 348.35998535  -999.250000
 1446.2000000 347.66000366  -999.250000
 1446.4000000 348.01998901  -999.250000
 1446.6000000 348.70001221  -999.250000
 1446.8000000 349.32000732  -999.250000
 1447.0000000 350.10000610  -999.250000
 1447.2000000 350.67999268  -999.250000
 1447.4000000 350.94000244  -999.250000
 1447.6000000 351.98001099  -999.250000
 1447.8000000 354.44000244  -999.250000
 1448.0000000 357.29998779  -999.250000
 1448.2000000 358.61999512  -999.250000
 1448.4000000 358.33999634  -999.250000
 1448.6000000 357.11999512  -999.250000
 1448.8000000 356.22000122  -999.250000
 1449.0000000 356.01998901  -999.250000
 1449.2000000 356.10000610  -999.250000
 1449.4000000 355.85998535  -999.250000
 1449.6000000 354.64001465  -999.250000
 1449.8000000 352.66000366  -999.250000
 1450.0000000 351.64001465  -999.250000
 1450.2000000 351.72000122  -999.250000
 1450.4000000 352.26000977  -999.250000
 1450.6000000 352.26000977  -999.250000
 1450.8000000 351.48001099  -999.250000
 1451.0000000 350.42001343  -999.250000
 1451.2000000 349.61999512  -999.250000
 1451.4000000 349.23999023  -999.250000
 1451.6000000 349.61999512  -999.250000
 1451.8000000 350.60000610  -999.250000
 1452.0000000 351.82000732  -999.250000
 1452.2000000 353.10000610  -999.250000
 1452.4000000 354.39999390  -999.250000
 1452.6000000 355.67999268  -999.250000
 1452.8000000 356.50000000  -999.250000
 1453.0000000 357.07998657  -999.250000
 1453.2000000 357.27999878  -999.250000
 1453.4000000 356.98001099  -999.250000
 1453.6000000 355.63000488  -999.250000
 1453.8000000 348.33999634  -999.250000
 1454.0000000 332.97000122  -999.250000
 1454.2000000 327.76000977  -999.250000
 1454.4000000 339.57000732  -999.250000
 1454.6000000 350.76998901  -999.250000
 1454.8000000 354.16000366  -999.250000
 1455.0000000 355.48001099  -999.250000
 1455.2000000 357.48001099  -999.250000
 1455.4000000 359.01998901  -999.250000
 1455.6000000 358.92001343  -999.250000
 1455.8000000 357.35998535  -999.250000
 1456.0000000 355.22000122  -999.250000
 1456.2000000 353.32000732  -999.250000
 1456.4000000 351.82000732  -999.250000
 1456.6000000 350.72000122  -999.250000
 1456.8000000 350.14001465  -999.250000
 1457.0000000 350.26000977  -999.250000
 1457.2000000 351.16000366  -999.250000
 1457.4000000 352.73999023  -999.250000
 1457.6000000 354.70001221  -999.250000
 1457.8000000 356.44000244  -999.250000
 1458.0000000 357.23999023  -999.250000
 1458.2000000 357.20001221  -999.250000
 1458.4000000 356.92001343  -999.250000
 1458.6000000 356.89999390  -999.250000
 1458.8000000 357.22000122  -999.250000
 1459.0000000 357.77999878  -999.250000
 1459.2000000 358.38000488  -999.250000
 1459.4000000 358.85998535  -999.250000
 1459.6000000 358.77999878  -999.250000
 1459.8000000 358.32000732  -999.250000
 1460.0000000 358.01998901  -999.250000
 1460.2000000 357.89999390  -999.250000
 1460.4000000 357.45999146  -999.250000
 1460.6000000 356.50000000  -999.250000
 1460.8000000 355.60000610  -999.250000
 1461.0000000 354.76000977  -999.250000
 1461.2000000 353.39999390  -999.250000
 1461.4000000 351.97000122  -999.250000
 1461.6000000 351.51998901  -999.250000
 1461.8000000 351.61999512  -999.250000
 1462.0000000 352.14001465  -999.250000
 1462.2000000 353.17999268  -999.250000
 1462.4000000 354.27999878  -999.250000
 1462.6000000 355.35998535  -999.250000
 1462.8000000 356.04000854  -999.250000
 1463.0000000 355.98001099  -999.250000
 1463.2000000 355.38000488  -999.250000
 1463.4000000 354.44000244  -999.250000
 1463.6000000 354.05999756  -999.250000
 1463.8000000 354.83999634  -999.250000
 1464.0000000 356.33999634  -999.250000
 1464.2000000 356.75000000  -999.250000
 1464.4000000 353.72000122  -999.250000
 1464.6000000 345.82000732  -999.250000
 1464.8000000 338.82998657  -999.250000
 1465.0000000 339.91000366  -999.250000
 1465.2000000 347.41000366  -999.250000
 1465.4000000 353.98001099  -999.250000
 1465.6000000 356.39001465  -999.250000
 1465.8000000 355.86999512  -999.250000
 1466.0000000 352.48001099  -999.250000
 1466.2000000 348.61999512  -999.250000
 1466.4000000 348.20999146  -999.250000
 1466.6000000 350.29998779  -999.250000
 1466.8000000 352.67999268  -999.250000
 1467.0000000 354.44000244  -999.250000
 1467.2000000 354.95999146  -999.250000
 1467.4000000 354.48001099  -999.250000
 1467.6000000 353.92001343  -999.250000
 1467.8000000 353.92001343  -999.250000
 1468.0000000 354.42001343  -999.250000
 1468.2000000 355.05999756  -999.250000
 1468.4000000 355.20001221  -999.250000
 1468.6000000 355.20001221  -999.250000
 1468.8000000 355.16000366  -999.250000
 1469.0000000 354.66000366  -999.250000
 1469.2000000 353.55999756  -999.250000
 1469.4000000 351.85000610  -999.250000
 1469.6000000 349.66000366  -999.250000
 1469.8000000 348.67001343  -999.250000
 1470.0000000 349.29998779  -999.250000
 1470.2000000 350.17999268  -999.250000
 1470.4000000 350.72000122  -999.250000
 1470.6000000 351.32000732  -999.250000
 1470.8000000 352.23999023  -999.250000
 1471.0000000 353.35998535  -999.250000
 1471.2000000 353.82000732  -999.250000
 1471.4000000 354.25000000  -999.250000
 1471.6000000 355.54000854  -999.250000
 1471.8000000 357.55999756  -999.250000
 1472.0000000 358.91000366  -999.250000
 1472.2000000 358.29000854  -999.250000
 1472.4000000 355.57998657  -999.250000
 1472.6000000 352.58999634  -999.250000
 1472.8000000 351.33999634  -999.250000
 1473.0000000 351.29998779  -999.250000
 1473.2000000 351.39999390  -999.250000
 1473.4000000 351.35998535  -999.250000
 1473.6000000 350.92999268  -999.250000
 1473.8000000 349.45999146  -999.250000
 1474.0000000 347.45001221  -999.250000
 1474.2000000 346.64999390  -999.250000
 1474.4000000 347.20001221  -999.250000
 1474.6000000 347.95001221  -999.250000
 1474.8000000 348.07998657  -999.250000
 1475.0000000 348.00000000  -999.250000
 1475.2000000 347.85998535  -999.250000
 1475.4000000 347.05999756  -999.250000
 1475.6000000 345.54998779  -999.250000
 1475.8000000 344.94000244  -999.250000
 1476.0000000 346.98999023  -999.250000
 1476.2000000 350.54998779  -999.250000
 1476.4000000 352.76998901  -999.250000
 1476.6000000 352.42999268  -999.250000
 1476.8000000 350.64001465  -999.250000
 1477.0000000 349.33999634  -999.250000
 1477.2000000 348.82000732  -999.250000
 1477.4000000 348.70001221  -999.250000
 1477.6000000 348.83999634  -999.250000
 1477.8000000 349.54000854  -999.250000
 1478.0000000 350.77999878  -999.250000
 1478.2000000 351.85998535  -999.250000
 1478.4000000 352.51998901  -999.250000
 1478.6000000 353.10000610  -999.250000
 1478.8000000 353.26000977  -999.250000
 1479.0000000 352.45001221  -999.250000
 1479.2000000 350.39999390  -999.250000
 1479.4000000 348.48999023  -999.250000
 1479.6000000 348.36999512  -999.250000
 1479.8000000 349.67999268  -999.250000
 1480.0000000 350.76000977  -999.250000
 1480.2000000 351.00000000  -999.250000
 1480.4000000 350.89999390  -999.250000
 1480.6000000 350.82000732  -999.250000
 1480.8000000 351.01998901  -999.250000
 1481.0000000 351.29998779  -999.250000
 1481.2000000 351.27999878  -999.250000
 1481.4000000 350.61999512  -999.250000
 1481.6000000 349.75000000  -999.250000
 1481.8000000 349.44000244  -999.250000
 1482.0000000 349.85000610  -999.250000
 1482.2000000 351.04000854  -999.250000
 1482.4000000 352.85000610  -999.250000
 1482.6000000 355.57998657  -999.250000
 1482.8000000 357.91000366  -999.250000
 1483.0000000 358.29000854  -999.250000
 1483.2000000 356.66000366  -999.250000
 1483.4000000 354.69000244  -999.250000
 1483.6000000 354.14999390  -999.250000
 1483.8000000 354.36999512  -999.250000
 1484.0000000 353.97000122  -999.250000
 1484.2000000 353.01998901  -999.250000
 1484.4000000 352.42999268  -999.250000
 1484.6000000 352.51998901  -999.250000
 1484.8000000 352.77999878  -999.250000
 1485.0000000 352.57000732  -999.250000
 1485.2000000 351.60000610  -999.250000
 1485.4000000 350.60000610  -999.250000
 1485.6000000 350.01998901  -999.250000
 1485.8000000 349.86999512  -999.250000
 1486.0000000 349.47000122  -999.250000
 1486.2000000 348.64999390  -999.250000
 1486.4000000 347.27999878  -999.250000
 1486.6000000 345.72000122  -999.250000
 1486.8000000 344.27999878  -999.250000
 1487.0000000 342.82998657  -999.250000
 1487.2000000 342.14999390  -999.250000
 1487.4000000 342.73001099  -999.250000
 1487.6000000 344.20001221  -999.250000
 1487.8000000 345.70001221  -999.250000
 1488.0000000 347.11999512  -999.250000
 1488.2000000 348.67001343  -999.250000
 1488.4000000 349.75000000  -999.250000
 1488.6000000 349.79998779  -999.250000
 1488.8000000 349.42001343  -999.250000
 1489.0000000 349.32998657  -999.250000
 1489.2000000 349.89999390  -999.250000
 1489.4000000 350.86999512  -999.250000
 1489.6000000 351.47000122  -999.250000
 1489.8000000 351.07998657  -999.250000
 1490.0000000 350.11999512  -999.250000
 1490.2000000 349.51998901  -999.250000
 1490.4000000 349.38000488  -999.250000
 1490.6000000 349.14999390  -999.250000
 1490.8000000 348.51998901  -999.250000
 1491.0000000 348.38000488  -999.250000
 1491.2000000 349.63000488  -999.250000
 1491.4000000 351.57998657  -999.250000
 1491.6000000 353.07000732  -999.250000
 1491.8000000 353.67999268  -999.250000
 1492.0000000 353.79998779  -999.250000
 1492.2000000 353.64999390  -999.250000
 1492.4000000 352.76998901  -999.250000
 1492.6000000 351.36999512  -999.250000
 1492.8000000 349.73001099  -999.250000
 1493.0000000 348.67001343  -999.250000
 1493.2000000 348.86999512  -999.250000
 1493.4000000 350.54998779  -999.250000
 1493.6000000 353.00000000  -999.250000
 1493.8000000 355.64999390  -999.250000
 1494.0000000 358.82000732  -999.250000
 1494.2000000 360.14999390  -999.250000
 1494.4000000 358.10000610  -999.250000
 1494.6000000 353.95001221  -999.250000
 1494.8000000 350.70001221  -999.250000
 1495.0000000 349.54998779  -999.250000
 1495.2000000 349.75000000  -999.250000
 1495.4000000 350.76998901  -999.250000
 1495.6000000 351.45001221  -999.250000
 1495.8000000 351.48001099  -999.250000
 1496.0000000 351.39999390  -999.250000
 1496.2000000 351.48001099  -999.250000
 1496.4000000 351.67999268  -999.250000
 1496.6000000 351.75000000  -999.250000
 1496.8000000 350.97000122  -999.250000
 1497.0000000 349.63000488  -999.250000
 1497.2000000 348.82998657  -999.250000
 1497.4000000 348.60000610  -999.250000
 1497.6000000 348.17999268  -999.250000
 1497.8000000 346.86999512  -999.250000
 1498.0000000 344.75000000  -999.250000
 1498.2000000 343.32000732  -999.250000
 1498.4000000 342.29998779  -999.250000
 1498.6000000 341.32998657  -999.250000
 1498.8000000 340.95001221  -999.250000
 1499.0000000 341.67001343  -999.250000
 1499.2000000 343.51998901  -999.250000
 1499.4000000 345.25000000  -999.250000
 1499.6000000 345.67999268  -999.250000
 1499.8000000 345.72000122  -999.250000
 1500.0000000 346.51998901  -999.250000
 1500.2000000 347.86999512  -999.250000
 1500.4000000 348.67999268  -999.250000
 1500.6000000 348.98001099  -999.250000
 1500.8000000 348.64999390  -999.250000
 1501.0000000 347.17999268  -999.250000
 1501.2000000 345.50000000  -999.250000
 1501.4000000 345.67001343  -999.250000
 1501.6000000 347.36999512  -999.250000
 1501.8000000 348.75000000  -999.250000
 1502.0000000 349.29998779  -999.250000
 1502.2000000 349.98001099  -999.250000
 1502.4000000 350.57000732  -999.250000
 1502.6000000 350.17999268  -999.250000
 1502.8000000 349.32998657  -999.250000
 1503.0000000 349.20001221  -999.250000
 1503.2000000 349.60000610  -999.250000
 1503.4000000 350.10000610  -999.250000
 1503.6000000 350.47000122  -999.250000
 1503.8000000 350.39999390  -999.250000
 1504.0000000 350.00000000  -999.250000
 1504.2000000 349.32000732  -999.250000
 1504.4000000 348.67001343  -999.250000
 1504.6000000 347.32998657  -999.250000
 1504.8000000 344.77999878  -999.250000
 1505.0000000 342.39999390  -999.250000
 1505.2000000 341.95001221  -999.250000
 1505.4000000 342.61999512  -999.250000
 1505.6000000 343.48001099  -999.250000
 1505.8000000 343.88000488  -999.250000
 1506.0000000 343.92001343  -999.250000
 1506.2000000 344.35998535  -999.250000
 1506.4000000 346.25000000  -999.250000
 1506.6000000 348.89001465  -999.250000
 1506.8000000 349.58999634  -999.250000
 1507.0000000 348.39999390  -999.250000
 1507.2000000 347.35998535  -999.250000
 1507.4000000 347.29998779  -999.250000
 1507.6000000 347.32000732  -999.250000
 1507.8000000 347.54998779  -999.250000
 1508.0000000 348.29998779  -999.250000
 1508.2000000 348.97000122  -999.250000
 1508.4000000 349.20001221  -999.250000
 1508.6000000 349.38000488  -999.250000
 1508.8000000 349.26998901  -999.250000
 1509.0000000 348.61999512  -999.250000
 1509.2000000 348.32000732  -999.250000
 1509.4000000 348.67999268  -999.250000
 1509.6000000 348.73999023  -999.250000
 1509.8000000 347.38000488  -999.250000
 1510.0000000 345.52999878  -999.250000
 1510.2000000 344.51998901  -999.250000
 1510.4000000 344.42999268  -999.250000
 1510.6000000 345.35000610  -999.250000
 1510.8000000 347.29998779  -999.250000
 1511.0000000 349.25000000  -999.250000
 1511.2000000 349.72000122  -999.250000
 1511.4000000 348.10000610  -999.250000
 1511.6000000 345.95999146  -999.250000
 1511.8000000 344.95999146  -999.250000
 1512.0000000 345.52999878  -999.250000
 1512.2000000 347.20001221  -999.250000
 1512.4000000 348.98001099  -999.250000
 1512.6000000 350.38000488  -999.250000
 1512.8000000 351.35000610  -999.250000
 1513.0000000 351.47000122  -999.250000
 1513.2000000 351.01998901  -999.250000
 1513.4000000 350.48001099  -999.250000
 1513.6000000 349.48001099  -999.250000
 1513.8000000 348.23001099  -999.250000
 1514.0000000 347.63000488  -999.250000
 1514.2000000 347.70001221  -999.250000
 1514.4000000 347.98001099  -999.250000
 1514.6000000 347.94000244  -999.250000
 1514.8000000 346.67001343  -999.250000
 1515.0000000 344.72000122  -999.250000
 1515.2000000 342.98001099  -999.250000
 1515.4000000 341.32000732  -999.250000
 1515.6000000 340.48001099  -999.250000
 1515.8000000 341.35998535  -999.250000
 1516.0000000 343.38000488  -999.250000
 1516.2000000 344.94000244  -999.250000
 1516.4000000 344.97000122  -999.250000
 1516.6000000 344.32998657  -999.250000
 1516.8000000 344.42001343  -999.250000
 1517.0000000 345.00000000  -999.250000
 1517.2000000 345.50000000  -999.250000
 1517.4000000 345.64999390  -999.250000
 1517.6000000 344.85000610  -999.250000
 1517.8000000 343.32000732  -999.250000
 1518.0000000 342.27999878  -999.250000
 1518.2000000 342.51998901  -999.250000
 1518.4000000 342.98001099  -999.250000
 1518.6000000 343.22000122  -999.250000
 1518.8000000 343.67999268  -999.250000
 1519.0000000 344.22000122  -999.250000
 1519.2000000 345.20001221  -999.250000
 1519.4000000 346.20001221  -999.250000
 1519.6000000 347.02999878  -999.250000
 1519.8000000 348.42999268  -999.250000
 1520.0000000 350.45001221  -999.250000
 1520.2000000 351.70999146  -999.250000
 1520.4000000 351.17001343  -999.250000
 1520.6000000 349.88000488  -999.250000
 1520.8000000 349.85000610  -999.250000
 1521.0000000 350.86999512  -999.250000
 1521.2000000 351.35000610  -999.250000
 1521.4000000 350.67001343  -999.250000
 1521.6000000 349.32998657  -999.250000
 1521.8000000 348.57000732  -999.250000
 1522.0000000 349.13000488  -999.250000
 1522.2000000 349.60998535  -999.250000
 1522.4000000 345.75000000  -999.250000
 1522.6000000 338.20999146  -999.250000
 1522.8000000 326.20001221  -999.250000
 1523.0000000 300.51998901  -999.250000
 1523.2000000 280.48001099  -999.250000
 1523.4000000 276.60000610  -999.250000
 1523.6000000 291.04000854  -999.250000
 1523.8000000 307.66000366  -999.250000
 1524.0000000 314.45999146  -999.250000
 1524.2000000 321.61999512  -999.250000
 1524.4000000 334.66000366  -999.250000
 1524.6000000 345.57000732  -999.250000
 1524.8000000 340.35998535  -999.250000
 1525.0000000 350.75000000  -999.250000
 1525.2000000 364.55999756  -999.250000
 1525.4000000 349.05999756  -999.250000
 1525.6000000 332.08999634  -999.250000
 1525.8000000 330.76998901  -999.250000
 1526.0000000 332.83999634  -999.250000
 1526.2000000 335.76000977  -999.250000
 1526.4000000 339.32998657  -999.250000
 1526.6000000 338.92999268  -999.250000
 1526.8000000 336.39999390  -999.250000
 1527.0000000 334.17001343  -999.250000
 1527.2000000 333.76000977  -999.250000
 1527.4000000 334.48999023  -999.250000
 1527.6000000 335.00000000  -999.250000
 1527.8000000 335.52999878  -999.250000
 1528.0000000 336.60998535  -999.250000
 1528.2000000 338.02999878  -999.250000
 1528.4000000 339.66000366  -999.250000
 1528.6000000 340.23001099  -999.250000
 1528.8000000 339.05999756  -999.250000
 1529.0000000 337.16000366  -999.250000
 1529.2000000 336.91000366  -999.250000
 1529.4000000 339.76998901  -999.250000
 1529.6000000 343.95001221  -999.250000
 1529.8000000 344.50000000  -999.250000
 1530.0000000 342.47000122  -999.250000
 1530.2000000 341.85998535  -999.250000
 1530.4000000 342.55999756  -999.250000
 1530.6000000 342.47000122  -999.250000
 1530.8000000 341.80999756  -999.250000
 1531.0000000 341.73001099  -999.250000
 1531.2000000 342.66000366  -999.250000
 1531.4000000 344.91000366  -999.250000
 1531.6000000 347.32000732  -999.250000
 1531.8000000 347.73001099  -999.250000
 1532.0000000 346.35998535  -999.250000
 1532.2000000 344.10000610  -999.250000
 1532.4000000 341.60998535  -999.250000
 1532.6000000 339.29000854  -999.250000
 1532.8000000 337.13000488  -999.250000
 1533.0000000 335.86999512  -999.250000
 1533.2000000 336.39999390  -999.250000
 1533.4000000 338.86999512  -999.250000
 1533.6000000 340.75000000  -999.250000
 1533.8000000 341.52999878  -999.250000
 1534.0000000 343.13000488  -999.250000
 1534.2000000 345.13000488  -999.250000
 1534.4000000 345.76998901  -999.250000
 1534.6000000 345.91000366  -999.250000
 1534.8000000 346.26998901  -999.250000
 1535.0000000 346.26998901  -999.250000
 1535.2000000 345.79000854  -999.250000
 1535.4000000 345.01000977  -999.250000
 1535.6000000 344.73001099  -999.250000
 1535.8000000 345.41000366  -999.250000
 1536.0000000 346.45001221  -999.250000
 1536.2000000 346.36999512  -999.250000
 1536.4000000 345.60998535  -999.250000
 1536.6000000 345.20999146  -999.250000
 1536.8000000 345.64001465  -999.250000
 1537.0000000 347.41000366  -999.250000
 1537.2000000 349.17999268  -999.250000
 1537.4000000 347.25000000  -999.250000
 1537.6000000 338.42001343  -999.250000
 1537.8000000 326.01998901  -999.250000
 1538.0000000 322.04998779  -999.250000
 1538.2000000 330.50000000  -999.250000
 1538.4000000 341.67999268  -999.250000
 1538.6000000 345.79000854  -999.250000
 1538.8000000 346.20999146  -999.250000
 1539.0000000 346.51000977  -999.250000
 1539.2000000 347.10000610  -999.250000
 1539.4000000 347.58999634  -999.250000
 1539.6000000 347.60998535  -999.250000
 1539.8000000 347.73001099  -999.250000
 1540.0000000 348.39999390  -999.250000
 1540.2000000 348.97000122  -999.250000
 1540.4000000 348.67001343  -999.250000
 1540.6000000 347.83999634  -999.250000
 1540.8000000 348.16000366  -999.250000
 1541.0000000 350.20999146  -999.250000
 1541.2000000 352.66000366  -999.250000
 1541.4000000 354.07000732  -999.250000
 1541.6000000 354.39001465  -999.250000
 1541.8000000 353.85000610  -999.250000
 1542.0000000 352.08999634  -999.250000
 1542.2000000 350.14001465  -999.250000
 1542.4000000 349.20001221  -999.250000
 1542.6000000 348.20999146  -999.250000
 1542.8000000 344.66000366  -999.250000
 1543.0000000 337.54000854  -999.250000
 1543.2000000 331.75000000  -999.250000
 1543.4000000 332.86999512  -999.250000
 1543.6000000 338.72000122  -999.250000
 1543.8000000 342.67001343  -999.250000
 1544.0000000 343.16000366  -999.250000
 1544.2000000 342.70999146  -999.250000
 1544.4000000 342.60998535  -999.250000
 1544.6000000 342.70999146  -999.250000
 1544.8000000 342.92999268  -999.250000
 1545.0000000 343.60000610  -999.250000
 1545.2000000 344.07000732  -999.250000
 1545.4000000 343.89001465  -999.250000
 1545.6000000 343.64001465  -999.250000
 1545.8000000 344.10000610  -999.250000
 1546.0000000 344.32000732  -999.250000
 1546.2000000 342.51998901  -999.250000
 1546.4000000 339.02999878  -999.250000
 1546.6000000 336.79998779  -999.250000
 1546.8000000 337.76000977  -999.250000
 1547.0000000 340.35000610  -999.250000
 1547.2000000 341.38000488  -999.250000
 1547.4000000 339.45001221  -999.250000
 1547.6000000 336.07998657  -999.250000
 1547.8000000 334.52999878  -999.250000
 1548.0000000 336.85000610  -999.250000
 1548.2000000 343.51000977  -999.250000
 1548.4000000 350.05999756  -999.250000
 1548.6000000 350.05999756  -999.250000
 1548.8000000 343.25000000  -999.250000
 1549.0000000 335.36999512  -999.250000
 1549.2000000 334.45001221  -999.250000
 1549.4000000 338.17001343  -999.250000
 1549.6000000 339.05999756  -999.250000
 1549.8000000 336.45999146  -999.250000
 1550.0000000 335.75000000  -999.250000
 1550.2000000 338.98999023  -999.250000
 1550.4000000 341.98999023  -999.250000
 1550.6000000 342.29998779  -999.250000
 1550.8000000 343.01000977  -999.250000
 1551.0000000 346.89999390  -999.250000
 1551.2000000 350.19000244  -999.250000
 1551.4000000 346.98999023  -999.250000
 1551.6000000 337.13000488  -999.250000
 1551.8000000 325.64999390  -999.250000
 1552.0000000 321.51000977  -999.250000
 1552.2000000 329.64999390  -999.250000
 1552.4000000 343.82998657  -999.250000
 1552.6000000 348.00000000  -999.250000
 1552.8000000 337.92999268  -999.250000
 1553.0000000 325.94000244  -999.250000
 1553.2000000 325.73001099  -999.250000
 1553.4000000 334.95999146  -999.250000
 1553.6000000 344.11999512  -999.250000
 1553.8000000 350.58999634  -999.250000
 1554.0000000 353.19000244  -999.250000
 1554.2000000 349.32000732  -999.250000
 1554.4000000 340.58999634  -999.250000
 1554.6000000 334.01998901  -999.250000
 1554.8000000 333.72000122  -999.250000
 1555.0000000 336.95001221  -999.250000
 1555.2000000 339.14001465  -999.250000
 1555.4000000 339.70001221  -999.250000
 1555.6000000 339.98999023  -999.250000
 1555.8000000 340.04000854  -999.250000
 1556.0000000 340.92001343  -999.250000
 1556.2000000 342.76000977  -999.250000
 1556.4000000 343.85000610  -999.250000
 1556.6000000 343.16000366  -999.250000
 1556.8000000 341.32998657  -999.250000
 1557.0000000 339.85000610  -999.250000
 1557.2000000 339.29998779  -999.250000
 1557.4000000 338.69000244  -999.250000
 1557.6000000 337.72000122  -999.250000
 1557.8000000 337.25000000  -999.250000
 1558.0000000 337.85998535  -999.250000
 1558.2000000 340.10000610  -999.250000
 1558.4000000 342.64001465  -999.250000
 1558.6000000 343.66000366  -999.250000
 1558.8000000 343.70001221  -999.250000
 1559.0000000 343.57998657  -999.250000
 1559.2000000 342.66000366  -999.250000
 1559.4000000 340.64999390  -999.250000
 1559.6000000 337.57998657  -999.250000
 1559.8000000 334.39001465  -999.250000
 1560.0000000 333.36999512  -999.250000
 1560.2000000 334.30999756  -999.250000
 1560.4000000 335.58999634  -999.250000
 1560.6000000 336.57998657  -999.250000
 1560.8000000 337.05999756  -999.250000
 1561.0000000 336.45999146  -999.250000
 1561.2000000 334.83999634  -999.250000
 1561.4000000 334.29998779  -999.250000
 1561.6000000 336.67001343  -999.250000
 1561.8000000 341.14999390  -999.250000
 1562.0000000 344.04998779  -999.250000
 1562.2000000 342.38000488  -999.250000
 1562.4000000 336.98001099  -999.250000
 1562.6000000 330.07000732  -999.250000
 1562.8000000 323.82998657  -999.250000
 1563.0000000 325.35998535  -999.250000
 1563.2000000 326.61999512  -999.250000
 1563.4000000 324.10998535  -999.250000
 1563.6000000 327.36999512  -999.250000
 1563.8000000 335.35998535  -999.250000
 1564.0000000 341.08999634  -999.250000
 1564.2000000 344.92999268  -999.250000
 1564.4000000 344.32000732  -999.250000
 1564.6000000 343.57000732  -999.250000
 1564.8000000 344.85000610  -999.250000
 1565.0000000 345.54998779  -999.250000
 1565.2000000 344.54000854  -999.250000
 1565.4000000 342.16000366  -999.250000
 1565.6000000 341.45999146  -999.250000
 1565.8000000 342.44000244  -999.250000
 1566.0000000 341.98999023  -999.250000
 1566.2000000 341.04998779  -999.250000
 1566.4000000 341.32000732  -999.250000
 1566.6000000 342.20999146  -999.250000
 1566.8000000 343.04998779  -999.250000
 1567.0000000 342.58999634  -999.250000
 1567.2000000 341.85000610  -999.250000
 1567.4000000 342.08999634  -999.250000
 1567.6000000 341.50000000  -999.250000
 1567.8000000 338.17001343  -999.250000
 1568.0000000 334.32998657  -999.250000
 1568.2000000 333.97000122  -999.250000
 1568.4000000 335.95999146  -999.250000
 1568.6000000 337.35000610  -999.250000
 1568.8000000 337.39001465  -999.250000
 1569.0000000 336.89999390  -999.250000
 1569.2000000 336.32000732  -999.250000
 1569.4000000 336.30999756  -999.250000
 1569.6000000 336.89001465  -999.250000
 1569.8000000 337.48999023  -999.250000
 1570.0000000 337.86999512  -999.250000
 1570.2000000 337.69000244  -999.250000
 1570.4000000 337.10000610  -999.250000
 1570.6000000 336.22000122  -999.250000
 1570.8000000 335.72000122  -999.250000
 1571.0000000 335.57000732  -999.250000
 1571.2000000 333.89999390  -999.250000
 1571.4000000 328.92001343  -999.250000
 1571.6000000 324.64001465  -999.250000
 1571.8000000 324.76000977  -999.250000
 1572.0000000 326.60000610  -999.250000
 1572.2000000 325.79998779  -999.250000
 1572.4000000 321.10998535  -999.250000
 1572.6000000 310.57000732  -999.250000
 1572.8000000 295.79000854  -999.250000
 1573.0000000 276.32998657  -999.250000
 1573.2000000 254.35000610  -999.250000
 1573.4000000 253.28999329  -999.250000
 1573.6000000 269.42999268  -999.250000
 1573.8000000 288.26000977  -999.250000
 1574.0000000 308.14001465  -999.250000
 1574.2000000 319.64001465  -999.250000
 1574.4000000 319.42001343  -999.250000
 1574.6000000 317.22000122  -999.250000
 1574.8000000 323.02999878  -999.250000
 1575.0000000 327.69000244  -999.250000
 1575.2000000 326.39999390  -999.250000
 1575.4000000 327.35998535  -999.250000
 1575.6000000 330.29000854  -999.250000
 1575.8000000 333.11999512  -999.250000
 1576.0000000 336.41000366  -999.250000
 1576.2000000 337.44000244  -999.250000
 1576.4000000 337.04000854  -999.250000
 1576.6000000 337.86999512  -999.250000
 1576.8000000 340.61999512  -999.250000
 1577.0000000 344.11999512  -999.250000
 1577.2000000 344.89999390  -999.250000
 1577.4000000 339.54000854  -999.250000
 1577.6000000 332.16000366  -999.250000
 1577.8000000 329.83999634  -999.250000
 1578.0000000 332.73999023  -999.250000
 1578.2000000 337.85000610  -999.250000
 1578.4000000 344.85998535  -999.250000
 1578.6000000 352.29000854  -999.250000
 1578.8000000 352.51998901  -999.250000
 1579.0000000 342.92001343  -999.250000
 1579.2000000 330.95001221  -999.250000
 1579.4000000 326.35000610  -999.250000
 1579.6000000 327.33999634  -999.250000
 1579.8000000 330.02999878  -999.250000
 1580.0000000 333.79000854  -999.250000
 1580.2000000 337.30999756  -999.250000
 1580.4000000 338.27999878  -999.250000
 1580.6000000 338.10000610  -999.250000
 1580.8000000 337.98999023  -999.250000
 1581.0000000 337.92999268  -999.250000
 1581.2000000 339.01998901  -999.250000
 1581.4000000 340.70999146  -999.250000
 1581.6000000 339.92001343  -999.250000
 1581.8000000 336.83999634  -999.250000
 1582.0000000 334.95999146  -999.250000
 1582.2000000 335.69000244  -999.250000
 1582.4000000 339.88000488  -999.250000
 1582.6000000 346.58999634  -999.250000
 1582.8000000 349.50000000  -999.250000
 1583.0000000 345.10000610  -999.250000
 1583.2000000 337.64999390  -999.250000
 1583.4000000 335.08999634  -999.250000
 1583.6000000 339.54000854  -999.250000
 1583.8000000 349.26998901  -999.250000
 1584.0000000 360.86999512  -999.250000
 1584.2000000 366.29998779  -999.250000
 1584.4000000 368.14001465  -999.250000
 1584.6000000 371.17001343  -999.250000
 1584.8000000 375.92001343  -999.250000
 1585.0000000 380.72000122  -999.250000
 1585.2000000 382.42001343  -999.250000
 1585.4000000 376.76998901  -999.250000
 1585.6000000 359.85998535  -999.250000
 1585.8000000 341.51998901  -999.250000
 1586.0000000 332.72000122  -999.250000
 1586.2000000 326.89001465  -999.250000
 1586.4000000 324.19000244  -999.250000
 1586.6000000 325.04998779  -999.250000
 1586.8000000 327.77999878  -999.250000
 1587.0000000 330.20001221  -999.250000
 1587.2000000 337.08999634  -999.250000
 1587.4000000 351.92001343  -999.250000
 1587.6000000 359.17999268  -999.250000
 1587.8000000 361.54998779  -999.250000
 1588.0000000 367.05999756  -999.250000
 1588.2000000 364.57000732  -999.250000
 1588.4000000 350.64999390  -999.250000
 1588.6000000 337.70001221  -999.250000
 1588.8000000 332.42999268  -999.250000
 1589.0000000 335.72000122  -999.250000
 1589.2000000 343.23001099  -999.250000
 1589.4000000 345.54000854  -999.250000
 1589.6000000 341.94000244  -999.250000
 1589.8000000 338.39001465  -999.250000
 1590.0000000 334.25000000  -999.250000
 1590.2000000 329.36999512  -999.250000
 1590.4000000 330.38000488  -999.250000
 1590.6000000 337.47000122  -999.250000
 1590.8000000 343.48001099  -999.250000
 1591.0000000 344.91000366  -999.250000
 1591.2000000 342.27999878  -999.250000
 1591.4000000 335.39999390  -999.250000
 1591.6000000 328.77999878  -999.250000
 1591.8000000 328.22000122  -999.250000
 1592.0000000 332.08999634  -999.250000
 1592.2000000 335.98999023  -999.250000
 1592.4000000 339.50000000  -999.250000
 1592.6000000 342.51998901  -999.250000
 1592.8000000 342.39999390  -999.250000
 1593.0000000 338.38000488  -999.250000
 1593.2000000 333.72000122  -999.250000
 1593.4000000 333.20001221  -999.250000
 1593.6000000 336.55999756  -999.250000
 1593.8000000 341.57998657  -999.250000
 1594.0000000 342.30999756  -999.250000
 1594.2000000 335.97000122  -999.250000
 1594.4000000 328.77999878  -999.250000
 1594.6000000 327.89999390  -999.250000
 1594.8000000 330.91000366  -999.250000
 1595.0000000 333.92001343  -999.250000
 1595.2000000 333.58999634  -999.250000
 1595.4000000 328.23001099  -999.250000
 1595.6000000 309.29000854  -999.250000
 1595.8000000 272.69000244  -999.250000
 1596.0000000 255.07000732  -999.250000
 1596.2000000 266.57000732  -999.250000
 1596.4000000 298.72000122  -999.250000
 1596.6000000 322.29998779  -999.250000
 1596.8000000 333.83999634  -999.250000
 1597.0000000 340.58999634  -999.250000
 1597.2000000 333.60998535  -999.250000
 1597.4000000 331.73999023  -999.250000
 1597.6000000 350.91000366  -999.250000
 1597.8000000 357.75000000  -999.250000
 1598.0000000 347.73001099  -999.250000
 1598.2000000 343.32000732  -999.250000
 1598.4000000 340.61999512  -999.250000
 1598.6000000 335.26000977  -999.250000
 1598.8000000 331.89001465  -999.250000
 1599.0000000 332.44000244  -999.250000
 1599.2000000 334.54000854  -999.250000
 1599.4000000 334.77999878  -999.250000
 1599.6000000 334.89001465  -999.250000
 1599.8000000 338.13000488  -999.250000
 1600.0000000 341.91000366  -999.250000
 1600.2000000 342.47000122  -999.250000
 1600.4000000 341.75000000  -999.250000
 1600.6000000 342.52999878  -999.250000
 1600.8000000 344.11999512  -999.250000
 1601.0000000 342.44000244  -999.250000
 1601.2000000 338.38000488  -999.250000
 1601.4000000 336.91000366  -999.250000
 1601.6000000 336.14999390  -999.250000
 1601.8000000 333.92999268  -999.250000
 1602.0000000 333.10998535  -999.250000
 1602.2000000 336.54998779  -999.250000
 1602.4000000 342.23001099  -999.250000
 1602.6000000 345.32998657  -999.250000
 1602.8000000 345.05999756  -999.250000
 1603.0000000 343.42001343  -999.250000
 1603.2000000 342.72000122  -999.250000
 1603.4000000 343.20001221  -999.250000
 1603.6000000 343.80999756  -999.250000
 1603.8000000 344.75000000  -999.250000
 1604.0000000 347.82000732  -999.250000
 1604.2000000 351.04998779  -999.250000
 1604.4000000 348.26998901  -999.250000
 1604.6000000 340.42001343  -999.250000
 1604.8000000 336.75000000  -999.250000
 1605.0000000 339.07000732  -999.250000
 1605.2000000 340.64001465  -999.250000
 1605.4000000 339.72000122  -999.250000
 1605.6000000 339.66000366  -999.250000
 1605.8000000 341.89999390  -999.250000
 1606.0000000 344.07998657  -999.250000
 1606.2000000 345.67001343  -999.250000
 1606.4000000 350.07000732  -999.250000
 1606.6000000 357.30999756  -999.250000
 1606.8000000 360.82998657  -999.250000
 1607.0000000 356.64999390  -999.250000
 1607.2000000 346.17001343  -999.250000
 1607.4000000 337.97000122  -999.250000
 1607.6000000 336.55999756  -999.250000
 1607.8000000 337.76000977  -999.250000
 1608.0000000 337.23001099  -999.250000
 1608.2000000 333.76998901  -999.250000
 1608.4000000 329.23999023  -999.250000
 1608.6000000 326.86999512  -999.250000
 1608.8000000 328.17001343  -999.250000
 1609.0000000 333.04998779  -999.250000
 1609.2000000 340.01000977  -999.250000
 1609.4000000 343.04998779  -999.250000
 1609.6000000 339.55999756  -999.250000
 1609.8000000 334.26998901  -999.250000
 1610.0000000 331.72000122  -999.250000
 1610.2000000 331.01000977  -999.250000
 1610.4000000 330.94000244  -999.250000
 1610.6000000 332.47000122  -999.250000
 1610.8000000 336.92001343  -999.250000
 1611.0000000 342.41000366  -999.250000
 1611.2000000 344.07998657  -999.250000
 1611.4000000 339.80999756  -999.250000
 1611.6000000 331.45999146  -999.250000
 1611.8000000 325.95001221  -999.250000
 1612.0000000 327.60000610  -999.250000
 1612.2000000 334.58999634  -999.250000
 1612.4000000 341.92001343  -999.250000
 1612.6000000 345.97000122  -999.250000
 1612.8000000 348.33999634  -999.250000
 1613.0000000 351.73999023  -999.250000
 1613.2000000 351.85998535  -999.250000
 1613.4000000 344.98999023  -999.250000
 1613.6000000 337.61999512  -999.250000
 1613.8000000 335.91000366  -999.250000
 1614.0000000 335.44000244  -999.250000
 1614.2000000 332.80999756  -999.250000
 1614.4000000 331.51998901  -999.250000
 1614.6000000 336.32998657  -999.250000
 1614.8000000 342.57000732  -999.250000
 1615.0000000 343.16000366  -999.250000
 1615.2000000 341.42999268  -999.250000
 1615.4000000 341.11999512  -999.250000
 1615.6000000 342.20999146  -999.250000
 1615.8000000 344.19000244  -999.250000
 1616.0000000 345.92999268  -999.250000
 1616.2000000 348.72000122  -999.250000
 1616.4000000 351.94000244  -999.250000
 1616.6000000 351.85998535  -999.250000
 1616.8000000 350.35000610  -999.250000
 1617.0000000 351.45001221  -999.250000
 1617.2000000 355.08999634  -999.250000
 1617.4000000 357.89999390  -999.250000
 1617.6000000 355.72000122  -999.250000
 1617.8000000 349.29998779  -999.250000
 1618.0000000 341.76998901  -999.250000
 1618.2000000 333.04000854  -999.250000
 1618.4000000 326.48001099  -999.250000
 1618.6000000 324.38000488  -999.250000
 1618.8000000 327.13000488  -999.250000
 1619.0000000 331.22000122  -999.250000
 1619.2000000 332.10998535  -999.250000
 1619.4000000 337.92001343  -999.250000
 1619.6000000 344.80999756  -999.250000
 1619.8000000 346.54998779  -999.250000
 1620.0000000 345.10998535  -999.250000
 1620.2000000 343.69000244  -999.250000
 1620.4000000 342.20999146  -999.250000
 1620.6000000 340.92001343  -999.250000
 1620.8000000 340.72000122  -999.250000
 1621.0000000 341.41000366  -999.250000
 1621.2000000 342.26998901  -999.250000
 1621.4000000 341.57000732  -999.250000
 1621.6000000 339.10000610  -999.250000
 1621.8000000 336.83999634  -999.250000
 1622.0000000 336.60000610  -999.250000
 1622.2000000 336.38000488  -999.250000
 1622.4000000 335.11999512  -999.250000
 1622.6000000 334.72000122  -999.250000
 1622.8000000 335.91000366  -999.250000
 1623.0000000 337.27999878  -999.250000
 1623.2000000 337.10000610  -999.250000
 1623.4000000 336.83999634  -999.250000
 1623.6000000 338.85000610  -999.250000
 1623.8000000 343.77999878  -999.250000
 1624.0000000 347.41000366  -999.250000
 1624.2000000 345.63000488  -999.250000
 1624.4000000 339.73999023  -999.250000
 1624.6000000 335.23999023  -999.250000
 1624.8000000 332.67001343  -999.250000
 1625.0000000 328.27999878  -999.250000
 1625.2000000 323.08999634  -999.250000
 1625.4000000 324.14001465  -999.250000
 1625.6000000 334.22000122  -999.250000
 1625.8000000 344.86999512  -999.250000
 1626.0000000 347.86999512  -999.250000
 1626.2000000 347.69000244  -999.250000
 1626.4000000 346.55999756  -999.250000
 1626.6000000 342.89001465  -999.250000
 1626.8000000 339.26000977  -999.250000
 1627.0000000 338.89001465  -999.250000
 1627.2000000 338.38000488  -999.250000
 1627.4000000 336.64999390  -999.250000
 1627.6000000 338.19000244  -999.250000
 1627.8000000 344.85998535  -999.250000
 1628.0000000 349.41000366  -999.250000
 1628.2000000 348.29000854  -999.250000
 1628.4000000 346.45001221  -999.250000
 1628.6000000 347.82998657  -999.250000
 1628.8000000 350.95999146  -999.250000
 1629.0000000 351.75000000  -999.250000
 1629.2000000 349.05999756  -999.250000
 1629.4000000 344.45001221  -999.250000
 1629.6000000 342.94000244  -999.250000
 1629.8000000 344.60998535  -999.250000
 1630.0000000 346.45999146  -999.250000
 1630.2000000 345.04000854  -999.250000
 1630.4000000 339.75000000  -999.250000
 1630.6000000 337.05999756  -999.250000
 1630.8000000 337.42001343  -999.250000
 1631.0000000 332.20001221  -999.250000
 1631.2000000 319.86999512  -999.250000
 1631.4000000 305.25000000  -999.250000
 1631.6000000 288.36999512  -999.250000
 1631.8000000 276.95999146  -999.250000
 1632.0000000 278.36999512  -999.250000
 1632.2000000 301.01000977  -999.250000
 1632.4000000 342.08999634  -999.250000
 1632.6000000 370.41000366  -999.250000
 1632.8000000 378.25000000  -999.250000
 1633.0000000 373.42999268  -999.250000
 1633.2000000 364.83999634  -999.250000
 1633.4000000 373.14999390  -999.250000
 1633.6000000 397.67001343  -999.250000
 1633.8000000 408.32000732  -999.250000
 1634.0000000 405.17999268  -999.250000
 1634.2000000 399.85000610  -999.250000
 1634.4000000 397.22000122  -999.250000
 1634.6000000 396.01000977  -999.250000
 1634.8000000 395.19000244  -999.250000
 1635.0000000 394.13000488  -999.250000
 1635.2000000 394.72000122  -999.250000
 1635.4000000 395.83999634  -999.250000
 1635.6000000 393.17001343  -999.250000
 1635.8000000 388.95999146  -999.250000
 1636.0000000 389.02999878  -999.250000
 1636.2000000 392.14001465  -999.250000
 1636.4000000 397.67001343  -999.250000
 1636.6000000 400.57998657  -999.250000
 1636.8000000 395.27999878  -999.250000
 1637.0000000 386.73999023  -999.250000
 1637.2000000 373.77999878  -999.250000
 1637.4000000 360.05999756  -999.250000
 1637.6000000 357.92001343  -999.250000
 1637.8000000 370.39001465  -999.250000
 1638.0000000 383.35000610  -999.250000
 1638.2000000 394.19000244  -999.250000
 1638.4000000 408.32998657  -999.250000
 1638.6000000 411.42001343  -999.250000
 1638.8000000 407.72000122  -999.250000
 1639.0000000 404.25000000  -999.250000
 1639.2000000 397.04998779  -999.250000
 1639.4000000 387.36999512  -999.250000
 1639.6000000 382.45999146  -999.250000
 1639.8000000 382.75000000  -999.250000
 1640.0000000 387.23999023  -999.250000
 1640.2000000 394.23999023  -999.250000
 1640.4000000 396.97000122  -999.250000
 1640.6000000 390.67001343  -999.250000
 1640.8000000 382.72000122  -999.250000
 1641.0000000 382.95001221  -999.250000
 1641.2000000 387.66000366  -999.250000
 1641.4000000 389.75000000  -999.250000
 1641.6000000 387.33999634  -999.250000
 1641.8000000 380.39001465  -999.250000
 1642.0000000 373.10000610  -999.250000
 1642.2000000 372.98001099  -999.250000
 1642.4000000 378.44000244  -999.250000
 1642.6000000 378.61999512  -999.250000
 1642.8000000 365.72000122  -999.250000
 1643.0000000 345.39999390  -999.250000
 1643.2000000 325.55999756  -999.250000
 1643.4000000 317.42999268  -999.250000
 1643.6000000 319.39001465  -999.250000
 1643.8000000 322.54998779  -999.250000
 1644.0000000 329.51000977  -999.250000
 1644.2000000 336.82998657  -999.250000
 1644.4000000 339.20001221  -999.250000
 1644.6000000 341.32998657  -999.250000
 1644.8000000 345.13000488  -999.250000
 1645.0000000 344.17999268  -999.250000
 1645.2000000 342.23999023  -999.250000
 1645.4000000 348.66000366  -999.250000
 1645.6000000 352.27999878  -999.250000
 1645.8000000 348.16000366  -999.250000
 1646.0000000 347.47000122  -999.250000
 1646.2000000 351.98999023  -999.250000
 1646.4000000 355.64999390  -999.250000
 1646.6000000 356.00000000  -999.250000
 1646.8000000 355.57000732  -999.250000
 1647.0000000 351.82998657  -999.250000
 1647.2000000 343.13000488  -999.250000
 1647.4000000 337.00000000  -999.250000
 1647.6000000 338.48001099  -999.250000
 1647.8000000 345.67999268  -999.250000
 1648.0000000 351.51998901  -999.250000
 1648.2000000 350.73999023  -999.250000
 1648.4000000 345.32998657  -999.250000
 1648.6000000 342.17001343  -999.250000
 1648.8000000 344.14001465  -999.250000
 1649.0000000 349.39001465  -999.250000
 1649.2000000 354.04998779  -999.250000
 1649.4000000 354.76998901  -999.250000
 1649.6000000 352.54998779  -999.250000
 1649.8000000 345.92001343  -999.250000
 1650.0000000 334.30999756  -999.250000
 1650.2000000 331.42999268  -999.250000
 1650.4000000 344.98001099  -999.250000
 1650.6000000 356.20001221  -999.250000
 1650.8000000 344.94000244  -999.250000
 1651.0000000 329.14999390  -999.250000
 1651.2000000 331.47000122  -999.250000
 1651.4000000 340.26000977  -999.250000
 1651.6000000 348.08999634  -999.250000
 1651.8000000 361.42999268  -999.250000
 1652.0000000 369.04998779  -999.250000
 1652.2000000 363.79998779  -999.250000
 1652.4000000 349.82000732  -999.250000
 1652.6000000 337.11999512  -999.250000
 1652.8000000 335.14999390  -999.250000
 1653.0000000 345.36999512  -999.250000
 1653.2000000 352.82998657  -999.250000
 1653.4000000 347.82998657  -999.250000
 1653.6000000 343.85998535  -999.250000
 1653.8000000 344.89001465  -999.250000
 1654.0000000 345.38000488  -999.250000
 1654.2000000 344.32998657  -999.250000
 1654.4000000 345.01000977  -999.250000
 1654.6000000 346.14999390  -999.250000
 1654.8000000 342.76000977  -999.250000
 1655.0000000 336.36999512  -999.250000
 1655.2000000 335.55999756  -999.250000
 1655.4000000 339.35000610  -999.250000
 1655.6000000 338.76000977  -999.250000
 1655.8000000 335.00000000  -999.250000
 1656.0000000 340.04998779  -999.250000
 1656.2000000 350.89001465  -999.250000
 1656.4000000 359.82998657  -999.250000
 1656.6000000 361.66000366  -999.250000
 1656.8000000 359.01000977  -999.250000
 1657.0000000 356.54998779  -999.250000
 1657.2000000 348.88000488  -999.250000
 1657.4000000 339.45001221  -999.250000
 1657.6000000 335.82998657  -999.250000
 1657.8000000 336.61999512  -999.250000
 1658.0000000 340.51998901  -999.250000
 1658.2000000 347.20999146  -999.250000
 1658.4000000 353.75000000  -999.250000
 1658.6000000 353.45001221  -999.250000
 1658.8000000 346.00000000  -999.250000
 1659.0000000 337.83999634  -999.250000
 1659.2000000 335.23001099  -999.250000
 1659.4000000 337.39999390  -999.250000
 1659.6000000 340.38000488  -999.250000
 1659.8000000 340.89001465  -999.250000
 1660.0000000 339.58999634  -999.250000
 1660.2000000 337.51000977  -999.250000
 1660.4000000 336.20001221  -999.250000
 1660.6000000 335.42001343  -999.250000
 1660.8000000 337.92001343  -999.250000
 1661.0000000 344.48001099  -999.250000
 1661.2000000 347.26998901  -999.250000
 1661.4000000 342.69000244  -999.250000
 1661.6000000 336.73001099  -999.250000
 1661.8000000 337.00000000  -999.250000
 1662.0000000 338.79000854  -999.250000
 1662.2000000 336.29000854  -999.250000
 1662.4000000 331.60998535  -999.250000
 1662.6000000 330.41000366  -999.250000
 1662.8000000 333.50000000  -999.250000
 1663.0000000 336.19000244  -999.250000
 1663.2000000 334.48999023  -999.250000
 1663.4000000 330.51000977  -999.250000
 1663.6000000 330.20999146  -999.250000
 1663.8000000 334.00000000  -999.250000
 1664.0000000 335.60000610  -999.250000
 1664.2000000 336.00000000  -999.250000
 1664.4000000 340.10000610  -999.250000
 1664.6000000 345.10000610  -999.250000
 1664.8000000 343.29998779  -999.250000
 1665.0000000 336.10000610  -999.250000
 1665.2000000 333.79998779  -999.250000
 1665.4000000 338.20001221  -999.250000
 1665.6000000 341.60000610  -999.250000
 1665.8000000 339.20001221  -999.250000
 1666.0000000 335.79998779  -999.250000
 1666.2000000 337.00000000  -999.250000
 1666.4000000 338.70001221  -999.250000
 1666.6000000 336.70001221  -999.250000
 1666.8000000 336.80999756  -999.250000
 1667.0000000 343.00000000  -999.250000
 1667.2000000 347.08999634  -999.250000
 1667.4000000 343.89999390  -999.250000
 1667.6000000 337.39999390  -999.250000
 1667.8000000 329.80999756  -999.250000
 1668.0000000 326.20999146  -999.250000
 1668.2000000 332.22000122  -999.250000
 1668.4000000 345.19000244  -999.250000
 1668.6000000 350.98001099  -999.250000
 1668.8000000 344.08999634  -999.250000
 1669.0000000 332.30999756  -999.250000
 1669.2000000 325.91000366  -999.250000
 1669.4000000 326.41000366  -999.250000
 1669.6000000 332.41000366  -999.250000
 1669.8000000 340.48999023  -999.250000
 1670.0000000 343.67999268  -999.250000
 1670.2000000 339.70001221  -999.250000
 1670.4000000 334.60998535  -999.250000
 1670.6000000 334.51000977  -999.250000
 1670.8000000 338.20001221  -999.250000
 1671.0000000 342.29000854  -999.250000
 1671.2000000 342.69000244  -999.250000
 1671.4000000 339.89999390  -999.250000
 1671.6000000 338.29998779  -999.250000
 1671.8000000 338.20001221  -999.250000
 1672.0000000 336.58999634  -999.250000
 1672.2000000 332.60000610  -999.250000
 1672.4000000 329.01000977  -999.250000
 1672.6000000 330.20999146  -999.250000
 1672.8000000 334.77999878  -999.250000
 1673.0000000 335.08999634  -999.250000
 1673.2000000 331.50000000  -999.250000
 1673.4000000 329.60998535  -999.250000
 1673.6000000 331.10998535  -999.250000
 1673.8000000 337.00000000  -999.250000
 1674.0000000 343.38000488  -999.250000
 1674.2000000 343.07998657  -999.250000
 1674.4000000 337.00000000  -999.250000
 1674.6000000 331.11999512  -999.250000
 1674.8000000 330.20999146  -999.250000
 1675.0000000 333.30999756  -999.250000
 1675.2000000 338.48999023  -999.250000
 1675.4000000 341.07998657  -999.250000
 1675.6000000 337.67999268  -999.250000
 1675.8000000 329.80999756  -999.250000
 1676.0000000 324.41000366  -999.250000
 1676.2000000 323.29998779  -999.250000
 1676.4000000 323.30999756  -999.250000
 1676.6000000 325.42001343  -999.250000
 1676.8000000 332.70001221  -999.250000
 1677.0000000 339.97000122  -999.250000
 1677.2000000 338.98001099  -999.250000
 1677.4000000 330.89999390  -999.250000
 1677.6000000 323.42001343  -999.250000
 1677.8000000 321.51000977  -999.250000
 1678.0000000 322.70001221  -999.250000
 1678.2000000 323.08999634  -999.250000
 1678.4000000 320.70001221  -999.250000
 1678.6000000 318.22000122  -999.250000
 1678.8000000 320.01998901  -999.250000
 1679.0000000 325.89999390  -999.250000
 1679.2000000 331.58999634  -999.250000
 1679.4000000 333.58999634  -999.250000
 1679.6000000 332.39999390  -999.250000
 1679.8000000 330.10000610  -999.250000
 1680.0000000 327.00000000  -999.250000
 1680.2000000 323.60000610  -999.250000
 1680.4000000 320.80999756  -999.250000
 1680.6000000 319.41000366  -999.250000
 1680.8000000 320.80999756  -999.250000
 1681.0000000 325.20999146  -999.250000
 1681.2000000 331.29998779  -999.250000
 1681.4000000 337.29000854  -999.250000
 1681.6000000 341.88000488  -999.250000
 1681.8000000 342.07998657  -999.250000
 1682.0000000 337.69000244  -999.250000
 1682.2000000 332.52999878  -999.250000
 1682.4000000 333.22000122  -999.250000
 1682.6000000 337.89001465  -999.250000
 1682.8000000 339.88000488  -999.250000
 1683.0000000 337.08999634  -999.250000
 1683.2000000 332.10000610  -999.250000
 1683.4000000 327.32000732  -999.250000
 1683.6000000 325.20999146  -999.250000
 1683.8000000 326.01000977  -999.250000
 1684.0000000 329.80999756  -999.250000
 1684.2000000 335.58999634  -999.250000
 1684.4000000 339.26998901  -999.250000
 1684.6000000 338.57998657  -999.250000
 1684.8000000 335.10000610  -999.250000
 1685.0000000 331.51998901  -999.250000
 1685.2000000 330.72000122  -999.250000
 1685.4000000 333.00000000  -999.250000
 1685.6000000 335.79000854  -999.250000
 1685.8000000 336.89999390  -999.250000
 1686.0000000 337.91000366  -999.250000
 1686.2000000 340.30999756  -999.250000
 1686.4000000 343.50000000  -999.250000
 1686.6000000 346.07998657  -999.250000
 1686.8000000 345.67999268  -999.250000
 1687.0000000 341.98999023  -999.250000
 1687.2000000 337.08999634  -999.250000
 1687.4000000 330.98999023  -999.250000
 1687.6000000 324.11999512  -999.250000
 1687.8000000 320.58999634  -999.250000
 1688.0000000 316.35000610  -999.250000
 1688.2000000 307.01000977  -999.250000
 1688.4000000 299.97000122  -999.250000
 1688.6000000 303.25000000  -999.250000
 1688.8000000 313.26998901  -999.250000
 1689.0000000 319.97000122  -999.250000
 1689.2000000 323.20999146  -999.250000
 1689.4000000 327.17999268  -999.250000
 1689.6000000 329.07998657  -999.250000
 1689.8000000 328.48999023  -999.250000
 1690.0000000 325.55999756  -999.250000
 1690.2000000 318.63000488  -999.250000
 1690.4000000 315.23999023  -999.250000
 1690.6000000 316.39001465  -999.250000
 1690.8000000 317.20001221  -999.250000
 1691.0000000 318.23001099  -999.250000
 1691.2000000 323.23001099  -999.250000
 1691.4000000 330.76000977  -999.250000
 1691.6000000 335.41000366  -999.250000
 1691.8000000 340.69000244  -999.250000
 1692.0000000 344.97000122  -999.250000
 1692.2000000 346.14999390  -999.250000
 1692.4000000 341.63000488  -999.250000
 1692.6000000 328.95999146  -999.250000
 1692.8000000 313.07998657  -999.250000
 1693.0000000 305.70001221  -999.250000
 1693.2000000 309.76000977  -999.250000
 1693.4000000 320.19000244  -999.250000
 1693.6000000 330.64999390  -999.250000
 1693.8000000 335.42001343  -999.250000
 1694.0000000 332.57000732  -999.250000
 1694.2000000 327.14001465  -999.250000
 1694.4000000 325.30999756  -999.250000
 1694.6000000 324.80999756  -999.250000
 1694.8000000 325.54998779  -999.250000
 1695.0000000 331.51000977  -999.250000
 1695.2000000 338.01998901  -999.250000
 1695.4000000 336.73999023  -999.250000
 1695.6000000 328.97000122  -999.250000
 1695.8000000 317.77999878  -999.250000
 1696.0000000 305.29000854  -999.250000
 1696.2000000 301.33999634  -999.250000
 1696.4000000 311.38000488  -999.250000
 1696.6000000 328.30999756  -999.250000
 1696.8000000 337.30999756  -999.250000
 1697.0000000 338.07998657  -999.250000
 1697.2000000 336.60000610  -999.250000
 1697.4000000 334.35998535  -999.250000
 1697.6000000 328.54000854  -999.250000
 1697.8000000 318.66000366  -999.250000
 1698.0000000 313.92001343  -999.250000
 1698.2000000 319.98001099  -999.250000
 1698.4000000 332.22000122  -999.250000
 1698.6000000 338.08999634  -999.250000
 1698.8000000 334.07000732  -999.250000
 1699.0000000 327.25000000  -999.250000
 1699.2000000 325.14999390  -999.250000
 1699.4000000 327.29998779  -999.250000
 1699.6000000 329.57000732  -999.250000
 1699.8000000 329.29000854  -999.250000
 1700.0000000 327.82998657  -999.250000
 1700.2000000 328.22000122  -999.250000
 1700.4000000 329.98001099  -999.250000
 1700.6000000 330.19000244  -999.250000
 1700.8000000 329.73001099  -999.250000
 1701.0000000 331.51000977  -999.250000
 1701.2000000 334.05999756  -999.250000
 1701.4000000 333.45999146  -999.250000
 1701.6000000 329.51998901  -999.250000
 1701.8000000 327.25000000  -999.250000
 1702.0000000 328.91000366  -999.250000
 1702.2000000 331.26998901  -999.250000
 1702.4000000 331.70999146  -999.250000
 1702.6000000 332.73001099  -999.250000
 1702.8000000 335.89999390  -999.250000
 1703.0000000 338.95001221  -999.250000
 1703.2000000 338.35000610  -999.250000
 1703.4000000 334.07998657  -999.250000
 1703.6000000 327.98001099  -999.250000
 1703.8000000 320.52999878  -999.250000
 1704.0000000 315.79998779  -999.250000
 1704.2000000 318.98001099  -999.250000
 1704.4000000 328.08999634  -999.250000
 1704.6000000 337.69000244  -999.250000
 1704.8000000 345.82998657  -999.250000
 1705.0000000 349.01998901  -999.250000
 1705.2000000 346.19000244  -999.250000
 1705.4000000 342.35000610  -999.250000
 1705.6000000 341.51000977  -999.250000
 1705.8000000 341.57000732  -999.250000
 1706.0000000 339.27999878  -999.250000
 1706.2000000 335.82998657  -999.250000
 1706.4000000 334.48999023  -999.250000
 1706.6000000 332.26000977  -999.250000
 1706.8000000 326.45999146  -999.250000
 1707.0000000 318.48001099  -999.250000
 1707.2000000 316.64001465  -999.250000
 1707.4000000 323.83999634  -999.250000
 1707.6000000 328.13000488  -999.250000
 1707.8000000 327.10000610  -999.250000
 1708.0000000 325.60998535  -999.250000
 1708.2000000 324.25000000  -999.250000
 1708.4000000 320.30999756  -999.250000
 1708.6000000 316.98001099  -999.250000
 1708.8000000 319.26000977  -999.250000
 1709.0000000 326.08999634  -999.250000
 1709.2000000 332.48001099  -999.250000
 1709.4000000 337.17001343  -999.250000
 1709.6000000 339.35000610  -999.250000
 1709.8000000 337.86999512  -999.250000
 1710.0000000 333.98999023  -999.250000
 1710.2000000 329.50000000  -999.250000
 1710.4000000 324.98999023  -999.250000
 1710.6000000 319.16000366  -999.250000
 1710.8000000 310.30999756  -999.250000
 1711.0000000 302.11999512  -999.250000
 1711.2000000 302.25000000  -999.250000
 1711.4000000 312.51998901  -999.250000
 1711.6000000 324.36999512  -999.250000
 1711.8000000 327.17001343  -999.250000
 1712.0000000 320.79000854  -999.250000
 1712.2000000 313.17001343  -999.250000
 1712.4000000 311.17001343  -999.250000
 1712.6000000 320.92001343  -999.250000
 1712.8000000 336.47000122  -999.250000
 1713.0000000 338.29998779  -999.250000
 1713.2000000 332.39001465  -999.250000
 1713.4000000 331.01000977  -999.250000
 1713.6000000 330.45999146  -999.250000
 1713.8000000 327.05999756  -999.250000
 1714.0000000 321.20001221  -999.250000
 1714.2000000 315.95999146  -999.250000
 1714.4000000 314.89001465  -999.250000
 1714.6000000 320.29000854  -999.250000
 1714.8000000 331.01998901  -999.250000
 1715.0000000 336.63000488  -999.250000
 1715.2000000 331.07998657  -999.250000
 1715.4000000 317.41000366  -999.250000
 1715.6000000 303.92001343  -999.250000
 1715.8000000 298.63000488  -999.250000
 1716.0000000 303.01998901  -999.250000
 1716.2000000 315.95001221  -999.250000
 1716.4000000 331.75000000  -999.250000
 1716.6000000 337.70999146  -999.250000
 1716.8000000 330.83999634  -999.250000
 1717.0000000 319.89001465  -999.250000
 1717.2000000 314.19000244  -999.250000
 1717.4000000 314.30999756  -999.250000
 1717.6000000 314.82000732  -999.250000
 1717.8000000 310.36999512  -999.250000
 1718.0000000 304.51000977  -999.250000
 1718.2000000 305.07000732  -999.250000
 1718.4000000 310.57998657  -999.250000
 1718.6000000 315.14999390  -999.250000
 1718.8000000 316.86999512  -999.250000
 1719.0000000 317.10000610  -999.250000
 1719.2000000 317.39999390  -999.250000
 1719.4000000 317.80999756  -999.250000
 1719.6000000 318.70001221  -999.250000
 1719.8000000 319.58999634  -999.250000
 1720.0000000 320.22000122  -999.250000
 1720.2000000 322.23001099  -999.250000
 1720.4000000 326.60000610  -999.250000
 1720.6000000 330.51998901  -999.250000
 1720.8000000 328.92001343  -999.250000
 1721.0000000 322.35998535  -999.250000
 1721.2000000 319.50000000  -999.250000
 1721.4000000 322.57998657  -999.250000
 1721.6000000 324.94000244  -999.250000
 1721.8000000 323.92001343  -999.250000
 1722.0000000 323.92001343  -999.250000
 1722.2000000 325.51000977  -999.250000
 1722.4000000 328.16000366  -999.250000
 1722.6000000 334.33999634  -999.250000
 1722.8000000 342.42001343  -999.250000
 1723.0000000 345.69000244  -999.250000
 1723.2000000 341.64001465  -999.250000
 1723.4000000 333.75000000  -999.250000
 1723.6000000 328.42999268  -999.250000
 1723.8000000 325.50000000  -999.250000
 1724.0000000 323.11999512  -999.250000
 1724.2000000 321.92001343  -999.250000
 1724.4000000 322.35000610  -999.250000
 1724.6000000 325.73999023  -999.250000
 1724.8000000 331.23001099  -999.250000
 1725.0000000 332.82998657  -999.250000
 1725.2000000 329.98999023  -999.250000
 1725.4000000 326.41000366  -999.250000
 1725.6000000 323.92999268  -999.250000
 1725.8000000 323.54998779  -999.250000
 1726.0000000 326.42001343  -999.250000
 1726.2000000 330.32998657  -999.250000
 1726.4000000 330.39001465  -999.250000
 1726.6000000 329.67001343  -999.250000
 1726.8000000 332.51998901  -999.250000
 1727.0000000 336.52999878  -999.250000
 1727.2000000 336.50000000  -999.250000
 1727.4000000 330.00000000  -999.250000
 1727.6000000 318.14001465  -999.250000
 1727.8000000 308.95999146  -999.250000
 1728.0000000 309.00000000  -999.250000
 1728.2000000 315.23999023  -999.250000
 1728.4000000 318.70999146  -999.250000
 1728.6000000 316.73999023  -999.250000
 1728.8000000 311.22000122  -999.250000
 1729.0000000 307.54000854  -999.250000
 1729.2000000 311.89001465  -999.250000
 1729.4000000 321.67001343  -999.250000
 1729.6000000 330.22000122  -999.250000
 1729.8000000 334.16000366  -999.250000
 1730.0000000 335.16000366  -999.250000
 1730.2000000 333.36999512  -999.250000
 1730.4000000 330.04998779  -999.250000
 1730.6000000 328.80999756  -999.250000
 1730.8000000 327.98999023  -999.250000
 1731.0000000 326.70999146  -999.250000
 1731.2000000 325.73001099  -999.250000
 1731.4000000 326.54000854  -999.250000
 1731.6000000 329.58999634  -999.250000
 1731.8000000 332.19000244  -999.250000
 1732.0000000 334.32998657  -999.250000
 1732.2000000 337.77999878  -999.250000
 1732.4000000 339.51998901  -999.250000
 1732.6000000 336.32000732  -999.250000
 1732.8000000 328.70001221  -999.250000
 1733.0000000 320.48999023  -999.250000
 1733.2000000 312.04000854  -999.250000
 1733.4000000 306.36999512  -999.250000
 1733.6000000 309.85000610  -999.250000
 1733.8000000 321.10998535  -999.250000
 1734.0000000 328.14001465  -999.250000
 1734.2000000 326.89001465  -999.250000
 1734.4000000 324.89001465  -999.250000
 1734.6000000 327.67001343  -999.250000
 1734.8000000 334.01998901  -999.250000
 1735.0000000 336.47000122  -999.250000
 1735.2000000 331.89001465  -999.250000
 1735.4000000 326.39999390  -999.250000
 1735.6000000 326.14001465  -999.250000
 1735.8000000 328.45999146  -999.250000
 1736.0000000 329.07000732  -999.250000
 1736.2000000 328.19000244  -999.250000
 1736.4000000 327.10998535  -999.250000
 1736.6000000 326.60000610  -999.250000
 1736.8000000 326.16000366  -999.250000
 1737.0000000 323.60000610  -999.250000
 1737.2000000 315.29998779  -999.250000
 1737.4000000 301.97000122  -999.250000
 1737.6000000 292.51000977  -999.250000
 1737.8000000 293.92001343  -999.250000
 1738.0000000 301.67001343  -999.250000
 1738.2000000 308.36999512  -999.250000
 1738.4000000 313.20001221  -999.250000
 1738.6000000 317.14001465  -999.250000
 1738.8000000 317.85998535  -999.250000
 1739.0000000 316.41000366  -999.250000
 1739.2000000 315.54000854  -999.250000
 1739.4000000 316.70999146  -999.250000
 1739.6000000 318.79998779  -999.250000
 1739.8000000 320.79000854  -999.250000
 1740.0000000 322.39001465  -999.250000
 1740.2000000 323.98999023  -999.250000
 1740.4000000 325.04998779  -999.250000
 1740.6000000 323.66000366  -999.250000
 1740.8000000 320.73999023  -999.250000
 1741.0000000 319.76000977  -999.250000
 1741.2000000 321.79000854  -999.250000
 1741.4000000 323.89001465  -999.250000
 1741.6000000 324.88000488  -999.250000
 1741.8000000 324.48999023  -999.250000
 1742.0000000 323.54000854  -999.250000
 1742.2000000 324.23999023  -999.250000
 1742.4000000 327.07998657  -999.250000
 1742.6000000 328.85998535  -999.250000
 1742.8000000 328.48999023  -999.250000
 1743.0000000 327.61999512  -999.250000
 1743.2000000 327.92999268  -999.250000
 1743.4000000 329.89999390  -999.250000
 1743.6000000 331.95001221  -999.250000
 1743.8000000 331.76998901  -999.250000
 1744.0000000 329.91000366  -999.250000
 1744.2000000 328.33999634  -999.250000
 1744.4000000 328.91000366  -999.250000
 1744.6000000 330.13000488  -999.250000
 1744.8000000 328.55999756  -999.250000
 1745.0000000 323.89999390  -999.250000
 1745.2000000 313.92999268  -999.250000
 1745.4000000 301.51000977  -999.250000
 1745.6000000 299.42999268  -999.250000
 1745.8000000 309.45001221  -999.250000
 1746.0000000 321.98001099  -999.250000
 1746.2000000 328.51000977  -999.250000
 1746.4000000 330.50000000  -999.250000
 1746.6000000 331.69000244  -999.250000
 1746.8000000 332.39001465  -999.250000
 1747.0000000 332.29000854  -999.250000
 1747.2000000 331.42001343  -999.250000
 1747.4000000 331.54000854  -999.250000
 1747.6000000 333.70001221  -999.250000
 1747.8000000 335.75000000  -999.250000
 1748.0000000 335.42999268  -999.250000
 1748.2000000 331.98999023  -999.250000
 1748.4000000 328.08999634  -999.250000
 1748.6000000 328.07998657  -999.250000
 1748.8000000 332.52999878  -999.250000
 1749.0000000 337.85998535  -999.250000
 1749.2000000 336.97000122  -999.250000
 1749.4000000 330.35000610  -999.250000
 1749.6000000 326.47000122  -999.250000
 1749.8000000 330.45001221  -999.250000
 1750.0000000 336.67001343  -999.250000
 1750.2000000 337.57000732  -999.250000
 1750.4000000 337.17001343  -999.250000
 1750.6000000 339.70999146  -999.250000
 1750.8000000 342.51998901  -999.250000
 1751.0000000 341.69000244  -999.250000
 1751.2000000 335.98999023  -999.250000
 1751.4000000 330.10998535  -999.250000
 1751.6000000 328.82000732  -999.250000
 1751.8000000 328.64999390  -999.250000
 1752.0000000 326.94000244  -999.250000
 1752.2000000 326.98999023  -999.250000
 1752.4000000 330.85000610  -999.250000
 1752.6000000 332.51998901  -999.250000
 1752.8000000 325.79998779  -999.250000
 1753.0000000 314.51998901  -999.250000
 1753.2000000 308.88000488  -999.250000
 1753.4000000 312.01998901  -999.250000
 1753.6000000 320.41000366  -999.250000
 1753.8000000 324.42001343  -999.250000
 1754.0000000 320.54998779  -999.250000
 1754.2000000 318.32000732  -999.250000
 1754.4000000 321.35000610  -999.250000
 1754.6000000 323.04000854  -999.250000
 1754.8000000 321.92001343  -999.250000
 1755.0000000 321.35998535  -999.250000
 1755.2000000 323.58999634  -999.250000
 1755.4000000 326.27999878  -999.250000
 1755.6000000 328.17999268  -999.250000
 1755.8000000 329.27999878  -999.250000
 1756.0000000 329.70001221  -999.250000
 1756.2000000 329.88000488  -999.250000
 1756.4000000 328.82998657  -999.250000
 1756.6000000 324.73999023  -999.250000
 1756.8000000 318.36999512  -999.250000
 1757.0000000 314.64999390  -999.250000
 1757.2000000 313.27999878  -999.250000
 1757.4000000 311.33999634  -999.250000
 1757.6000000 311.42001343  -999.250000
 1757.8000000 317.17001343  -999.250000
 1758.0000000 325.35000610  -999.250000
 1758.2000000 327.16000366  -999.250000
 1758.4000000 321.14999390  -999.250000
 1758.6000000 304.51000977  -999.250000
 1758.8000000 288.42999268  -999.250000
 1759.0000000 285.92001343  -999.250000
 1759.2000000 294.04998779  -999.250000
 1759.4000000 304.26000977  -999.250000
 1759.6000000 308.63000488  -999.250000
 1759.8000000 310.01998901  -999.250000
 1760.0000000 316.22000122  -999.250000
 1760.2000000 325.69000244  -999.250000
 1760.4000000 327.57998657  -999.250000
 1760.6000000 327.67001343  -999.250000
 1760.8000000 329.83999634  -999.250000
 1761.0000000 329.82000732  -999.250000
 1761.2000000 326.70999146  -999.250000
 1761.4000000 323.98001099  -999.250000
 1761.6000000 324.13000488  -999.250000
 1761.8000000 325.79000854  -999.250000
 1762.0000000 326.97000122  -999.250000
 1762.2000000 326.77999878  -999.250000
 1762.4000000 326.10000610  -999.250000
 1762.6000000 329.32998657  -999.250000
 1762.8000000 337.58999634  -999.250000
 1763.0000000 341.80999756  -999.250000
 1763.2000000 334.48001099  -999.250000
 1763.4000000 322.95999146  -999.250000
 1763.6000000 321.29998779  -999.250000
 1763.8000000 328.17001343  -999.250000
 1764.0000000 333.73999023  -999.250000
 1764.2000000 332.82000732  -999.250000
 1764.4000000 327.83999634  -999.250000
 1764.6000000 320.66000366  -999.250000
 1764.8000000 316.14001465  -999.250000
 1765.0000000 317.32000732  -999.250000
 1765.2000000 323.55999756  -999.250000
 1765.4000000 331.39001465  -999.250000
 1765.6000000 334.89001465  -999.250000
 1765.8000000 334.08999634  -999.250000
 1766.0000000 332.61999512  -999.250000
 1766.2000000 331.82998657  -999.250000
 1766.4000000 332.25000000  -999.250000
 1766.6000000 333.95999146  -999.250000
 1766.8000000 333.89999390  -999.250000
 1767.0000000 329.64999390  -999.250000
 1767.2000000 323.76000977  -999.250000
 1767.4000000 320.13000488  -999.250000
 1767.6000000 317.72000122  -999.250000
 1767.8000000 316.72000122  -999.250000
 1768.0000000 320.73999023  -999.250000
 1768.2000000 329.75000000  -999.250000
 1768.4000000 337.07000732  -999.250000
 1768.6000000 339.64999390  -999.250000
 1768.8000000 339.73999023  -999.250000
 1769.0000000 336.95001221  -999.250000
 1769.2000000 328.48999023  -999.250000
 1769.4000000 316.80999756  -999.250000
 1769.6000000 311.77999878  -999.250000
 1769.8000000 313.63000488  -999.250000
 1770.0000000 316.61999512  -999.250000
 1770.2000000 316.97000122  -999.250000
 1770.4000000 315.98999023  -999.250000
 1770.6000000 313.72000122  -999.250000
 1770.8000000 306.52999878  -999.250000
 1771.0000000 302.79998779  -999.250000
 1771.2000000 303.35998535  -999.250000
 1771.4000000 307.29000854  -999.250000
 1771.6000000 317.98001099  -999.250000
 1771.8000000 328.35000610  -999.250000
 1772.0000000 333.86999512  -999.250000
 1772.2000000 336.72000122  -999.250000
 1772.4000000 334.11999512  -999.250000
 1772.6000000 331.38000488  -999.250000
 1772.8000000 327.70001221  -999.250000
 1773.0000000 321.57000732  -999.250000
 1773.2000000 320.66000366  -999.250000
 1773.4000000 325.60000610  -999.250000
 1773.6000000 330.55999756  -999.250000
 1773.8000000 331.57998657  -999.250000
 1774.0000000 331.26998901  -999.250000
 1774.2000000 329.92001343  -999.250000
 1774.4000000 328.89001465  -999.250000
 1774.6000000 327.32998657  -999.250000
 1774.8000000 323.45001221  -999.250000
 1775.0000000 318.26998901  -999.250000
 1775.2000000 315.61999512  -999.250000
 1775.4000000 317.07998657  -999.250000
 1775.6000000 321.76998901  -999.250000
 1775.8000000 328.33999634  -999.250000
 1776.0000000 332.98001099  -999.250000
 1776.2000000 333.76000977  -999.250000
 1776.4000000 333.14999390  -999.250000
 1776.6000000 333.89999390  -999.250000
 1776.8000000 334.70999146  -999.250000
 1777.0000000 335.73999023  -999.250000
 1777.2000000 337.39001465  -999.250000
 1777.4000000 335.29998779  -999.250000
 1777.6000000 326.35998535  -999.250000
 1777.8000000 316.26998901  -999.250000
 1778.0000000 314.07998657  -999.250000
 1778.2000000 315.20999146  -999.250000
 1778.4000000 316.95001221  -999.250000
 1778.6000000 318.60000610  -999.250000
 1778.8000000 313.33999634  -999.250000
 1779.0000000 311.19000244  -999.250000
 1779.2000000 316.64999390  -999.250000
 1779.4000000 328.92001343  -999.250000
 1779.6000000 336.67001343  -999.250000
 1779.8000000 340.70999146  -999.250000
 1780.0000000 349.35000610  -999.250000
 1780.2000000 349.02999878  -999.250000
 1780.4000000 333.32998657  -999.250000
 1780.6000000 324.77999878  -999.250000
 1780.8000000 323.23001099  -999.250000
 1781.0000000 323.76998901  -999.250000
 1781.2000000 326.05999756  -999.250000
 1781.4000000 327.13000488  -999.250000
 1781.6000000 326.22000122  -999.250000
 1781.8000000 325.57998657  -999.250000
 1782.0000000 324.60000610  -999.250000
 1782.2000000 324.22000122  -999.250000
 1782.4000000 327.64999390  -999.250000
 1782.6000000 332.76998901  -999.250000
 1782.8000000 334.29998779  -999.250000
 1783.0000000 332.48999023  -999.250000
 1783.2000000 330.48001099  -999.250000
 1783.4000000 330.98001099  -999.250000
 1783.6000000 333.64001465  -999.250000
 1783.8000000 335.04000854  -999.250000
 1784.0000000 334.73001099  -999.250000
 1784.2000000 335.38000488  -999.250000
 1784.4000000 338.17999268  -999.250000
 1784.6000000 340.08999634  -999.250000
 1784.8000000 338.33999634  -999.250000
 1785.0000000 334.86999512  -999.250000
 1785.2000000 332.95999146  -999.250000
 1785.4000000 331.51000977  -999.250000
 1785.6000000 336.76998901  -999.250000
 1785.8000000 349.75000000  -999.250000
 1786.0000000 361.83999634  -999.250000
 1786.2000000 368.79000854  -999.250000
 1786.4000000 368.36999512  -999.250000
 1786.6000000 352.70999146  -999.250000
 1786.8000000 318.08999634  -999.250000
 1787.0000000 293.86999512  -999.250000
 1787.2000000 294.73001099  -999.250000
 1787.4000000 301.00000000  -999.250000
 1787.6000000 296.00000000  -999.250000
 1787.8000000 282.76998901  -999.250000
 1788.0000000 279.38000488  -999.250000
 1788.2000000 293.42001343  -999.250000
 1788.4000000 316.97000122  -999.250000
 1788.6000000 333.45999146  -999.250000
 1788.8000000 332.98999023  -999.250000
 1789.0000000 317.30999756  -999.250000
 1789.2000000 304.98999023  -999.250000
 1789.4000000 311.97000122  -999.250000
 1789.6000000 327.22000122  -999.250000
 1789.8000000 335.69000244  -999.250000
 1790.0000000 337.98001099  -999.250000
 1790.2000000 338.98001099  -999.250000
 1790.4000000 338.79000854  -999.250000
 1790.6000000 335.41000366  -999.250000
 1790.8000000 330.17999268  -999.250000
 1791.0000000 329.50000000  -999.250000
 1791.2000000 334.25000000  -999.250000
 1791.4000000 337.60000610  -999.250000
 1791.6000000 335.60000610  -999.250000
 1791.8000000 333.39999390  -999.250000
 1792.0000000 333.85998535  -999.250000
 1792.2000000 333.79998779  -999.250000
 1792.4000000 333.38000488  -999.250000
 1792.6000000 334.63000488  -999.250000
 1792.8000000 336.51998901  -999.250000
 1793.0000000 336.79000854  -999.250000
 1793.2000000 336.66000366  -999.250000
 1793.4000000 337.79000854  -999.250000
 1793.6000000 338.39999390  -999.250000
 1793.8000000 336.07998657  -999.250000
 1794.0000000 330.66000366  -999.250000
 1794.2000000 324.38000488  -999.250000
 1794.4000000 320.70999146  -999.250000
 1794.6000000 322.67999268  -999.250000
 1794.8000000 329.45999146  -999.250000
 1795.0000000 335.54000854  -999.250000
 1795.2000000 337.42999268  -999.250000
 1795.4000000 337.35000610  -999.250000
 1795.6000000 338.47000122  -999.250000
 1795.8000000 340.64999390  -999.250000
 1796.0000000 338.75000000  -999.250000
 1796.2000000 330.70001221  -999.250000
 1796.4000000 322.67001343  -999.250000
 1796.6000000 319.58999634  -999.250000
 1796.8000000 322.02999878  -999.250000
 1797.0000000 328.25000000  -999.250000
 1797.2000000 333.23999023  -999.250000
 1797.4000000 333.72000122  -999.250000
 1797.6000000 331.76998901  -999.250000
 1797.8000000 331.04000854  -999.250000
 1798.0000000 331.58999634  -999.250000
 1798.2000000 332.04998779  -999.250000
 1798.4000000 330.98001099  -999.250000
 1798.6000000 326.51000977  -999.250000
 1798.8000000 319.85000610  -999.250000
 1799.0000000 316.57998657  -999.250000
 1799.2000000 318.00000000  -999.250000
 1799.4000000 322.32998657  -999.250000
 1799.6000000 327.89999390  -999.250000
 1799.8000000 332.95999146  -999.250000
 1800.0000000 334.25000000  -999.250000
 1800.2000000 331.63000488  -999.250000
 1800.4000000 329.64999390  -999.250000
 1800.6000000 331.08999634  -999.250000
 1800.8000000 332.61999512  -999.250000
 1801.0000000 332.11999512  -999.250000
 1801.2000000 329.70001221  -999.250000
 1801.4000000 327.95001221  -999.250000
 1801.6000000 330.42999268  -999.250000
 1801.8000000 335.61999512  -999.250000
 1802.0000000 336.61999512  -999.250000
 1802.2000000 333.45001221  -999.250000
 1802.4000000 333.20001221  -999.250000
 1802.6000000 335.04998779  -999.250000
 1802.8000000 334.00000000  -999.250000
 1803.0000000 332.80999756  -999.250000
 1803.2000000 333.66000366  -999.250000
 1803.4000000 331.22000122  -999.250000
 1803.6000000 325.29000854  -999.250000
 1803.8000000 325.77999878  -999.250000
 1804.0000000 333.29000854  -999.250000
 1804.2000000 338.07998657  -999.250000
 1804.4000000 334.85998535  -999.250000
 1804.6000000 327.70999146  -999.250000
 1804.8000000 321.23999023  -999.250000
 1805.0000000 318.63000488  -999.250000
 1805.2000000 319.29000854  -999.250000
 1805.4000000 320.00000000  -999.250000
 1805.6000000 321.05999756  -999.250000
 1805.8000000 325.91000366  -999.250000
 1806.0000000 332.89001465  -999.250000
 1806.2000000 335.11999512  -999.250000
 1806.4000000 332.86999512  -999.250000
 1806.6000000 332.33999634  -999.250000
 1806.8000000 337.26998901  -999.250000
 1807.0000000 341.38000488  -999.250000
 1807.2000000 338.29998779  -999.250000
 1807.4000000 332.86999512  -999.250000
 1807.6000000 330.92999268  -999.250000
 1807.8000000 330.33999634  -999.250000
 1808.0000000 330.73001099  -999.250000
 1808.2000000 331.73001099  -999.250000
 1808.4000000 331.29998779  -999.250000
 1808.6000000 330.58999634  -999.250000
 1808.8000000 331.63000488  -999.250000
 1809.0000000 333.32998657  -999.250000
 1809.2000000 333.79000854  -999.250000
 1809.4000000 333.67001343  -999.250000
 1809.6000000 332.39999390  -999.250000
 1809.8000000 328.97000122  -999.250000
 1810.0000000 327.08999634  -999.250000
 1810.2000000 329.72000122  -999.250000
 1810.4000000 334.70001221  -999.250000
 1810.6000000 337.29998779  -999.250000
 1810.8000000 337.67001343  -999.250000
 1811.0000000 339.22000122  -999.250000
 1811.2000000 340.77999878  -999.250000
 1811.4000000 339.83999634  -999.250000
 1811.6000000 337.17001343  -999.250000
 1811.8000000 333.33999634  -999.250000
 1812.0000000 328.98001099  -999.250000
 1812.2000000 328.70999146  -999.250000
 1812.4000000 333.14999390  -999.250000
 1812.6000000 336.57998657  -999.250000
 1812.8000000 334.98001099  -999.250000
 1813.0000000 329.92999268  -999.250000
 1813.2000000 323.01000977  -999.250000
 1813.4000000 317.01000977  -999.250000
 1813.6000000 313.76998901  -999.250000
 1813.8000000 313.20001221  -999.250000
 1814.0000000 317.79998779  -999.250000
 1814.2000000 326.64001465  -999.250000
 1814.4000000 332.20001221  -999.250000
 1814.6000000 332.92001343  -999.250000
 1814.8000000 331.73001099  -999.250000
 1815.0000000 331.48001099  -999.250000
 1815.2000000 335.39001465  -999.250000
 1815.4000000 340.70001221  -999.250000
 1815.6000000 339.48999023  -999.250000
 1815.8000000 332.76000977  -999.250000
 1816.0000000 325.23001099  -999.250000
 1816.2000000 321.51998901  -999.250000
 1816.4000000 325.33999634  -999.250000
 1816.6000000 333.95999146  -999.250000
 1816.8000000 337.54000854  -999.250000
 1817.0000000 334.51000977  -999.250000
 1817.2000000 329.32000732  -999.250000
 1817.4000000 326.42001343  -999.250000
 1817.6000000 326.29000854  -999.250000
 1817.8000000 327.88000488  -999.250000
 1818.0000000 328.69000244  -999.250000
 1818.2000000 327.27999878  -999.250000
 1818.4000000 327.08999634  -999.250000
 1818.6000000 328.76998901  -999.250000
 1818.8000000 329.98001099  -999.250000
 1819.0000000 330.67999268  -999.250000
 1819.2000000 330.97000122  -999.250000
 1819.4000000 330.79998779  -999.250000
 1819.6000000 330.70001221  -999.250000
 1819.8000000 330.77999878  -999.250000
 1820.0000000 330.57998657  -999.250000
 1820.2000000 330.29000854  -999.250000
 1820.4000000 332.32000732  -999.250000
 1820.6000000 336.76000977  -999.250000
 1820.8000000 338.20001221  -999.250000
 1821.0000000 335.27999878  -999.250000
 1821.2000000 333.94000244  -999.250000
 1821.4000000 337.92999268  -999.250000
 1821.6000000 342.85000610  -999.250000
 1821.8000000 344.42001343  -999.250000
 1822.0000000 343.45999146  -999.250000
 1822.2000000 339.13000488  -999.250000
 1822.4000000 331.41000366  -999.250000
 1822.6000000 326.02999878  -999.250000
 1822.8000000 325.77999878  -999.250000
 1823.0000000 327.22000122  -999.250000
 1823.2000000 327.04998779  -999.250000
 1823.4000000 325.73001099  -999.250000
 1823.6000000 325.02999878  -999.250000
 1823.8000000 325.01998901  -999.250000
 1824.0000000 325.52999878  -999.250000
 1824.2000000 326.92001343  -999.250000
 1824.4000000 328.57998657  -999.250000
 1824.6000000 329.44000244  -999.250000
 1824.8000000 328.88000488  -999.250000
 1825.0000000 328.23001099  -999.250000
 1825.2000000 328.66000366  -999.250000
 1825.4000000 331.01000977  -999.250000
 1825.6000000 335.57000732  -999.250000
 1825.8000000 339.23001099  -999.250000
 1826.0000000 338.95999146  -999.250000
 1826.2000000 335.20001221  -999.250000
 1826.4000000 331.11999512  -999.250000
 1826.6000000 329.66000366  -999.250000
 1826.8000000 330.13000488  -999.250000
 1827.0000000 331.38000488  -999.250000
 1827.2000000 332.25000000  -999.250000
 1827.4000000 332.22000122  -999.250000
 1827.6000000 332.32998657  -999.250000
 1827.8000000 332.76998901  -999.250000
 1828.0000000 332.29000854  -999.250000
 1828.2000000 329.48999023  -999.250000
 1828.4000000 324.50000000  -999.250000
 1828.6000000 319.72000122  -999.250000
 1828.8000000 317.95001221  -999.250000
 1829.0000000 320.48999023  -999.250000
 1829.2000000 327.04998779  -999.250000
 1829.4000000 332.17001343  -999.250000
 1829.6000000 331.89001465  -999.250000
 1829.8000000 328.82998657  -999.250000
 1830.0000000 326.48999023  -999.250000
 1830.2000000 326.80999756  -999.250000
 1830.4000000 330.14999390  -999.250000
 1830.6000000 334.72000122  -999.250000
 1830.8000000 337.55999756  -999.250000
 1831.0000000 337.07998657  -999.250000
 1831.2000000 333.67999268  -999.250000
 1831.4000000 329.89001465  -999.250000
 1831.6000000 328.19000244  -999.250000
 1831.8000000 328.95999146  -999.250000
 1832.0000000 331.14001465  -999.250000
 1832.2000000 332.19000244  -999.250000
 1832.4000000 331.22000122  -999.250000
 1832.6000000 330.79000854  -999.250000
 1832.8000000 334.30999756  -999.250000
 1833.0000000 339.48001099  -999.250000
 1833.2000000 340.67001343  -999.250000
 1833.4000000 340.32998657  -999.250000
 1833.6000000 340.52999878  -999.250000
 1833.8000000 341.57998657  -999.250000
 1834.0000000 344.01998901  -999.250000
 1834.2000000 346.32998657  -999.250000
 1834.4000000 344.95999146  -999.250000
 1834.6000000 340.63000488  -999.250000
 1834.8000000 336.67001343  -999.250000
 1835.0000000 332.60000610  -999.250000
 1835.2000000 328.80999756  -999.250000
 1835.4000000 327.41000366  -999.250000
 1835.6000000 328.76000977  -999.250000
 1835.8000000 331.45001221  -999.250000
 1836.0000000 333.42001343  -999.250000
 1836.2000000 335.51998901  -999.250000
 1836.4000000 338.11999512  -999.250000
 1836.6000000 339.14001465  -999.250000
 1836.8000000 336.82000732  -999.250000
 1837.0000000 332.42999268  -999.250000
 1837.2000000 328.92001343  -999.250000
 1837.4000000 328.76000977  -999.250000
 1837.6000000 332.33999634  -999.250000
 1837.8000000 338.72000122  -999.250000
 1838.0000000 343.16000366  -999.250000
 1838.2000000 339.82998657  -999.250000
 1838.4000000 330.48999023  -999.250000
 1838.6000000 324.82998657  -999.250000
 1838.8000000 327.01998901  -999.250000
 1839.0000000 332.20001221  -999.250000
 1839.2000000 333.51998901  -999.250000
 1839.4000000 332.88000488  -999.250000
 1839.6000000 333.41000366  -999.250000
 1839.8000000 332.08999634  -999.250000
 1840.0000000 329.22000122  -999.250000
 1840.2000000 330.89001465  -999.250000
 1840.4000000 336.79000854  -999.250000
 1840.6000000 340.51000977  -999.250000
 1840.8000000 339.64001465  -999.250000
 1841.0000000 336.95001221  -999.250000
 1841.2000000 334.82000732  -999.250000
 1841.4000000 330.89999390  -999.250000
 1841.6000000 323.04998779  -999.250000
 1841.8000000 316.11999512  -999.250000
 1842.0000000 314.26000977  -999.250000
 1842.2000000 316.67999268  -999.250000
 1842.4000000 321.69000244  -999.250000
 1842.6000000 328.97000122  -999.250000
 1842.8000000 335.47000122  -999.250000
 1843.0000000 339.11999512  -999.250000
 1843.2000000 340.23001099  -999.250000
 1843.4000000 334.70001221  -999.250000
 1843.6000000 324.60000610  -999.250000
 1843.8000000 327.54000854  -999.250000
 1844.0000000 343.11999512  -999.250000
 1844.2000000 347.61999512  -999.250000
 1844.4000000 337.02999878  -999.250000
 1844.6000000 328.04000854  -999.250000
 1844.8000000 328.54000854  -999.250000
 1845.0000000 333.29998779  -999.250000
 1845.2000000 338.67001343  -999.250000
 1845.4000000 345.26998901  -999.250000
 1845.6000000 349.64999390  -999.250000
 1845.8000000 345.07998657  -999.250000
 1846.0000000 339.27999878  -999.250000
 1846.2000000 336.64999390  -999.250000
 1846.4000000 331.73999023  -999.250000
 1846.6000000 324.07998657  -999.250000
 1846.8000000 319.32998657  -999.250000
 1847.0000000 317.38000488  -999.250000
 1847.2000000 316.07998657  -999.250000
 1847.4000000 318.69000244  -999.250000
 1847.6000000 326.98001099  -999.250000
 1847.8000000 334.69000244  -999.250000
 1848.0000000 336.32998657  -999.250000
 1848.2000000 336.13000488  -999.250000
 1848.4000000 338.17001343  -999.250000
 1848.6000000 339.25000000  -999.250000
 1848.8000000 335.42999268  -999.250000
 1849.0000000 330.16000366  -999.250000
 1849.2000000 328.07998657  -999.250000
 1849.4000000 328.36999512  -999.250000
 1849.6000000 328.36999512  -999.250000
 1849.8000000 327.57000732  -999.250000
 1850.0000000 328.00000000  -999.250000
 1850.2000000 330.63000488  -999.250000
 1850.4000000 334.29998779  -999.250000
 1850.6000000 337.79998779  -999.250000
 1850.8000000 338.98001099  -999.250000
 1851.0000000 337.32998657  -999.250000
 1851.2000000 335.75000000  -999.250000
 1851.4000000 335.07000732  -999.250000
 1851.6000000 333.73001099  -999.250000
 1851.8000000 331.22000122  -999.250000
 1852.0000000 329.36999512  -999.250000
 1852.2000000 331.92999268  -999.250000
 1852.4000000 342.30999756  -999.250000
 1852.6000000 353.13000488  -999.250000
 1852.8000000 358.35000610  -999.250000
 1853.0000000 359.05999756  -999.250000
 1853.2000000 353.86999512  -999.250000
 1853.4000000 341.14999390  -999.250000
 1853.6000000 324.97000122  -999.250000
 1853.8000000 318.52999878  -999.250000
 1854.0000000 321.08999634  -999.250000
 1854.2000000 329.22000122  -999.250000
 1854.4000000 336.73001099  -999.250000
 1854.6000000 342.16000366  -999.250000
 1854.8000000 342.19000244  -999.250000
 1855.0000000 336.25000000  -999.250000
 1855.2000000 330.82998657  -999.250000
 1855.4000000 324.44000244  -999.250000
 1855.6000000 308.98999023  -999.250000
 1855.8000000 295.39001465  -999.250000
 1856.0000000 296.79998779  -999.250000
 1856.2000000 306.47000122  -999.250000
 1856.4000000 310.91000366  -999.250000
 1856.6000000 310.94000244  -999.250000
 1856.8000000 313.51000977  -999.250000
 1857.0000000 319.89999390  -999.250000
 1857.2000000 324.55999756  -999.250000
 1857.4000000 324.35998535  -999.250000
 1857.6000000 320.88000488  -999.250000
 1857.8000000 317.01998901  -999.250000
 1858.0000000 315.44000244  -999.250000
 1858.2000000 315.51998901  -999.250000
 1858.4000000 318.41000366  -999.250000
 1858.6000000 324.76000977  -999.250000
 1858.8000000 328.36999512  -999.250000
 1859.0000000 325.48001099  -999.250000
 1859.2000000 322.25000000  -999.250000
 1859.4000000 325.10000610  -999.250000
 1859.6000000 329.95001221  -999.250000
 1859.8000000 330.92999268  -999.250000
 1860.0000000 330.33999634  -999.250000
 1860.2000000 329.88000488  -999.250000
 1860.4000000 327.13000488  -999.250000
 1860.6000000 322.97000122  -999.250000
 1860.8000000 319.67999268  -999.250000
 1861.0000000 316.75000000  -999.250000
 1861.2000000 315.22000122  -999.250000
 1861.4000000 315.95001221  -999.250000
 1861.6000000 317.72000122  -999.250000
 1861.8000000 319.83999634  -999.250000
 1862.0000000 322.27999878  -999.250000
 1862.2000000 322.64001465  -999.250000
 1862.4000000 319.79998779  -999.250000
 1862.6000000 316.77999878  -999.250000
 1862.8000000 317.38000488  -999.250000
 1863.0000000 321.94000244  -999.250000
 1863.2000000 328.57998657  -999.250000
 1863.4000000 332.45001221  -999.250000
 1863.6000000 331.29000854  -999.250000
 1863.8000000 327.98999023  -999.250000
 1864.0000000 326.51998901  -999.250000
 1864.2000000 327.91000366  -999.250000
 1864.4000000 331.26000977  -999.250000
 1864.6000000 334.00000000  -999.250000
 1864.8000000 333.39001465  -999.250000
 1865.0000000 330.39999390  -999.250000
 1865.2000000 327.67999268  -999.250000
 1865.4000000 328.36999512  -999.250000
 1865.6000000 330.14999390  -999.250000
 1865.8000000 327.27999878  -999.250000
 1866.0000000 322.07000732  -999.250000
 1866.2000000 321.45999146  -999.250000
 1866.4000000 324.14001465  -999.250000
 1866.6000000 324.35998535  -999.250000
 1866.8000000 322.04000854  -999.250000
 1867.0000000 320.11999512  -999.250000
 1867.2000000 318.89001465  -999.250000
 1867.4000000 319.92001343  -999.250000
 1867.6000000 325.29000854  -999.250000
 1867.8000000 331.69000244  -999.250000
 1868.0000000 332.58999634  -999.250000
 1868.2000000 327.41000366  -999.250000
 1868.4000000 320.38000488  -999.250000
 1868.6000000 316.83999634  -999.250000
 1868.8000000 318.38000488  -999.250000
 1869.0000000 324.23001099  -999.250000
 1869.2000000 332.86999512  -999.250000
 1869.4000000 340.73999023  -999.250000
 1869.6000000 344.98001099  -999.250000
 1869.8000000 344.63000488  -999.250000
 1870.0000000 338.07998657  -999.250000
 1870.2000000 323.64001465  -999.250000
 1870.4000000 308.95001221  -999.250000
 1870.6000000 306.07000732  -999.250000
 1870.8000000 313.79998779  -999.250000
 1871.0000000 318.60998535  -999.250000
 1871.2000000 316.42999268  -999.250000
 1871.4000000 315.98999023  -999.250000
 1871.6000000 321.04000854  -999.250000
 1871.8000000 326.79000854  -999.250000
 1872.0000000 328.97000122  -999.250000
 1872.2000000 328.29998779  -999.250000
 1872.4000000 323.32998657  -999.250000
 1872.6000000 312.60000610  -999.250000
 1872.8000000 305.14999390  -999.250000
 1873.0000000 306.01998901  -999.250000
 1873.2000000 310.92999268  -999.250000
 1873.4000000 313.42999268  -999.250000
 1873.6000000 313.19000244  -999.250000
 1873.8000000 314.67001343  -999.250000
 1874.0000000 318.80999756  -999.250000
 1874.2000000 321.36999512  -999.250000
 1874.4000000 321.63000488  -999.250000
 1874.6000000 323.85000610  -999.250000
 1874.8000000 328.41000366  -999.250000
 1875.0000000 330.08999634  -999.250000
 1875.2000000 327.51000977  -999.250000
 1875.4000000 323.07998657  -999.250000
 1875.6000000 320.14999390  -999.250000
 1875.8000000 320.19000244  -999.250000
 1876.0000000 322.22000122  -999.250000
 1876.2000000 324.88000488  -999.250000
 1876.4000000 328.85998535  -999.250000
 1876.6000000 333.42999268  -999.250000
 1876.8000000 334.32000732  -999.250000
 1877.0000000 329.08999634  -999.250000
 1877.2000000 320.23999023  -999.250000
 1877.4000000 315.66000366  -999.250000
 1877.6000000 317.60000610  -999.250000
 1877.8000000 320.02999878  -999.250000
 1878.0000000 319.55999756  -999.250000
 1878.2000000 318.42999268  -999.250000
 1878.4000000 320.25000000  -999.250000
 1878.6000000 325.86999512  -999.250000
 1878.8000000 329.75000000  -999.250000
 1879.0000000 330.66000366  -999.250000
 1879.2000000 329.76998901  -999.250000
 1879.4000000 324.76998901  -999.250000
 1879.6000000 315.89999390  -999.250000
 1879.8000000 307.67999268  -999.250000
 1880.0000000 307.08999634  -999.250000
 1880.2000000 317.80999756  -999.250000
 1880.4000000 332.17001343  -999.250000
 1880.6000000 337.38000488  -999.250000
 1880.8000000 332.61999512  -999.250000
 1881.0000000 325.69000244  -999.250000
 1881.2000000 321.92001343  -999.250000
 1881.4000000 318.94000244  -999.250000
 1881.6000000 316.07000732  -999.250000
 1881.8000000 317.45999146  -999.250000
 1882.0000000 319.58999634  -999.250000
 1882.2000000 318.54000854  -999.250000
 1882.4000000 317.29998779  -999.250000
 1882.6000000 315.75000000  -999.250000
 1882.8000000 311.22000122  -999.250000
 1883.0000000 305.51000977  -999.250000
 1883.2000000 304.73001099  -999.250000
 1883.4000000 308.89999390  -999.250000
 1883.6000000 313.47000122  -999.250000
 1883.8000000 314.79998779  -999.250000
 1884.0000000 315.72000122  -999.250000
 1884.2000000 318.76000977  -999.250000
 1884.4000000 322.79998779  -999.250000
 1884.6000000 324.95999146  -999.250000
 1884.8000000 323.91000366  -999.250000
 1885.0000000 319.61999512  -999.250000
 1885.2000000 316.54000854  -999.250000
 1885.4000000 321.70001221  -999.250000
 1885.6000000 333.30999756  -999.250000
 1885.8000000 339.52999878  -999.250000
 1886.0000000 338.89999390  -999.250000
 1886.2000000 336.07998657  -999.250000
 1886.4000000 332.72000122  -999.250000
 1886.6000000 327.76000977  -999.250000
 1886.8000000 320.45999146  -999.250000
 1887.0000000 314.91000366  -999.250000
 1887.2000000 316.45999146  -999.250000
 1887.4000000 320.69000244  -999.250000
 1887.6000000 320.42001343  -999.250000
 1887.8000000 318.98999023  -999.250000
 1888.0000000 322.60998535  -999.250000
 1888.2000000 332.01998901  -999.250000
 1888.4000000 343.70001221  -999.250000
 1888.6000000 350.38000488  -999.250000
 1888.8000000 341.52999878  -999.250000
 1889.0000000 322.42999268  -999.250000
 1889.2000000 299.52999878  -999.250000
 1889.4000000 279.76000977  -999.250000
 1889.6000000 281.23001099  -999.250000
 1889.8000000 310.54998779  -999.250000
 1890.0000000 348.33999634  -999.250000
 1890.2000000 373.10000610  -999.250000
 1890.4000000 397.92001343  -999.250000
 1890.6000000 423.54998779  -999.250000
 1890.8000000 420.42001343  -999.250000
 1891.0000000 389.17001343  -999.250000
 1891.2000000 354.20001221  -999.250000
 1891.4000000 322.73001099  -999.250000
 1891.6000000 316.63000488  -999.250000
 1891.8000000 323.94000244  -999.250000
 1892.0000000 333.79000854  -999.250000
 1892.2000000 339.27999878  -999.250000
 1892.4000000 342.83999634  -999.250000
 1892.6000000 349.16000366  -999.250000
 1892.8000000 350.44000244  -999.250000
 1893.0000000 343.77999878  -999.250000
 1893.2000000 331.83999634  -999.250000
 1893.4000000 316.08999634  -999.250000
 1893.6000000 305.04998779  -999.250000
 1893.8000000 304.10000610  -999.250000
 1894.0000000 310.73999023  -999.250000
 1894.2000000 317.88000488  -999.250000
 1894.4000000 320.44000244  -999.250000
 1894.6000000 322.55999756  -999.250000
 1894.8000000 323.77999878  -999.250000
 1895.0000000 318.73999023  -999.250000
 1895.2000000 305.16000366  -999.250000
 1895.4000000 296.23999023  -999.250000
 1895.6000000 301.98001099  -999.250000
 1895.8000000 310.16000366  -999.250000
 1896.0000000 310.94000244  -999.250000
 1896.2000000 305.54000854  -999.250000
 1896.4000000 301.55999756  -999.250000
 1896.6000000 307.29998779  -999.250000
 1896.8000000 318.22000122  -999.250000
 1897.0000000 325.16000366  -999.250000
 1897.2000000 328.55999756  -999.250000
 1897.4000000 329.07998657  -999.250000
 1897.6000000 325.50000000  -999.250000
 1897.8000000 319.07998657  -999.250000
 1898.0000000 315.73999023  -999.250000
 1898.2000000 319.26000977  -999.250000
 1898.4000000 328.76000977  -999.250000
 1898.6000000 334.01998901  -999.250000
 1898.8000000 328.10000610  -999.250000
 1899.0000000 319.98001099  -999.250000
 1899.2000000 316.72000122  -999.250000
 1899.4000000 312.70001221  -999.250000
 1899.6000000 308.11999512  -999.250000
 1899.8000000 309.98001099  -999.250000
 1900.0000000 314.60000610  -999.250000
 1900.2000000 313.35998535  -999.250000
 1900.4000000 309.20001221  -999.250000
 1900.6000000 307.88000488  -999.250000
 1900.8000000 309.92001343  -999.250000
 1901.0000000 313.94000244  -999.250000
 1901.2000000 317.60000610  -999.250000
 1901.4000000 321.39999390  -999.250000
 1901.6000000 324.66000366  -999.250000
 1901.8000000 323.82000732  -999.250000
 1902.0000000 319.77999878  -999.250000
 1902.2000000 316.73999023  -999.250000
 1902.4000000 316.01998901  -999.250000
 1902.6000000 315.60000610  -999.250000
 1902.8000000 312.88000488  -999.250000
 1903.0000000 306.89999390  -999.250000
 1903.2000000 303.10000610  -999.250000
 1903.4000000 305.95999146  -999.250000
 1903.6000000 311.61999512  -999.250000
 1903.8000000 314.94000244  -999.250000
 1904.0000000 316.72000122  -999.250000
 1904.2000000 318.44000244  -999.250000
 1904.4000000 319.04000854  -999.250000
 1904.6000000 317.39999390  -999.250000
 1904.8000000 315.79998779  -999.250000
 1905.0000000 315.95999146  -999.250000
 1905.2000000 317.72000122  -999.250000
 1905.4000000 321.17999268  -999.250000
 1905.6000000 324.04000854  -999.250000
 1905.8000000 323.66000366  -999.250000
 1906.0000000 318.39999390  -999.250000
 1906.2000000 310.04000854  -999.250000
 1906.4000000 305.67999268  -999.250000
 1906.6000000 308.67999268  -999.250000
 1906.8000000 316.50000000  -999.250000
 1907.0000000 320.83999634  -999.250000
 1907.2000000 317.50000000  -999.250000
 1907.4000000 312.55999756  -999.250000
 1907.6000000 311.54000854  -999.250000
 1907.8000000 311.39999390  -999.250000
 1908.0000000 308.55999756  -999.250000
 1908.2000000 307.05999756  -999.250000
 1908.4000000 310.82000732  -999.250000
 1908.6000000 313.23999023  -999.250000
 1908.8000000 310.11999512  -999.250000
 1909.0000000 309.29000854  -999.250000
 1909.2000000 316.48001099  -999.250000
 1909.4000000 325.63000488  -999.250000
 1909.6000000 330.35998535  -999.250000
 1909.8000000 330.39999390  -999.250000
 1910.0000000 328.79998779  -999.250000
 1910.2000000 328.70001221  -999.250000
 1910.4000000 330.72000122  -999.250000
 1910.6000000 335.38000488  -999.250000
 1910.8000000 342.52999878  -999.250000
 1911.0000000 346.77999878  -999.250000
 1911.2000000 346.07998657  -999.250000
 1911.4000000 347.45999146  -999.250000
 1911.6000000 351.20001221  -999.250000
 1911.8000000 354.75000000  -999.250000
 1912.0000000 363.29998779  -999.250000
 1912.2000000 370.75000000  -999.250000
 1912.4000000 366.38000488  -999.250000
 1912.6000000 356.29998779  -999.250000
 1912.8000000 349.83999634  -999.250000
 1913.0000000 344.72000122  -999.250000
 1913.2000000 339.32000732  -999.250000
 1913.4000000 336.48001099  -999.250000
 1913.6000000 331.14999390  -999.250000
 1913.8000000 318.75000000  -999.250000
 1914.0000000 308.89999390  -999.250000
 1914.2000000 309.55999756  -999.250000
 1914.4000000 312.45999146  -999.250000
 1914.6000000 313.54000854  -999.250000
 1914.8000000 316.42001343  -999.250000
 1915.0000000 320.32998657  -999.250000
 1915.2000000 320.05999756  -999.250000
 1915.4000000 317.39001465  -999.250000
 1915.6000000 318.02999878  -999.250000
 1915.8000000 326.42999268  -999.250000
 1916.0000000 338.42001343  -999.250000
 1916.2000000 340.23999023  -999.250000
 1916.4000000 334.32998657  -999.250000
 1916.6000000 330.26000977  -999.250000
 1916.8000000 322.94000244  -999.250000
 1917.0000000 306.77999878  -999.250000
 1917.2000000 296.57998657  -999.250000
 1917.4000000 303.42999268  -999.250000
 1917.6000000 318.79000854  -999.250000
 1917.8000000 332.17999268  -999.250000
 1918.0000000 349.76000977  -999.250000
 1918.2000000 363.44000244  -999.250000
 1918.4000000 359.01998901  -999.250000
 1918.6000000 340.61999512  -999.250000
 1918.8000000 328.45001221  -999.250000
 1919.0000000 327.92001343  -999.250000
 1919.2000000 333.51998901  -999.250000
 1919.4000000 339.14001465  -999.250000
 1919.6000000 338.02999878  -999.250000
 1919.8000000 333.57998657  -999.250000
 1920.0000000 329.30999756  -999.250000
 1920.2000000 321.95001221  -999.250000
 1920.4000000 313.39999390  -999.250000
 1920.6000000 311.30999756  -999.250000
 1920.8000000 318.10000610  -999.250000
 1921.0000000 331.02999878  -999.250000
 1921.2000000 339.27999878  -999.250000
 1921.4000000 335.89001465  -999.250000
 1921.6000000 326.54998779  -999.250000
 1921.8000000 318.11999512  -999.250000
 1922.0000000 310.92999268  -999.250000
 1922.2000000 308.48999023  -999.250000
 1922.4000000 315.48999023  -999.250000
 1922.6000000 325.35000610  -999.250000
 1922.8000000 328.70001221  -999.250000
 1923.0000000 326.64001465  -999.250000
 1923.2000000 325.33999634  -999.250000
 1923.4000000 329.73001099  -999.250000
 1923.6000000 337.39999390  -999.250000
 1923.8000000 340.73999023  -999.250000
 1924.0000000 338.50000000  -999.250000
 1924.2000000 336.29000854  -999.250000
 1924.4000000 336.47000122  -999.250000
 1924.6000000 334.51000977  -999.250000
 1924.8000000 329.79000854  -999.250000
 1925.0000000 325.92001343  -999.250000
 1925.2000000 323.08999634  -999.250000
 1925.4000000 321.41000366  -999.250000
 1925.6000000 321.48999023  -999.250000
 1925.8000000 322.89001465  -999.250000
 1926.0000000 323.22000122  -999.250000
 1926.2000000 323.35998535  -999.250000
 1926.4000000 324.29998779  -999.250000
 1926.6000000 324.95001221  -999.250000
 1926.8000000 323.23001099  -999.250000
 1927.0000000 320.72000122  -999.250000
 1927.2000000 321.58999634  -999.250000
 1927.4000000 325.70999146  -999.250000
 1927.6000000 328.97000122  -999.250000
 1927.8000000 329.94000244  -999.250000
 1928.0000000 329.57998657  -999.250000
 1928.2000000 328.67999268  -999.250000
 1928.4000000 327.38000488  -999.250000
 1928.6000000 325.89999390  -999.250000
 1928.8000000 324.19000244  -999.250000
 1929.0000000 321.02999878  -999.250000
 1929.2000000 317.51000977  -999.250000
 1929.4000000 317.47000122  -999.250000
 1929.6000000 320.01998901  -999.250000
 1929.8000000 318.57998657  -999.250000
 1930.0000000 312.70001221  -999.250000
 1930.2000000 311.44000244  -999.250000
 1930.4000000 318.60998535  -999.250000
 1930.6000000 324.19000244  -999.250000
 1930.8000000 322.29998779  -999.250000
 1931.0000000 323.44000244  -999.250000
 1931.2000000 328.23001099  -999.250000
 1931.4000000 330.76998901  -999.250000
 1931.6000000 331.00000000  -999.250000
 1931.8000000 330.94000244  -999.250000
 1932.0000000 329.63000488  -999.250000
 1932.2000000 325.77999878  -999.250000
 1932.4000000 321.79998779  -999.250000
 1932.6000000 320.51000977  -999.250000
 1932.8000000 321.41000366  -999.250000
 1933.0000000 324.17999268  -999.250000
 1933.2000000 326.33999634  -999.250000
 1933.4000000 324.54998779  -999.250000
 1933.6000000 320.76998901  -999.250000
 1933.8000000 319.45001221  -999.250000
 1934.0000000 320.95001221  -999.250000
 1934.2000000 324.57998657  -999.250000
 1934.4000000 327.29998779  -999.250000
 1934.6000000 325.67999268  -999.250000
 1934.8000000 324.17001343  -999.250000
 1935.0000000 328.04998779  -999.250000
 1935.2000000 334.41000366  -999.250000
 1935.4000000 337.72000122  -999.250000
 1935.6000000 336.19000244  -999.250000
 1935.8000000 333.11999512  -999.250000
 1936.0000000 333.10000610  -999.250000
 1936.2000000 335.98001099  -999.250000
 1936.4000000 338.23999023  -999.250000
 1936.6000000 336.04998779  -999.250000
 1936.8000000 328.50000000  -999.250000
 1937.0000000 321.07000732  -999.250000
 1937.2000000 319.10000610  -999.250000
 1937.4000000 320.30999756  -999.250000
 1937.6000000 320.47000122  -999.250000
 1937.8000000 318.98999023  -999.250000
 1938.0000000 318.48999023  -999.250000
 1938.2000000 319.20001221  -999.250000
 1938.4000000 319.94000244  -999.250000
 1938.6000000 321.08999634  -999.250000
 1938.8000000 323.63000488  -999.250000
 1939.0000000 328.20001221  -999.250000
 1939.2000000 332.23999023  -999.250000
 1939.4000000 331.60000610  -999.250000
 1939.6000000 326.29998779  -999.250000
 1939.8000000 320.82998657  -999.250000
 1940.0000000 316.92001343  -999.250000
 1940.2000000 313.42999268  -999.250000
 1940.4000000 311.41000366  -999.250000
 1940.6000000 311.19000244  -999.250000
 1940.8000000 313.00000000  -999.250000
 1941.0000000 317.89001465  -999.250000
 1941.2000000 323.91000366  -999.250000
 1941.4000000 327.13000488  -999.250000
 1941.6000000 327.51998901  -999.250000
 1941.8000000 328.01000977  -999.250000
 1942.0000000 330.04000854  -999.250000
 1942.2000000 330.94000244  -999.250000
 1942.4000000 327.52999878  -999.250000
 1942.6000000 321.52999878  -999.250000
 1942.8000000 316.82000732  -999.250000
 1943.0000000 312.95001221  -999.250000
 1943.2000000 312.10998535  -999.250000
 1943.4000000 317.94000244  -999.250000
 1943.6000000 327.16000366  -999.250000
 1943.8000000 332.70001221  -999.250000
 1944.0000000 333.00000000  -999.250000
 1944.2000000 330.05999756  -999.250000
 1944.4000000 326.00000000  -999.250000
 1944.6000000 322.02999878  -999.250000
 1944.8000000 320.10000610  -999.250000
 1945.0000000 320.66000366  -999.250000
 1945.2000000 321.13000488  -999.250000
 1945.4000000 320.92999268  -999.250000
 1945.6000000 319.91000366  -999.250000
 1945.8000000 317.67999268  -999.250000
 1946.0000000 315.42999268  -999.250000
 1946.2000000 315.42999268  -999.250000
 1946.4000000 317.95999146  -999.250000
 1946.6000000 320.92999268  -999.250000
 1946.8000000 321.07000732  -999.250000
 1947.0000000 319.32998657  -999.250000
 1947.2000000 319.32998657  -999.250000
 1947.4000000 321.50000000  -999.250000
 1947.6000000 323.52999878  -999.250000
 1947.8000000 323.04998779  -999.250000
 1948.0000000 320.11999512  -999.250000
 1948.2000000 317.73999023  -999.250000
 1948.4000000 319.04998779  -999.250000
 1948.6000000 322.35000610  -999.250000
 1948.8000000 323.98999023  -999.250000
 1949.0000000 327.83999634  -999.250000
 1949.2000000 341.32000732  -999.250000
 1949.4000000 356.48999023  -999.250000
 1949.6000000 357.32998657  -999.250000
 1949.8000000 347.92999268  -999.250000
 1950.0000000 340.20999146  -999.250000
 1950.2000000 341.94000244  -999.250000
 1950.4000000 349.85000610  -999.250000
 1950.6000000 353.17001343  -999.250000
 1950.8000000 350.60000610  -999.250000
 1951.0000000 343.69000244  -999.250000
 1951.2000000 332.42001343  -999.250000
 1951.4000000 320.86999512  -999.250000
 1951.6000000 311.73999023  -999.250000
 1951.8000000 309.39001465  -999.250000
 1952.0000000 312.17001343  -999.250000
 1952.2000000 317.20999146  -999.250000
 1952.4000000 327.69000244  -999.250000
 1952.6000000 342.86999512  -999.250000
 1952.8000000 348.20999146  -999.250000
 1953.0000000 338.51998901  -999.250000
 1953.2000000 326.64999390  -999.250000
 1953.4000000 317.30999756  -999.250000
 1953.6000000 311.01998901  -999.250000
 1953.8000000 312.32998657  -999.250000
 1954.0000000 322.42001343  -999.250000
 1954.2000000 334.67001343  -999.250000
 1954.4000000 341.77999878  -999.250000
 1954.6000000 342.26998901  -999.250000
 1954.8000000 340.27999878  -999.250000
 1955.0000000 340.88000488  -999.250000
 1955.2000000 344.45001221  -999.250000
 1955.4000000 343.72000122  -999.250000
 1955.6000000 326.79998779  -999.250000
 1955.8000000 303.07000732  -999.250000
 1956.0000000 293.94000244  -999.250000
 1956.2000000 303.86999512  -999.250000
 1956.4000000 321.41000366  -999.250000
 1956.6000000 332.05999756  -999.250000
 1956.8000000 332.70999146  -999.250000
 1957.0000000 331.76998901  -999.250000
 1957.2000000 334.50000000  -999.250000
 1957.4000000 328.57998657  -999.250000
 1957.6000000 306.92001343  -999.250000
 1957.8000000 291.79000854  -999.250000
 1958.0000000 299.61999512  -999.250000
 1958.2000000 315.73001099  -999.250000
 1958.4000000 327.32000732  -999.250000
 1958.6000000 335.60998535  -999.250000
 1958.8000000 344.98999023  -999.250000
 1959.0000000 355.05999756  -999.250000
 1959.2000000 362.35998535  -999.250000
 1959.4000000 368.54000854  -999.250000
 1959.6000000 373.95001221  -999.250000
 1959.8000000 373.07998657  -999.250000
 1960.0000000 362.39999390  -999.250000
 1960.2000000 348.61999512  -999.250000
 1960.4000000 340.60000610  -999.250000
 1960.6000000 335.95001221  -999.250000
 1960.8000000 329.35998535  -999.250000
 1961.0000000 318.83999634  -999.250000
 1961.2000000 309.42999268  -999.250000
 1961.4000000 307.04000854  -999.250000
 1961.6000000 306.57998657  -999.250000
 1961.8000000 306.20999146  -999.250000
 1962.0000000 307.76000977  -999.250000
 1962.2000000 311.86999512  -999.250000
 1962.4000000 316.89001465  -999.250000
 1962.6000000 320.01998901  -999.250000
 1962.8000000 320.26000977  -999.250000
 1963.0000000 319.47000122  -999.250000
 1963.2000000 319.05999756  -999.250000
 1963.4000000 317.82998657  -999.250000
 1963.6000000 316.30999756  -999.250000
 1963.8000000 320.32998657  -999.250000
 1964.0000000 331.35000610  -999.250000
 1964.2000000 339.23999023  -999.250000
 1964.4000000 345.17999268  -999.250000
 1964.6000000 350.51998901  -999.250000
 1964.8000000 353.89001465  -999.250000
 1965.0000000 356.97000122  -999.250000
 1965.2000000 354.70001221  -999.250000
 1965.4000000 346.25000000  -999.250000
 1965.6000000 337.88000488  -999.250000
 1965.8000000 332.75000000  -999.250000
 1966.0000000 331.00000000  -999.250000
 1966.2000000 330.54000854  -999.250000
 1966.4000000 333.95001221  -999.250000
 1966.6000000 342.45999146  -999.250000
 1966.8000000 348.88000488  -999.250000
 1967.0000000 347.14001465  -999.250000
 1967.2000000 339.79998779  -999.250000
 1967.4000000 335.55999756  -999.250000
 1967.6000000 339.20001221  -999.250000
 1967.8000000 343.04000854  -999.250000
 1968.0000000 339.51998901  -999.250000
 1968.2000000 333.14001465  -999.250000
 1968.4000000 330.17999268  -999.250000
 1968.6000000 330.89001465  -999.250000
 1968.8000000 333.02999878  -999.250000
 1969.0000000 333.86999512  -999.250000
 1969.2000000 332.64999390  -999.250000
 1969.4000000 330.19000244  -999.250000
 1969.6000000 325.95001221  -999.250000
 1969.8000000 322.14001465  -999.250000
 1970.0000000 320.75000000  -999.250000
 1970.2000000 320.54998779  -999.250000
 1970.4000000 320.00000000  -999.250000
 1970.6000000 319.54998779  -999.250000
 1970.8000000 320.10000610  -999.250000
 1971.0000000 320.91000366  -999.250000
 1971.2000000 320.35000610  -999.250000
 1971.4000000 319.33999634  -999.250000
 1971.6000000 320.79998779  -999.250000
 1971.8000000 325.35000610  -999.250000
 1972.0000000 328.66000366  -999.250000
 1972.2000000 327.33999634  -999.250000
 1972.4000000 325.54998779  -999.250000
 1972.6000000 323.79998779  -999.250000
 1972.8000000 318.98001099  -999.250000
 1973.0000000 313.85998535  -999.250000
 1973.2000000 313.92999268  -999.250000
 1973.4000000 317.85000610  -999.250000
 1973.6000000 321.54998779  -999.250000
 1973.8000000 324.23001099  -999.250000
 1974.0000000 325.35998535  -999.250000
 1974.2000000 324.45001221  -999.250000
 1974.4000000 324.01000977  -999.250000
 1974.6000000 325.27999878  -999.250000
 1974.8000000 326.39001465  -999.250000
 1975.0000000 325.79998779  -999.250000
 1975.2000000 324.91000366  -999.250000
 1975.4000000 325.45001221  -999.250000
 1975.6000000 326.67999268  -999.250000
 1975.8000000 328.16000366  -999.250000
 1976.0000000 331.75000000  -999.250000
 1976.2000000 335.14001465  -999.250000
 1976.4000000 332.51998901  -999.250000
 1976.6000000 326.48001099  -999.250000
 1976.8000000 323.92999268  -999.250000
 1977.0000000 325.16000366  -999.250000
 1977.2000000 328.86999512  -999.250000
 1977.4000000 332.75000000  -999.250000
 1977.6000000 331.82000732  -999.250000
 1977.8000000 327.95001221  -999.250000
 1978.0000000 326.48999023  -999.250000
 1978.2000000 326.50000000  -999.250000
 1978.4000000 327.27999878  -999.250000
 1978.6000000 330.83999634  -999.250000
 1978.8000000 334.29000854  -999.250000
 1979.0000000 330.17001343  -999.250000
 1979.2000000 317.75000000  -999.250000
 1979.4000000 308.32998657  -999.250000
 1979.6000000 308.58999634  -999.250000
 1979.8000000 314.85998535  -999.250000
 1980.0000000 319.64999390  -999.250000
 1980.2000000 320.67999268  -999.250000
 1980.4000000 321.33999634  -999.250000
 1980.6000000 324.29000854  -999.250000
 1980.8000000 328.26000977  -999.250000
 1981.0000000 330.32998657  -999.250000
 1981.2000000 330.66000366  -999.250000
 1981.4000000 328.54000854  -999.250000
 1981.6000000 324.55999756  -999.250000
 1981.8000000 324.66000366  -999.250000
 1982.0000000 333.66000366  -999.250000
 1982.2000000 344.58999634  -999.250000
 1982.4000000 336.82000732  -999.250000
 1982.6000000 311.70001221  -999.250000
 1982.8000000 302.35000610  -999.250000
 1983.0000000 310.89999390  -999.250000
 1983.2000000 322.51998901  -999.250000
 1983.4000000 329.88000488  -999.250000
 1983.6000000 330.41000366  -999.250000
 1983.8000000 322.51998901  -999.250000
 1984.0000000 307.10000610  -999.250000
 1984.2000000 296.48001099  -999.250000
 1984.4000000 300.83999634  -999.250000
 1984.6000000 318.79000854  -999.250000
 1984.8000000 338.02999878  -999.250000
 1985.0000000 342.23001099  -999.250000
 1985.2000000 337.61999512  -999.250000
 1985.4000000 333.47000122  -999.250000
 1985.6000000 330.98999023  -999.250000
 1985.8000000 330.29000854  -999.250000
 1986.0000000 330.98001099  -999.250000
 1986.2000000 330.73999023  -999.250000
 1986.4000000 326.36999512  -999.250000
 1986.6000000 319.39999390  -999.250000
 1986.8000000 316.10998535  -999.250000
 1987.0000000 316.51998901  -999.250000
 1987.2000000 319.17001343  -999.250000
 1987.4000000 324.00000000  -999.250000
 1987.6000000 328.33999634  -999.250000
 1987.8000000 329.69000244  -999.250000
 1988.0000000 332.58999634  -999.250000
 1988.2000000 341.23999023  -999.250000
 1988.4000000 346.82000732  -999.250000
 1988.6000000 341.70999146  -999.250000
 1988.8000000 333.35000610  -999.250000
 1989.0000000 328.92999268  -999.250000
 1989.2000000 323.97000122  -999.250000
 1989.4000000 315.76000977  -999.250000
 1989.6000000 311.58999634  -999.250000
 1989.8000000 310.39001465  -999.250000
 1990.0000000 307.45999146  -999.250000
 1990.2000000 308.10000610  -999.250000
 1990.4000000 314.54000854  -999.250000
 1990.6000000 322.10998535  -999.250000
 1990.8000000 326.51998901  -999.250000
 1991.0000000 325.16000366  -999.250000
 1991.2000000 320.23999023  -999.250000
 1991.4000000 317.17999268  -999.250000
 1991.6000000 318.20001221  -999.250000
 1991.8000000 319.32000732  -999.250000
 1992.0000000 316.60000610  -999.250000
 1992.2000000 313.10998535  -999.250000
 1992.4000000 313.79000854  -999.250000
 1992.6000000 316.66000366  -999.250000
 1992.8000000 316.52999878  -999.250000
 1993.0000000 313.35000610  -999.250000
 1993.2000000 309.32000732  -999.250000
 1993.4000000 307.54998779  -999.250000
 1993.6000000 311.51000977  -999.250000
 1993.8000000 319.44000244  -999.250000
 1994.0000000 322.97000122  -999.250000
 1994.2000000 320.51998901  -999.250000
 1994.4000000 318.01998901  -999.250000
 1994.6000000 317.13000488  -999.250000
 1994.8000000 315.50000000  -999.250000
 1995.0000000 313.58999634  -999.250000
 1995.2000000 312.67999268  -999.250000
 1995.4000000 311.82000732  -999.250000
 1995.6000000 311.80999756  -999.250000
 1995.8000000 315.04000854  -999.250000
 1996.0000000 320.26000977  -999.250000
 1996.2000000 324.32998657  -999.250000
 1996.4000000 328.17999268  -999.250000
 1996.6000000 329.41000366  -999.250000
 1996.8000000 322.32000732  -999.250000
 1997.0000000 310.23001099  -999.250000
 1997.2000000 301.98001099  -999.250000
 1997.4000000 298.36999512  -999.250000
 1997.6000000 298.63000488  -999.250000
 1997.8000000 305.16000366  -999.250000
 1998.0000000 313.48001099  -999.250000
 1998.2000000 315.76000977  -999.250000
 1998.4000000 315.22000122  -999.250000
 1998.6000000 315.79998779  -999.250000
 1998.8000000 316.57998657  -999.250000
 1999.0000000 316.04998779  -999.250000
 1999.2000000 314.45999146  -999.250000
 1999.4000000 310.54000854  -999.250000
 1999.6000000 303.60998535  -999.250000
 1999.8000000 299.57998657  -999.250000
 2000.0000000 302.70001221  -999.250000
 2000.2000000 313.39001465  -999.250000
 2000.4000000 325.32998657  -999.250000
 2000.6000000 326.76000977  -999.250000
 2000.8000000 318.50000000  -999.250000
 2001.0000000 311.47000122  -999.250000
 2001.2000000 312.16000366  -999.250000
 2001.4000000 317.39001465  -999.250000
 2001.6000000 324.25000000  -999.250000
 2001.8000000 330.17999268  -999.250000
 2002.0000000 334.86999512  -999.250000
 2002.2000000 340.76000977  -999.250000
 2002.4000000 345.57998657  -999.250000
 2002.6000000 348.45999146  -999.250000
 2002.8000000 348.36999512  -999.250000
 2003.0000000 342.02999878  -999.250000
 2003.2000000 334.00000000  -999.250000
 2003.4000000 331.75000000  -999.250000
 2003.6000000 331.39999390  -999.250000
 2003.8000000 328.77999878  -999.250000
 2004.0000000 316.04000854  -999.250000
 2004.2000000 292.04000854  -999.250000
 2004.4000000 271.42001343  -999.250000
 2004.6000000 258.57998657  -999.250000
 2004.8000000 261.13000488  -999.250000
 2005.0000000 279.04998779  -999.250000
 2005.2000000 297.67999268  -999.250000
 2005.4000000 307.67001343  -999.250000
 2005.6000000 315.11999512  -999.250000
 2005.8000000 322.75000000  -999.250000
 2006.0000000 329.47000122  -999.250000
 2006.2000000 330.26000977  -999.250000
 2006.4000000 327.11999512  -999.250000
 2006.6000000 324.38000488  -999.250000
 2006.8000000 320.50000000  -999.250000
 2007.0000000 317.04000854  -999.250000
 2007.2000000 317.97000122  -999.250000
 2007.4000000 320.69000244  -999.250000
 2007.6000000 318.85998535  -999.250000
 2007.8000000 312.29000854  -999.250000
 2008.0000000 307.48999023  -999.250000
 2008.2000000 306.82000732  -999.250000
 2008.4000000 308.22000122  -999.250000
 2008.6000000 310.14999390  -999.250000
 2008.8000000 312.35000610  -999.250000
 2009.0000000 316.67001343  -999.250000
 2009.2000000 321.91000366  -999.250000
 2009.4000000 323.94000244  -999.250000
 2009.6000000 320.67999268  -999.250000
 2009.8000000 315.36999512  -999.250000
 2010.0000000 311.86999512  -999.250000
 2010.2000000 309.07998657  -999.250000
 2010.4000000 303.73001099  -999.250000
 2010.6000000 298.48999023  -999.250000
 2010.8000000 296.95001221  -999.250000
 2011.0000000 297.22000122  -999.250000
 2011.2000000 300.07000732  -999.250000
 2011.4000000 308.22000122  -999.250000
 2011.6000000 317.55999756  -999.250000
 2011.8000000 320.08999634  -999.250000
 2012.0000000 316.60000610  -999.250000
 2012.2000000 313.94000244  -999.250000
 2012.4000000 314.70001221  -999.250000
 2012.6000000 316.11999512  -999.250000
 2012.8000000 317.75000000  -999.250000
 2013.0000000 319.77999878  -999.250000
 2013.2000000 320.13000488  -999.250000
 2013.4000000 317.67999268  -999.250000
 2013.6000000 313.45001221  -999.250000
 2013.8000000 310.01998901  -999.250000
 2014.0000000 309.00000000  -999.250000
 2014.2000000 308.61999512  -999.250000
 2014.4000000 309.51000977  -999.250000
 2014.6000000 316.23999023  -999.250000
 2014.8000000 324.00000000  -999.250000
 2015.0000000 316.60000610  -999.250000
 2015.2000000 292.57000732  -999.250000
 2015.4000000 269.32998657  -999.250000
 2015.6000000 257.85998535  -999.250000
 2015.8000000 244.08999634  -999.250000
 2016.0000000 228.07000732  -999.250000
 2016.2000000 223.83999634  -999.250000
 2016.4000000 226.82000732  -999.250000
 2016.6000000 235.47999573  -999.250000
 2016.8000000 254.69999695  -999.250000
 2017.0000000 281.20001221  -999.250000
 2017.2000000 299.42001343  -999.250000
 2017.4000000 305.39001465  -999.250000
 2017.6000000 302.45999146  -999.250000
 2017.8000000 293.36999512  -999.250000
 2018.0000000 289.70999146  -999.250000
 2018.2000000 296.10000610  -999.250000
 2018.4000000 305.02999878  -999.250000
 2018.6000000 309.82998657  -999.250000
 2018.8000000 311.92999268  -999.250000
 2019.0000000 310.35000610  -999.250000
 2019.2000000 307.29000854  -999.250000
 2019.4000000 307.86999512  -999.250000
 2019.6000000 310.79998779  -999.250000
 2019.8000000 311.95001221  -999.250000
 2020.0000000 312.54998779  -999.250000
 2020.2000000 315.42001343  -999.250000
 2020.4000000 319.16000366  -999.250000
 2020.6000000 316.95999146  -999.250000
 2020.8000000 310.19000244  -999.250000
 2021.0000000 311.69000244  -999.250000
 2021.2000000 322.54000854  -999.250000
 2021.4000000 330.48999023  -999.250000
 2021.6000000 330.07998657  -999.250000
 2021.8000000 326.50000000  -999.250000
 2022.0000000 325.22000122  -999.250000
 2022.2000000 325.52999878  -999.250000
 2022.4000000 322.42999268  -999.250000
 2022.6000000 317.07000732  -999.250000
 2022.8000000 313.36999512  -999.250000
 2023.0000000 311.82000732  -999.250000
 2023.2000000 314.27999878  -999.250000
 2023.4000000 317.14999390  -999.250000
 2023.6000000 316.27999878  -999.250000
 2023.8000000 311.76998901  -999.250000
 2024.0000000 309.89001465  -999.250000
 2024.2000000 312.07998657  -999.250000
 2024.4000000 314.16000366  -999.250000
 2024.6000000 312.88000488  -999.250000
 2024.8000000 308.32998657  -999.250000
 2025.0000000 303.19000244  -999.250000
 2025.2000000 301.76998901  -999.250000
 2025.4000000 304.17001343  -999.250000
 2025.6000000 307.32998657  -999.250000
 2025.8000000 309.00000000  -999.250000
 2026.0000000 312.04998779  -999.250000
 2026.2000000 318.02999878  -999.250000
 2026.4000000 323.13000488  -999.250000
 2026.6000000 324.60000610  -999.250000
 2026.8000000 324.29998779  -999.250000
 2027.0000000 324.89999390  -999.250000
 2027.2000000 326.88000488  -999.250000
 2027.4000000 328.70001221  -999.250000
 2027.6000000 327.91000366  -999.250000
 2027.8000000 323.20001221  -999.250000
 2028.0000000 316.92001343  -999.250000
 2028.2000000 311.54998779  -999.250000
 2028.4000000 307.17001343  -999.250000
 2028.6000000 305.25000000  -999.250000
 2028.8000000 306.60000610  -999.250000
 2029.0000000 309.23001099  -999.250000
 2029.2000000 310.95001221  -999.250000
 2029.4000000 311.77999878  -999.250000
 2029.6000000 311.17999268  -999.250000
 2029.8000000 310.26998901  -999.250000
 2030.0000000 310.39999390  -999.250000
 2030.2000000 310.54998779  -999.250000
 2030.4000000 309.77999878  -999.250000
 2030.6000000 307.10000610  -999.250000
 2030.8000000 303.60000610  -999.250000
 2031.0000000 303.76998901  -999.250000
 2031.2000000 307.73001099  -999.250000
 2031.4000000 310.07998657  -999.250000
 2031.6000000 308.79998779  -999.250000
 2031.8000000 307.98001099  -999.250000
 2032.0000000 303.67999268  -999.250000
 2032.2000000 287.39999390  -999.250000
 2032.4000000 264.88000488  -999.250000
 2032.6000000 241.35000610  -999.250000
 2032.8000000 220.02000427  -999.250000
 2033.0000000 208.49000549  -999.250000
 2033.2000000 208.50000000  -999.250000
 2033.4000000 216.30999756  -999.250000
 2033.6000000 237.47000122  -999.250000
 2033.8000000 272.45999146  -999.250000
 2034.0000000 304.51998901  -999.250000
 2034.2000000 333.17001343  -999.250000
 2034.4000000 351.50000000  -999.250000
 2034.6000000 340.20999146  -999.250000
 2034.8000000 322.35998535  -999.250000
 2035.0000000 318.42001343  -999.250000
 2035.2000000 318.85998535  -999.250000
 2035.4000000 314.14999390  -999.250000
 2035.6000000 306.25000000  -999.250000
 2035.8000000 298.82998657  -999.250000
 2036.0000000 290.10000610  -999.250000
 2036.2000000 284.04000854  -999.250000
 2036.4000000 284.04998779  -999.250000
 2036.6000000 288.72000122  -999.250000
 2036.8000000 294.82998657  -999.250000
 2037.0000000 291.77999878  -999.250000
 2037.2000000 277.67001343  -999.250000
 2037.4000000 260.89999390  -999.250000
 2037.6000000 256.58999634  -999.250000
 2037.8000000 265.76998901  -999.250000
 2038.0000000 277.67999268  -999.250000
 2038.2000000 287.67001343  -999.250000
 2038.4000000 301.25000000  -999.250000
 2038.6000000 311.77999878  -999.250000
 2038.8000000 311.35998535  -999.250000
 2039.0000000 301.11999512  -999.250000
 2039.2000000 295.39001465  -999.250000
 2039.4000000 301.67001343  -999.250000
 2039.6000000 308.13000488  -999.250000
 2039.8000000 309.23001099  -999.250000
 2040.0000000 307.51998901  -999.250000
 2040.2000000 306.54998779  -999.250000
 2040.4000000 306.60000610  -999.250000
 2040.6000000 307.10000610  -999.250000
 2040.8000000 307.63000488  -999.250000
 2041.0000000 307.42999268  -999.250000
 2041.2000000 306.45001221  -999.250000
 2041.4000000 306.29998779  -999.250000
 2041.6000000 309.29998779  -999.250000
 2041.8000000 316.27999878  -999.250000
 2042.0000000 322.52999878  -999.250000
 2042.2000000 320.92999268  -999.250000
 2042.4000000 311.66000366  -999.250000
 2042.6000000 303.97000122  -999.250000
 2042.8000000 304.07000732  -999.250000
 2043.0000000 309.29998779  -999.250000
 2043.2000000 313.39999390  -999.250000
 2043.4000000 313.54998779  -999.250000
 2043.6000000 313.00000000  -999.250000
 2043.8000000 314.75000000  -999.250000
 2044.0000000 315.82998657  -999.250000
 2044.2000000 313.14999390  -999.250000
 2044.4000000 308.64999390  -999.250000
 2044.6000000 307.22000122  -999.250000
 2044.8000000 310.39999390  -999.250000
 2045.0000000 314.73001099  -999.250000
 2045.2000000 315.85000610  -999.250000
 2045.4000000 314.35000610  -999.250000
 2045.6000000 311.45001221  -999.250000
 2045.8000000 306.79998779  -999.250000
 2046.0000000 302.57000732  -999.250000
 2046.2000000 301.61999512  -999.250000
 2046.4000000 303.00000000  -999.250000
 2046.6000000 305.70001221  -999.250000
 2046.8000000 308.48001099  -999.250000
 2047.0000000 310.04998779  -999.250000
 2047.2000000 310.79998779  -999.250000
 2047.4000000 311.14999390  -999.250000
 2047.6000000 310.82000732  -999.250000
 2047.8000000 311.20001221  -999.250000
 2048.0000000 315.57998657  -999.250000
 2048.2000000 322.29998779  -999.250000
 2048.4000000 325.82998657  -999.250000
 2048.6000000 325.54998779  -999.250000
 2048.8000000 324.61999512  -999.250000
 2049.0000000 328.67001343  -999.250000
 2049.2000000 339.48001099  -999.250000
 2049.4000000 348.48001099  -999.250000
 2049.6000000 352.67001343  -999.250000
 2049.8000000 358.72000122  -999.250000
 2050.0000000 370.25000000  -999.250000
 2050.2000000 384.50000000  -999.250000
 2050.4000000 391.42999268  -999.250000
 2050.6000000 384.60998535  -999.250000
 2050.8000000 367.73001099  -999.250000
 2051.0000000 344.98999023  -999.250000
 2051.2000000 323.42001343  -999.250000
 2051.4000000 309.20001221  -999.250000
 2051.6000000 301.39999390  -999.250000
 2051.8000000 297.85000610  -999.250000
 2052.0000000 300.60000610  -999.250000
 2052.2000000 308.85998535  -999.250000
 2052.4000000 316.54998779  -999.250000
 2052.6000000 318.00000000  -999.250000
 2052.8000000 313.50000000  -999.250000
 2053.0000000 309.10000610  -999.250000
 2053.2000000 308.89999390  -999.250000
 2053.4000000 310.47000122  -999.250000
 2053.6000000 312.00000000  -999.250000
 2053.8000000 315.29998779  -999.250000
 2054.0000000 322.36999512  -999.250000
 2054.2000000 329.88000488  -999.250000
 2054.4000000 331.54998779  -999.250000
 2054.6000000 325.48001099  -999.250000
 2054.8000000 316.10000610  -999.250000
 2055.0000000 310.32000732  -999.250000
 2055.2000000 310.67001343  -999.250000
 2055.4000000 315.32998657  -999.250000
 2055.6000000 319.04998779  -999.250000
 2055.8000000 317.25000000  -999.250000
 2056.0000000 311.92001343  -999.250000
 2056.2000000 306.01998901  -999.250000
 2056.4000000 301.64999390  -999.250000
 2056.6000000 304.89001465  -999.250000
 2056.8000000 314.45001221  -999.250000
 2057.0000000 319.80999756  -999.250000
 2057.2000000 316.97000122  -999.250000
 2057.4000000 311.17999268  -999.250000
 2057.6000000 308.50000000  -999.250000
 2057.8000000 308.60000610  -999.250000
 2058.0000000 307.89999390  -999.250000
 2058.2000000 305.70001221  -999.250000
 2058.4000000 304.75000000  -999.250000
 2058.6000000 309.01998901  -999.250000
 2058.8000000 319.25000000  -999.250000
 2059.0000000 330.73001099  -999.250000
 2059.2000000 337.79998779  -999.250000
 2059.4000000 335.02999878  -999.250000
 2059.6000000 316.35000610  -999.250000
 2059.8000000 286.69000244  -999.250000
 2060.0000000 273.01000977  -999.250000
 2060.2000000 288.29998779  -999.250000
 2060.4000000 313.26000977  -999.250000
 2060.6000000 321.63000488  -999.250000
 2060.8000000 309.39999390  -999.250000
 2061.0000000 294.23999023  -999.250000
 2061.2000000 293.26998901  -999.250000
 2061.4000000 307.35000610  -999.250000
 2061.6000000 320.35000610  -999.250000
 2061.8000000 319.67001343  -999.250000
 2062.0000000 311.95001221  -999.250000
 2062.2000000 306.70001221  -999.250000
 2062.4000000 306.86999512  -999.250000
 2062.6000000 310.57000732  -999.250000
 2062.8000000 316.95001221  -999.250000
 2063.0000000 322.04998779  -999.250000
 2063.2000000 320.85000610  -999.250000
 2063.4000000 314.57000732  -999.250000
 2063.6000000 309.70001221  -999.250000
 2063.8000000 311.35000610  -999.250000
 2064.0000000 316.07998657  -999.250000
 2064.2000000 317.20001221  -999.250000
 2064.4000000 314.42001343  -999.250000
 2064.6000000 311.79998779  -999.250000
 2064.8000000 311.22000122  -999.250000
 2065.0000000 311.35000610  -999.250000
 2065.2000000 312.20001221  -999.250000
 2065.4000000 313.20001221  -999.250000
 2065.6000000 313.35000610  -999.250000
 2065.8000000 313.07998657  -999.250000
 2066.0000000 312.72000122  -999.250000
 2066.2000000 312.54998779  -999.250000
 2066.4000000 312.72000122  -999.250000
 2066.6000000 313.29998779  -999.250000
 2066.8000000 314.39999390  -999.250000
 2067.0000000 317.97000122  -999.250000
 2067.2000000 328.39999390  -999.250000
 2067.4000000 342.89999390  -999.250000
 2067.6000000 350.67999268  -999.250000
 2067.8000000 353.04998779  -999.250000
 2068.0000000 356.85000610  -999.250000
 2068.2000000 353.26000977  -999.250000
 2068.4000000 336.92001343  -999.250000
 2068.6000000 325.00000000  -999.250000
 2068.8000000 318.04998779  -999.250000
 2069.0000000 305.26998901  -999.250000
 2069.2000000 291.89001465  -999.250000
 2069.4000000 288.50000000  -999.250000
 2069.6000000 294.17001343  -999.250000
 2069.8000000 298.23001099  -999.250000
 2070.0000000 298.79998779  -999.250000
 2070.2000000 301.00000000  -999.250000
 2070.4000000 307.23001099  -999.250000
 2070.6000000 311.67999268  -999.250000
 2070.8000000 312.89999390  -999.250000
 2071.0000000 315.07000732  -999.250000
 2071.2000000 318.54998779  -999.250000
 2071.4000000 319.48001099  -999.250000
 2071.6000000 318.35000610  -999.250000
 2071.8000000 316.07000732  -999.250000
 2072.0000000 313.29998779  -999.250000
 2072.2000000 311.64999390  -999.250000
 2072.4000000 310.35000610  -999.250000
 2072.6000000 307.02999878  -999.250000
 2072.8000000 303.04998779  -999.250000
 2073.0000000 302.51998901  -999.250000
 2073.2000000 305.89999390  -999.250000
 2073.4000000 310.79998779  -999.250000
 2073.6000000 314.17001343  -999.250000
 2073.8000000 314.23001099  -999.250000
 2074.0000000 311.86999512  -999.250000
 2074.2000000 310.20001221  -999.250000
 2074.4000000 310.61999512  -999.250000
 2074.6000000 311.25000000  -999.250000
 2074.8000000 310.57000732  -999.250000
 2075.0000000 310.92001343  -999.250000
 2075.2000000 313.39999390  -999.250000
 2075.4000000 317.79998779  -999.250000
 2075.6000000 322.51998901  -999.250000
 2075.8000000 322.17999268  -999.250000
 2076.0000000 314.20001221  -999.250000
 2076.2000000 304.36999512  -999.250000
 2076.4000000 302.97000122  -999.250000
 2076.6000000 309.00000000  -999.250000
 2076.8000000 315.07998657  -999.250000
 2077.0000000 316.13000488  -999.250000
 2077.2000000 315.86999512  -999.250000
 2077.4000000 318.57998657  -999.250000
 2077.6000000 320.79998779  -999.250000
 2077.8000000 318.07998657  -999.250000
 2078.0000000 313.50000000  -999.250000
 2078.2000000 312.04998779  -999.250000
 2078.4000000 311.63000488  -999.250000
 2078.6000000 309.48001099  -999.250000
 2078.8000000 308.45001221  -999.250000
 2079.0000000 312.29998779  -999.250000
 2079.2000000 320.29998779  -999.250000
 2079.4000000 326.52999878  -999.250000
 2079.6000000 325.75000000  -999.250000
 2079.8000000 318.10000610  -999.250000
 2080.0000000 307.72000122  -999.250000
 2080.2000000 302.10000610  -999.250000
 2080.4000000 304.77999878  -999.250000
 2080.6000000 311.20001221  -999.250000
 2080.8000000 315.54998779  -999.250000
 2081.0000000 318.14999390  -999.250000
 2081.2000000 319.42999268  -999.250000
 2081.4000000 318.35000610  -999.250000
 2081.6000000 316.54998779  -999.250000
 2081.8000000 316.22000122  -999.250000
 2082.0000000 316.57998657  -999.250000
 2082.2000000 316.98001099  -999.250000
 2082.4000000 316.98001099  -999.250000
 2082.6000000 315.07998657  -999.250000
 2082.8000000 311.48001099  -999.250000
 2083.0000000 308.75000000  -999.250000
 2083.2000000 306.86999512  -999.250000
 2083.4000000 303.79998779  -999.250000
 2083.6000000 301.25000000  -999.250000
 2083.8000000 302.42001343  -999.250000
 2084.0000000 306.64999390  -999.250000
 2084.2000000 310.98001099  -999.250000
 2084.4000000 315.10000610  -999.250000
 2084.6000000 317.38000488  -999.250000
 2084.8000000 315.85000610  -999.250000
 2085.0000000 315.04998779  -999.250000
 2085.2000000 319.17999268  -999.250000
 2085.4000000 324.38000488  -999.250000
 2085.6000000 327.32000732  -999.250000
 2085.8000000 331.26998901  -999.250000
 2086.0000000 334.95001221  -999.250000
 2086.2000000 331.11999512  -999.250000
 2086.4000000 319.82998657  -999.250000
 2086.6000000 310.27999878  -999.250000
 2086.8000000 308.39999390  -999.250000
 2087.0000000 310.10000610  -999.250000
 2087.2000000 310.82998657  -999.250000
 2087.4000000 310.29998779  -999.250000
 2087.6000000 310.01998901  -999.250000
 2087.8000000 311.48001099  -999.250000
 2088.0000000 313.82998657  -999.250000
 2088.2000000 315.17001343  -999.250000
 2088.4000000 315.85000610  -999.250000
 2088.6000000 316.89999390  -999.250000
 2088.8000000 317.97000122  -999.250000
 2089.0000000 319.07998657  -999.250000
 2089.2000000 319.98001099  -999.250000
 2089.4000000 319.10000610  -999.250000
 2089.6000000 317.02999878  -999.250000
 2089.8000000 316.26998901  -999.250000
 2090.0000000 316.67999268  -999.250000
 2090.2000000 317.04998779  -999.250000
 2090.4000000 318.25000000  -999.250000
 2090.6000000 321.14999390  -999.250000
 2090.8000000 323.61999512  -999.250000
 2091.0000000 325.14999390  -999.250000
 2091.2000000 326.39999390  -999.250000
 2091.4000000 325.23001099  -999.250000
 2091.6000000 323.14999390  -999.250000
 2091.8000000 324.23001099  -999.250000
 2092.0000000 328.32998657  -999.250000
 2092.2000000 331.73001099  -999.250000
 2092.4000000 332.85000610  -999.250000
 2092.6000000 333.02999878  -999.250000
 2092.8000000 332.57000732  -999.250000
 2093.0000000 331.60000610  -999.250000
 2093.2000000 330.61999512  -999.250000
 2093.4000000 329.85000610  -999.250000
 2093.6000000 328.79998779  -999.250000
 2093.8000000 328.45001221  -999.250000
 2094.0000000 325.85000610  -999.250000
 2094.2000000 319.64999390  -999.250000
 2094.4000000 315.89999390  -999.250000
 2094.6000000 314.25000000  -999.250000
 2094.8000000 313.29998779  -999.250000
 2095.0000000 318.29998779  -999.250000
 2095.2000000 329.04998779  -999.250000
 2095.4000000 332.75000000  -999.250000
 2095.6000000 329.13000488  -999.250000
 2095.8000000 328.22000122  -999.250000
 2096.0000000 327.02999878  -999.250000
 2096.2000000 319.04998779  -999.250000
 2096.4000000 312.35000610  -999.250000
 2096.6000000 309.42999268  -999.250000
 2096.8000000 308.32998657  -999.250000
 2097.0000000 307.64999390  -999.250000
 2097.2000000 307.32000732  -999.250000
 2097.4000000 307.14999390  -999.250000
 2097.6000000 306.60000610  -999.250000
 2097.8000000 306.54998779  -999.250000
 2098.0000000 308.60000610  -999.250000
 2098.2000000 313.42999268  -999.250000
 2098.4000000 319.54998779  -999.250000
 2098.6000000 322.29998779  -999.250000
 2098.8000000 319.00000000  -999.250000
 2099.0000000 311.47000122  -999.250000
 2099.2000000 304.82000732  -999.250000
 2099.4000000 301.57998657  -999.250000
 2099.6000000 301.60000610  -999.250000
 2099.8000000 304.79998779  -999.250000
 2100.0000000 308.04998779  -999.250000
 2100.2000000 308.35000610  -999.250000
 2100.4000000 307.70001221  -999.250000
 2100.6000000 308.17001343  -999.250000
 2100.8000000 309.60000610  -999.250000
 2101.0000000 311.00000000  -999.250000
 2101.2000000 312.23001099  -999.250000
 2101.4000000 313.57000732  -999.250000
 2101.6000000 314.36999512  -999.250000
 2101.8000000 314.50000000  -999.250000
 2102.0000000 314.64999390  -999.250000
 2102.2000000 315.54998779  -999.250000
 2102.4000000 317.13000488  -999.250000
 2102.6000000 317.67999268  -999.250000
 2102.8000000 316.07998657  -999.250000
 2103.0000000 313.22000122  -999.250000
 2103.2000000 312.13000488  -999.250000
 2103.4000000 314.72000122  -999.250000
 2103.6000000 320.92001343  -999.250000
 2103.8000000 325.92001343  -999.250000
 2104.0000000 327.13000488  -999.250000
 2104.2000000 325.25000000  -999.250000
 2104.4000000 319.67999268  -999.250000
 2104.6000000 312.07998657  -999.250000
 2104.8000000 305.45001221  -999.250000
 2105.0000000 301.35000610  -999.250000
 2105.2000000 300.14999390  -999.250000
 2105.4000000 301.17999268  -999.250000
 2105.6000000 302.97000122  -999.250000
 2105.8000000 304.51998901  -999.250000
 2106.0000000 306.14999390  -999.250000
 2106.2000000 307.25000000  -999.250000
 2106.4000000 307.63000488  -999.250000
 2106.6000000 308.22000122  -999.250000
 2106.8000000 309.42001343  -999.250000
 2107.0000000 310.92999268  -999.250000
 2107.2000000 312.73001099  -999.250000
 2107.4000000 314.76998901  -999.250000
 2107.6000000 316.47000122  -999.250000
 2107.8000000 317.64999390  -999.250000
 2108.0000000 317.92999268  -999.250000
 2108.2000000 316.95001221  -999.250000
 2108.4000000 314.95001221  -999.250000
 2108.6000000 313.13000488  -999.250000
 2108.8000000 311.86999512  -999.250000
 2109.0000000 310.95001221  -999.250000
 2109.2000000 310.95001221  -999.250000
 2109.4000000 311.82000732  -999.250000
 2109.6000000 312.70001221  -999.250000
 2109.8000000 312.11999512  -999.250000
 2110.0000000 310.39999390  -999.250000
 2110.2000000 310.02999878  -999.250000
 2110.4000000 312.38000488  -999.250000
 2110.6000000 315.72000122  -999.250000
 2110.8000000 319.27999878  -999.250000
 2111.0000000 322.89999390  -999.250000
 2111.2000000 323.76998901  -999.250000
 2111.4000000 321.01998901  -999.250000
 2111.6000000 315.27999878  -999.250000
 2111.8000000 305.25000000  -999.250000
 2112.0000000 295.54998779  -999.250000
 2112.2000000 295.67999268  -999.250000
 2112.4000000 303.50000000  -999.250000
 2112.6000000 310.17001343  -999.250000
 2112.8000000 314.73001099  -999.250000
 2113.0000000 317.23001099  -999.250000
 2113.2000000 314.32000732  -999.250000
 2113.4000000 306.20001221  -999.250000
 2113.6000000 299.25000000  -999.250000
 2113.8000000 298.14999390  -999.250000
 2114.0000000 300.77999878  -999.250000
 2114.2000000 304.45001221  -999.250000
 2114.4000000 307.67001343  -999.250000
 2114.6000000 309.76998901  -999.250000
 2114.8000000 312.10000610  -999.250000
 2115.0000000 316.70001221  -999.250000
 2115.2000000 321.00000000  -999.250000
 2115.4000000 321.47000122  -999.250000
 2115.6000000 319.04998779  -999.250000
 2115.8000000 316.88000488  -999.250000
 2116.0000000 314.97000122  -999.250000
 2116.2000000 311.86999512  -999.250000
 2116.4000000 310.95001221  -999.250000
 2116.6000000 314.00000000  -999.250000
 2116.8000000 318.50000000  -999.250000
 2117.0000000 320.98001099  -999.250000
 2117.2000000 321.73001099  -999.250000
 2117.4000000 321.42999268  -999.250000
 2117.6000000 320.02999878  -999.250000
 2117.8000000 318.82998657  -999.250000
 2118.0000000 318.92001343  -999.250000
 2118.2000000 319.39999390  -999.250000
 2118.4000000 319.95001221  -999.250000
 2118.6000000 320.75000000  -999.250000
 2118.8000000 321.00000000  -999.250000
 2119.0000000 321.23001099  -999.250000
 2119.2000000 321.98001099  -999.250000
 2119.4000000 322.86999512  -999.250000
 2119.6000000 323.75000000  -999.250000
 2119.8000000 324.01998901  -999.250000
 2120.0000000 323.01998901  -999.250000
 2120.2000000 320.79998779  -999.250000
 2120.4000000 318.60000610  -999.250000
 2120.6000000 317.54998779  -999.250000
 2120.8000000 317.04998779  -999.250000
 2121.0000000 316.36999512  -999.250000
 2121.2000000 315.54998779  -999.250000
 2121.4000000 314.60000610  -999.250000
 2121.6000000 314.85000610  -999.250000
 2121.8000000 316.76998901  -999.250000
 2122.0000000 318.57998657  -999.250000
 2122.2000000 318.57000732  -999.250000
 2122.4000000 316.64999390  -999.250000
 2122.6000000 314.25000000  -999.250000
 2122.8000000 312.45001221  -999.250000
 2123.0000000 310.01998901  -999.250000
 2123.2000000 306.89999390  -999.250000
 2123.4000000 306.70001221  -999.250000
 2123.6000000 311.83999634  -999.250000
 2123.8000000 317.26998901  -999.250000
 2124.0000000 316.26998901  -999.250000
 2124.2000000 311.04998779  -999.250000
 2124.4000000 308.42999268  -999.250000
 2124.6000000 310.60000610  -999.250000
 2124.8000000 315.13000488  -999.250000
 2125.0000000 317.27999878  -999.250000
 2125.2000000 316.54998779  -999.250000
 2125.4000000 316.13000488  -999.250000
 2125.6000000 316.20001221  -999.250000
 2125.8000000 315.48001099  -999.250000
 2126.0000000 314.51998901  -999.250000
 2126.2000000 314.70001221  -999.250000
 2126.4000000 315.00000000  -999.250000
 2126.6000000 314.23001099  -999.250000
 2126.8000000 313.75000000  -999.250000
 2127.0000000 314.95001221  -999.250000
 2127.2000000 316.73001099  -999.250000
 2127.4000000 317.70001221  -999.250000
 2127.6000000 318.29998779  -999.250000
 2127.8000000 318.75000000  -999.250000
 2128.0000000 318.77999878  -999.250000
 2128.2000000 318.20001221  -999.250000
 2128.4000000 316.17999268  -999.250000
 2128.6000000 313.63000488  -999.250000
 2128.8000000 311.10000610  -999.250000
 2129.0000000 307.51998901  -999.250000
 2129.2000000 304.26998901  -999.250000
 2129.4000000 303.70001221  -999.250000
 2129.6000000 307.50000000  -999.250000
 2129.8000000 313.63000488  -999.250000
 2130.0000000 316.57998657  -999.250000
 2130.2000000 315.89999390  -999.250000
 2130.4000000 313.61999512  -999.250000
 2130.6000000 311.35000610  -999.250000
 2130.8000000 309.57998657  -999.250000
 2131.0000000 307.45001221  -999.250000
 2131.2000000 304.54998779  -999.250000
 2131.4000000 302.39999390  -999.250000
 2131.6000000 302.60000610  -999.250000
 2131.8000000 304.25000000  -999.250000
 2132.0000000 305.32998657  -999.250000
 2132.2000000 303.36999512  -999.250000
 2132.4000000 295.95001221  -999.250000
 2132.6000000 286.48001099  -999.250000
 2132.8000000 280.10000610  -999.250000
 2133.0000000 280.01998901  -999.250000
 2133.2000000 286.38000488  -999.250000
 2133.4000000 294.45001221  -999.250000
 2133.6000000 298.61999512  -999.250000
 2133.8000000 301.52999878  -999.250000
 2134.0000000 307.10000610  -999.250000
 2134.2000000 315.04998779  -999.250000
 2134.4000000 323.86999512  -999.250000
 2134.6000000 327.97000122  -999.250000
 2134.8000000 328.73001099  -999.250000
 2135.0000000 330.00000000  -999.250000
 2135.2000000 328.75000000  -999.250000
 2135.4000000 323.85000610  -999.250000
 2135.6000000 317.23001099  -999.250000
 2135.8000000 313.79998779  -999.250000
 2136.0000000 315.77999878  -999.250000
 2136.2000000 317.26998901  -999.250000
 2136.4000000 312.89999390  -999.250000
 2136.6000000 304.02999878  -999.250000
 2136.8000000 298.98001099  -999.250000
 2137.0000000 299.32998657  -999.250000
 2137.2000000 300.63000488  -999.250000
 2137.4000000 301.32000732  -999.250000
 2137.6000000 301.89999390  -999.250000
 2137.8000000 300.70001221  -999.250000
 2138.0000000 297.50000000  -999.250000
 2138.2000000 297.27999878  -999.250000
 2138.4000000 302.35000610  -999.250000
 2138.6000000 308.25000000  -999.250000
 2138.8000000 310.92001343  -999.250000
 2139.0000000 311.26998901  -999.250000
 2139.2000000 311.23001099  -999.250000
 2139.4000000 311.32000732  -999.250000
 2139.6000000 311.32998657  -999.250000
 2139.8000000 311.29998779  -999.250000
 2140.0000000 311.42999268  -999.250000
 2140.2000000 311.76998901  -999.250000
 2140.4000000 311.85000610  -999.250000
 2140.6000000 312.14999390  -999.250000
 2140.8000000 313.00000000  -999.250000
 2141.0000000 313.82998657  -999.250000
 2141.2000000 314.07998657  -999.250000
 2141.4000000 315.63000488  -999.250000
 2141.6000000 321.64999390  -999.250000
 2141.8000000 328.86999512  -999.250000
 2142.0000000 328.92001343  -999.250000
 2142.2000000 322.42001343  -999.250000
 2142.4000000 318.17999268  -999.250000
 2142.6000000 318.85000610  -999.250000
 2142.8000000 319.07000732  -999.250000
 2143.0000000 315.11999512  -999.250000
 2143.2000000 309.39999390  -999.250000
 2143.4000000 307.32998657  -999.250000
 2143.6000000 308.97000122  -999.250000
 2143.8000000 311.75000000  -999.250000
 2144.0000000 313.75000000  -999.250000
 2144.2000000 314.89999390  -999.250000
 2144.4000000 315.75000000  -999.250000
 2144.6000000 316.00000000  -999.250000
 2144.8000000 316.13000488  -999.250000
 2145.0000000 316.35000610  -999.250000
 2145.2000000 315.92001343  -999.250000
 2145.4000000 314.79998779  -999.250000
 2145.6000000 314.04998779  -999.250000
 2145.8000000 314.26998901  -999.250000
 2146.0000000 314.64999390  -999.250000
 2146.2000000 314.73001099  -999.250000
 2146.4000000 315.07000732  -999.250000
 2146.6000000 316.60000610  -999.250000
 2146.8000000 319.57998657  -999.250000
 2147.0000000 322.63000488  -999.250000
 2147.2000000 325.42999268  -999.250000
 2147.4000000 329.73001099  -999.250000
 2147.6000000 334.29998779  -999.250000
 2147.8000000 336.04998779  -999.250000
 2148.0000000 335.01998901  -999.250000
 2148.2000000 332.07000732  -999.250000
 2148.4000000 327.92999268  -999.250000
 2148.6000000 330.75000000  -999.250000
 2148.8000000 346.57000732  -999.250000
 2149.0000000 354.17999268  -999.250000
 2149.2000000 336.83999634  -999.250000
 2149.4000000 317.07998657  -999.250000
 2149.6000000 311.42999268  -999.250000
 2149.8000000 312.32998657  -999.250000
 2150.0000000 314.23001099  -999.250000
 2150.2000000 315.75000000  -999.250000
 2150.4000000 318.10000610  -999.250000
 2150.6000000 321.07000732  -999.250000
 2150.8000000 321.11999512  -999.250000
 2151.0000000 317.75000000  -999.250000
 2151.2000000 314.85000610  -999.250000
 2151.4000000 314.85000610  -999.250000
 2151.6000000 316.26998901  -999.250000
 2151.8000000 318.75000000  -999.250000
 2152.0000000 321.38000488  -999.250000
 2152.2000000 321.07000732  -999.250000
 2152.4000000 317.77999878  -999.250000
 2152.6000000 314.95001221  -999.250000
 2152.8000000 313.04998779  -999.250000
 2153.0000000 312.22000122  -999.250000
 2153.2000000 315.13000488  -999.250000
 2153.4000000 322.07000732  -999.250000
 2153.6000000 327.51998901  -999.250000
 2153.8000000 327.95001221  -999.250000
 2154.0000000 324.75000000  -999.250000
 2154.2000000 320.85000610  -999.250000
 2154.4000000 319.25000000  -999.250000
 2154.6000000 321.14999390  -999.250000
 2154.8000000 325.35000610  -999.250000
 2155.0000000 329.14999390  -999.250000
 2155.2000000 330.45001221  -999.250000
 2155.4000000 329.32000732  -999.250000
 2155.6000000 328.38000488  -999.250000
 2155.8000000 329.54998779  -999.250000
 2156.0000000 331.48001099  -999.250000
 2156.2000000 331.61999512  -999.250000
 2156.4000000 329.00000000  -999.250000
 2156.6000000 324.98001099  -999.250000
 2156.8000000 321.79998779  -999.250000
 2157.0000000 320.26998901  -999.250000
 2157.2000000 319.72000122  -999.250000
 2157.4000000 317.76998901  -999.250000
 2157.6000000 313.45001221  -999.250000
 2157.8000000 311.10000610  -999.250000
 2158.0000000 312.88000488  -999.250000
 2158.2000000 316.10000610  -999.250000
 2158.4000000 319.72000122  -999.250000
 2158.6000000 325.26998901  -999.250000
 2158.8000000 331.61999512  -999.250000
 2159.0000000 334.50000000  -999.250000
 2159.2000000 333.25000000  -999.250000
 2159.4000000 330.04998779  -999.250000
 2159.6000000 327.38000488  -999.250000
 2159.8000000 326.45001221  -999.250000
 2160.0000000 326.85000610  -999.250000
 2160.2000000 328.32000732  -999.250000
 2160.4000000 325.61999512  -999.250000
 2160.6000000 321.45001221  -999.250000
 2160.8000000 312.67999268  -999.250000
 2161.0000000 307.07000732  -999.250000
 2161.2000000 312.50000000  -999.250000
 2161.4000000 320.51998901  -999.250000
 2161.6000000 321.00000000  -999.250000
 2161.8000000 321.17001343  -999.250000
 2162.0000000 318.95001221  -999.250000
 2162.2000000 318.38000488  -999.250000
 2162.4000000 319.57998657  -999.250000
 2162.6000000 322.07000732  -999.250000
 2162.8000000 318.42999268  -999.250000
 2163.0000000 318.45001221  -999.250000
 2163.2000000 323.02999878  -999.250000
 2163.4000000 323.89999390  -999.250000
 2163.6000000 312.88000488  -999.250000
 2163.8000000 307.95001221  -999.250000
 2164.0000000 320.57998657  -999.250000
 2164.2000000 332.63000488  -999.250000
 2164.4000000 329.95001221  -999.250000
 2164.6000000 308.25000000  -999.250000
 2164.8000000 276.95001221  -999.250000
 2165.0000000 258.76998901  -999.250000
 2165.2000000 279.14999390  -999.250000
 2165.4000000 327.51998901  -999.250000
 2165.6000000 335.80999756  -999.250000
 2165.8000000 314.63000488  -999.250000
 2166.0000000 316.67999268  -999.250000
 2166.2000000 321.38000488  -999.250000
 2166.4000000 321.04998779  -999.250000
 2166.6000000 314.63000488  -999.250000
 2166.8000000 308.89999390 2.4400000572
 2167.0000000 313.25000000 2.5000000000
 2167.2000000 322.92001343 2.4400000572
 2167.4000000 318.64999390 2.4200000763
 2167.6000000 318.20001221 2.4400000572
 2167.8000000 318.36999512 2.4300000668
 2168.0000000 315.11999512 2.4100000858
 2168.2000000 312.75000000 2.4300000668
 2168.4000000 316.70001221 2.4400000572
 2168.6000000 318.85000610 2.4500000477
 2168.8000000 314.47000122 2.4400000572
 2169.0000000 311.95001221 2.4300000668
 2169.2000000 308.48001099 2.4600000381
 2169.4000000 307.42999268 2.4800000191
 2169.6000000 311.20001221 2.4700000286
 2169.8000000 315.70001221 2.4400000572
 2170.0000000 317.20001221 2.3800001144
 2170.2000000 319.42999268 2.4300000668
 2170.4000000 317.22000122 2.4600000381
 2170.6000000 306.70999146 2.4400000572
 2170.8000000 304.13000488 2.4400000572
 2171.0000000 321.77999878 2.4600000381
 2171.2000000 329.64999390 2.4400000572
 2171.4000000 325.07998657 2.4500000477
 2171.6000000 325.42001343 2.4500000477
 2171.8000000 328.61999512 2.4600000381
 2172.0000000 325.00000000 2.4800000191
 2172.2000000 313.01998901 2.4700000286
 2172.4000000 310.10000610 2.4900000095
 2172.6000000 314.11999512 2.4800000191
 2172.8000000 316.38000488 2.4800000191
 2173.0000000 322.04998779 2.4200000763
 2173.2000000 321.39999390 2.4200000763
 2173.4000000 320.35000610 2.4300000668
 2173.6000000 316.00000000 2.4100000858
 2173.8000000 317.75000000 2.4200000763
 2174.0000000 321.70001221 2.4600000381
 2174.2000000 328.63000488 2.4800000191
 2174.4000000 331.85000610 2.4100000858
 2174.6000000 337.23999023 2.3900001049
 2174.8000000 332.25000000 2.4000000954
 2175.0000000 323.61999512 2.4100000858
 2175.2000000 329.75000000 2.3699998856
 2175.4000000 340.36999512 2.4300000668
 2175.6000000 340.00000000 2.4200000763
 2175.8000000 332.98001099 2.3800001144
 2176.0000000 332.88000488 2.4000000954
 2176.2000000 334.67001343 2.4000000954
 2176.4000000 328.76998901 2.3800001144
 2176.6000000 326.47000122 2.3800001144
 2176.8000000 334.25000000 2.3800001144
 2177.0000000 339.29998779 2.3599998951
 2177.2000000 337.25000000 2.3699998856
 2177.4000000 334.38000488 2.3699998856
 2177.6000000 337.36999512 2.3699998856
 2177.8000000 335.38000488 2.4000000954
 2178.0000000 335.27999878 2.3699998856
 2178.2000000 338.64999390 2.3900001049
 2178.4000000 335.60000610 2.3800001144
 2178.6000000 334.45001221 2.3699998856
 2178.8000000 334.60000610 2.3900001049
 2179.0000000 334.07998657 2.3499999046
 2179.2000000 330.89999390 2.2999999523
 2179.4000000 333.32998657 2.2999999523
 2179.6000000 333.48001099 2.3399999142
 2179.8000000 335.42001343 2.3599998951
 2180.0000000 336.17001343 2.3399999142
 2180.2000000 337.88000488 2.3499999046
 2180.4000000 334.32000732 2.3699998856
 2180.6000000 335.86999512 2.4000000954
 2180.8000000 337.48001099 2.3900001049
 2181.0000000 338.54998779 2.3499999046
 2181.2000000 337.13000488 2.3299999237
 2181.4000000 332.01998901 2.3099999428
 2181.6000000 328.38000488 2.3299999237
 2181.8000000 325.50000000 2.3299999237
 2182.0000000 326.73001099 2.3499999046
 2182.2000000 330.47000122 2.3399999142
 2182.4000000 329.82000732 2.3299999237
 2182.6000000 310.26000977 2.3699998856
 2182.8000000 293.67999268 2.3699998856
 2183.0000000 307.80999756 2.4200000763
 2183.2000000 336.70001221 2.4500000477
 2183.4000000 342.36999512 2.3800001144
 2183.6000000 343.67001343 2.3199999332
 2183.8000000 344.25000000 2.2899999619
 2184.0000000 339.17999268 2.3199999332
 2184.2000000 328.05999756 2.3299999237
 2184.4000000 328.10998535 2.3599998951
 2184.6000000 333.17999268 2.4100000858
 2184.8000000 340.51998901 2.3699998856
 2185.0000000 335.25000000 2.4100000858
 2185.2000000 332.29998779 2.4000000954
 2185.4000000 336.39999390 2.3900001049
 2185.6000000 338.26998901 2.3900001049
 2185.8000000 335.52999878 2.3599998951
 2186.0000000 340.04998779 2.3499999046
 2186.2000000 342.32000732 2.3900001049
 2186.4000000 342.39999390 2.3800001144
 2186.6000000 339.26998901 2.3800001144
 2186.8000000 335.88000488 2.3699998856
 2187.0000000 336.60000610 2.3699998856
 2187.2000000 341.72000122 2.3800001144
 2187.4000000 338.89999390 2.3900001049
 2187.6000000 334.92999268 2.3800001144
 2187.8000000 337.73001099 2.3900001049
 2188.0000000 340.07998657 2.3900001049
 2188.2000000 341.14999390 2.4000000954
 2188.4000000 341.92999268 2.3900001049
 2188.6000000 340.92999268 2.3900001049
 2188.8000000 340.01998901 2.3800001144
 2189.0000000 334.57000732 2.3900001049
 2189.2000000 334.35000610 2.3800001144
 2189.4000000 333.35000610 2.3900001049
 2189.6000000 328.14999390 2.4200000763
 2189.8000000 327.50000000 2.4600000381
 2190.0000000 334.85000610 2.4300000668
 2190.2000000 335.51998901 2.4200000763
 2190.4000000 337.00000000 2.4000000954
 2190.6000000 332.97000122 2.3699998856
 2190.8000000 318.79998779 2.3699998856
 2191.0000000 314.17001343 2.3900001049
 2191.2000000 323.42001343 2.3699998856
 2191.4000000 329.63000488 2.3900001049
 2191.6000000 320.86999512 2.3900001049
 2191.8000000 302.32000732 2.4200000763
 2192.0000000 298.20001221 2.4300000668
 2192.2000000 313.30999756 2.4500000477
 2192.4000000 328.63000488 2.4400000572
 2192.6000000 332.25000000 2.4500000477
 2192.8000000 331.95001221 2.3800001144
 2193.0000000 331.72000122 2.3699998856
 2193.2000000 329.07998657 2.3900001049
 2193.4000000 322.60000610 2.3599998951
 2193.6000000 323.63000488 2.3399999142
 2193.8000000 331.85000610 2.3299999237
 2194.0000000 335.07998657 2.3299999237
 2194.2000000 334.14999390 2.3399999142
 2194.4000000 334.92999268 2.3299999237
 2194.6000000 332.17999268 2.3399999142
 2194.8000000 331.98001099 2.3699998856
 2195.0000000 335.20001221 2.3900001049
 2195.2000000 336.70001221 2.3800001144
 2195.4000000 332.82000732 2.3699998856
 2195.6000000 329.57000732 2.3499999046
 2195.8000000 325.98999023 2.4100000858
 2196.0000000 315.51998901 2.4400000572
 2196.2000000 308.57998657 2.4800000191
 2196.4000000 313.01000977 2.4900000095
 2196.6000000 305.89001465 2.5199999809
 2196.8000000 286.48001099 2.5000000000
 2197.0000000 289.07998657 2.5099999905
 2197.2000000 309.73999023 2.5099999905
 2197.4000000 312.95999146 2.5499999523
 2197.6000000 302.13000488 2.5299999714
 2197.8000000 311.95001221 2.5399999619
 2198.0000000 326.60000610 2.5199999809
 2198.2000000 321.14999390 2.4800000191
 2198.4000000 329.97000122 2.3800001144
 2198.6000000 339.47000122 2.4100000858
 2198.8000000 338.02999878 2.4400000572
 2199.0000000 339.60000610 2.4100000858
 2199.2000000 342.19000244 2.3800001144
 2199.4000000 350.66000366 2.3699998856
 2199.6000000 351.14999390 2.3599998951
 2199.8000000 352.27999878 2.3199999332
 2200.0000000 353.77999878 2.3599998951
 2200.2000000 350.47000122 2.3199999332
 2200.4000000 355.85000610 2.3499999046
 2200.6000000 360.04998779 2.3499999046
 2200.8000000 359.76998901 2.3099999428
 2201.0000000 359.70001221 2.2899999619
 2201.2000000 361.92001343 2.2799999714
 2201.4000000 363.54998779 2.2699999809
 2201.6000000 363.01998901 2.2500000000
 2201.8000000 354.72000122 2.2500000000
 2202.0000000 340.45001221 2.2400000095
 2202.2000000 322.08999634 2.2100000381
 2202.4000000 303.82000732 2.2400000095
 2202.6000000 295.14999390 2.2400000095
 2202.8000000 303.77999878 2.2699999809
 2203.0000000 328.86999512 2.2599999905
 2203.2000000 364.26998901 2.2300000191
 2203.4000000 389.79998779 2.1800000668
 2203.6000000 399.85000610 2.1400001049
 2203.8000000 403.54998779 2.1300001144
 2204.0000000 399.85000610 2.1400001049
 2204.2000000 390.60998535 2.1700000763
 2204.4000000 382.35000610 2.2300000191
 2204.6000000 379.00000000 2.2699999809
 2204.8000000 382.73001099 2.2699999809
 2205.0000000 386.32000732 2.2799999714
 2205.2000000 387.92999268 2.2400000095
 2205.4000000 386.00000000 2.2400000095
 2205.6000000 383.13000488 2.2500000000
 2205.8000000 375.67001343 2.2400000095
 2206.0000000 369.57000732 2.2500000000
 2206.2000000 370.14999390 2.2999999523
 2206.4000000 376.14999390 2.3499999046
 2206.6000000 378.85000610 2.3199999332
 2206.8000000 375.39999390 2.2899999619
 2207.0000000 378.00000000 2.2799999714
 2207.2000000 380.29998779 2.2500000000
 2207.4000000 375.48999023 2.2200000286
 2207.6000000 367.04998779 2.2300000191
 2207.8000000 360.73001099 2.2699999809
 2208.0000000 356.70001221 2.2799999714
 2208.2000000 352.67999268 2.2999999523
 2208.4000000 349.45001221 2.2899999619
 2208.6000000 347.85000610 2.3199999332
 2208.8000000 347.89999390 2.3599998951
 2209.0000000 346.45001221 2.3499999046
 2209.2000000 349.42001343 2.3599998951
 2209.4000000 349.72000122 2.3499999046
 2209.6000000 348.82998657 2.3699998856
 2209.8000000 351.04998779 2.3599998951
 2210.0000000 356.85000610 2.3499999046
 2210.2000000 357.92999268 2.3099999428
 2210.4000000 352.95001221 2.2699999809
 2210.6000000 352.39999390 2.2899999619
 2210.8000000 349.61999512 2.3199999332
 2211.0000000 338.88000488 2.2999999523
 2211.2000000 323.89999390 2.3099999428
 2211.4000000 326.48001099 2.3599998951
 2211.6000000 337.98001099 2.3599998951
 2211.8000000 346.89999390 2.3299999237
 2212.0000000 348.23001099 2.2999999523
 2212.2000000 346.75000000 2.3299999237
 2212.4000000 342.10000610 2.3299999237
 2212.6000000 337.00000000 2.3299999237
 2212.8000000 334.14999390 2.3299999237
 2213.0000000 337.26998901 2.3199999332
 2213.2000000 346.47000122 2.3199999332
 2213.4000000 346.32000732 2.3499999046
 2213.6000000 338.26998901 2.3800001144
 2213.8000000 332.73001099 2.3599998951
 2214.0000000 335.60000610 2.3399999142
 2214.2000000 338.88000488 2.3499999046
 2214.4000000 336.97000122 2.3399999142
 2214.6000000 339.57998657 2.3599998951
 2214.8000000 344.57998657 2.3499999046
 2215.0000000 346.79998779 2.3199999332
 2215.2000000 343.07998657 2.3199999332
 2215.4000000 346.32998657 2.2999999523
 2215.6000000 350.10000610 2.2899999619
 2215.8000000 352.60000610 2.2899999619
 2216.0000000 349.47000122 2.3199999332
 2216.2000000 347.92999268 2.3399999142
 2216.4000000 345.45001221 2.3800001144
 2216.6000000 340.39999390 2.3699998856
 2216.8000000 330.45001221 2.3800001144
 2217.0000000 334.92999268 2.3599998951
 2217.2000000 342.39001465 2.3299999237
 2217.4000000 345.29998779 2.3299999237
 2217.6000000 340.89999390 2.3299999237
 2217.8000000 334.60000610 2.3099999428
 2218.0000000 336.67001343 2.3099999428
 2218.2000000 345.57000732 2.3199999332
 2218.4000000 350.60000610 2.2899999619
 2218.6000000 351.17999268 2.2899999619
 2218.8000000 354.50000000 2.2999999523
 2219.0000000 356.29998779 2.3199999332
 2219.2000000 350.50000000 2.2999999523
 2219.4000000 352.07998657 2.2799999714
 2219.6000000 356.64999390 2.2699999809
 2219.8000000 355.60000610 2.2999999523
 2220.0000000 343.51998901 2.2999999523
 2220.2000000 332.27999878 2.3299999237
 2220.4000000 334.73001099 2.3499999046
 2220.6000000 344.14001465 2.3199999332
 2220.8000000 350.23001099 2.2899999619
 2221.0000000 350.51998901 2.2799999714
 2221.2000000 351.29998779 2.2500000000
 2221.4000000 353.52999878 2.2599999905
 2221.6000000 352.98001099 2.2500000000
 2221.8000000 352.60000610 2.2599999905
 2222.0000000 353.79998779 2.2400000095
 2222.2000000 353.89999390 2.2699999809
 2222.4000000 358.10000610 2.2799999714
 2222.6000000 359.79998779 2.2599999905
 2222.8000000 362.95001221 2.2400000095
 2223.0000000 366.72000122 2.2200000286
 2223.2000000 374.25000000 2.1900000572
 2223.4000000 378.70001221 2.1900000572
 2223.6000000 378.39999390 2.1800000668
 2223.8000000 376.35000610 2.1800000668
 2224.0000000 373.85000610 2.1600000858
 2224.2000000 369.57998657 2.1500000954
 2224.4000000 366.72000122 2.1800000668
 2224.6000000 366.89999390 2.1900000572
 2224.8000000 370.17999268 2.1500000954
 2225.0000000 374.35000610 2.1099998951
 2225.2000000 378.92001343 2.1199998856
 2225.4000000 384.29998779 2.1099998951
 2225.6000000 386.57000732 2.1199998856
 2225.8000000 383.57000732 2.1400001049
 2226.0000000 376.82000732 2.1099998951
 2226.2000000 372.92999268 2.0999999046
 2226.4000000 374.38000488 2.0899999142
 2226.6000000 378.54998779 2.0799999237
 2226.8000000 383.42001343 2.0699999332
 2227.0000000 387.82998657 2.0499999523
 2227.2000000 390.63000488 2.0399999619
 2227.4000000 386.73999023 2.0399999619
 2227.6000000 377.50000000 2.0699999332
 2227.8000000 372.77999878 2.1099998951
 2228.0000000 377.72000122 2.0899999142
 2228.2000000 384.20001221 2.0499999523
 2228.4000000 382.51998901 2.0799999237
 2228.6000000 376.92001343 2.1600000858
 2228.8000000 368.22000122 2.1900000572
 2229.0000000 345.80999756 2.2599999905
 2229.2000000 317.75000000 2.3299999237
 2229.4000000 303.42001343 2.3499999046
 2229.6000000 310.42999268 2.2799999714
 2229.8000000 342.23001099 2.2200000286
 2230.0000000 369.32998657 2.2300000191
 2230.2000000 318.01998901 2.2300000191
 2230.4000000 237.85000610 2.3099999428
 2230.6000000 188.25000000 2.4800000191
 2230.8000000 175.10000610 2.5299999714
 2231.0000000 171.10000610 2.4800000191
 2231.2000000 179.97999573 2.4000000954
 2231.4000000 232.50000000 2.2999999523
 2231.6000000 321.45001221 2.1400001049
 2231.8000000 385.42999268 2.0599999428
 2232.0000000 393.25000000 2.0599999428
 2232.2000000 398.32000732 2.0399999619
 2232.4000000 405.10000610 2.0199999809
 2232.6000000 399.13000488 2.0199999809
 2232.8000000 390.77999878 2.0199999809
 2233.0000000 389.07000732 2.0399999619
 2233.2000000 388.23001099 2.0999999046
 2233.4000000 378.66000366 2.1800000668
 2233.6000000 351.27999878 2.2699999809
 2233.8000000 328.52999878 2.3099999428
 2234.0000000 335.86999512 2.3099999428
 2234.2000000 347.67001343 2.3099999428
 2234.4000000 347.39001465 2.2799999714
 2234.6000000 348.60000610 2.2799999714
 2234.8000000 357.70001221 2.2599999905
 2235.0000000 360.92001343 2.2699999809
 2235.2000000 362.72000122 2.2899999619
 2235.4000000 364.42999268 2.2999999523
 2235.6000000 364.85000610 2.2599999905
 2235.8000000 360.61999512 2.2500000000
 2236.0000000 360.95001221 2.2500000000
 2236.2000000 364.51998901 2.2100000381
 2236.4000000 367.57998657 2.1900000572
 2236.6000000 363.92999268 2.1900000572
 2236.8000000 355.01000977 2.1900000572
 2237.0000000 346.01998901 2.2100000381
 2237.2000000 341.97000122 2.2400000095
 2237.4000000 343.88000488 2.2500000000
 2237.6000000 351.32000732 2.2200000286
 2237.8000000 358.51998901 2.2000000477
 2238.0000000 355.42999268 2.2200000286
 2238.2000000 342.04998779 2.2799999714
 2238.4000000 329.61999512 2.2999999523
 2238.6000000 327.57000732 2.2999999523
 2238.8000000 330.60000610 2.3099999428
 2239.0000000 332.75000000 2.2799999714
 2239.2000000 335.67001343 2.2599999905
 2239.4000000 338.39999390 2.2500000000
 2239.6000000 336.75000000 2.2300000191
 2239.8000000 333.82000732 2.2400000095
 2240.0000000 335.25000000 2.2400000095
 2240.2000000 342.33999634 2.2300000191
 2240.4000000 347.54998779 2.2100000381
 2240.6000000 348.85000610 2.2200000286
 2240.8000000 347.57000732 2.2599999905
 2241.0000000 343.50000000 2.2699999809
 2241.2000000 339.25000000 2.2899999619
 2241.4000000 335.10000610 2.2799999714
 2241.6000000 326.25000000 2.2599999905
 2241.8000000 318.85000610 2.2599999905
 2242.0000000 318.10000610 2.2599999905
 2242.2000000 324.22000122 2.2300000191
 2242.4000000 332.17999268 2.1900000572
 2242.6000000 341.20001221 2.1800000668
 2242.8000000 347.39999390 2.1700000763
 2243.0000000 348.57998657 2.1800000668
 2243.2000000 344.16000366 2.2500000000
 2243.4000000 329.19000244 2.2899999619
 2243.6000000 313.89001465 2.3199999332
 2243.8000000 263.70001221 2.3900001049
 2244.0000000 200.38999939 2.4200000763
 2244.2000000 211.11000061 2.3399999142
 2244.4000000 301.73001099 2.2300000191
 2244.6000000 367.02999878 2.1600000858
 2244.8000000 376.13000488 2.1600000858
 2245.0000000 380.39999390 2.1600000858
 2245.2000000 378.91000366 2.1600000858
 2245.4000000 371.29998779 2.1400001049
 2245.6000000 358.08999634 2.1800000668
 2245.8000000 358.42999268 2.1800000668
 2246.0000000 367.42999268 2.1600000858
 2246.2000000 368.57998657 2.1600000858
 2246.4000000 366.42001343 2.1600000858
 2246.6000000 365.61999512 2.1400001049
 2246.8000000 367.61999512 2.1400001049
 2247.0000000 371.07998657 2.1600000858
 2247.2000000 375.75000000 2.1600000858
 2247.4000000 380.57998657 2.1600000858
 2247.6000000 378.92999268 2.1500000954
 2247.8000000 363.70999146 2.1500000954
 2248.0000000 338.95999146 2.1199998856
 2248.2000000 320.50000000 2.1099998951
 2248.4000000 321.10998535 2.1500000954
 2248.6000000 328.39999390 2.1800000668
 2248.8000000 323.86999512 2.1700000763
 2249.0000000 312.25000000 2.1600000858
 2249.2000000 312.26000977 2.1700000763
 2249.4000000 331.27999878 2.1900000572
 2249.6000000 348.48001099 2.1600000858
 2249.8000000 358.95001221 2.1099998951
 2250.0000000 366.63000488 2.0899999142
 2250.2000000 372.45001221 2.0799999237
 2250.4000000 377.04998779 2.0599999428
 2250.6000000 379.14999390 2.0799999237
 2250.8000000 376.35000610 2.0799999237
 2251.0000000 372.82000732 2.0699999332
 2251.2000000 369.48001099 2.0799999237
 2251.4000000 363.95001221 2.0699999332
 2251.6000000 361.97000122 2.0599999428
 2251.8000000 360.45001221 2.0599999428
 2252.0000000 352.70001221 2.0799999237
 2252.2000000 334.73999023 2.1300001144
 2252.4000000 314.07000732 2.1700000763
 2252.6000000 277.23999023 2.2300000191
 2252.8000000 242.19000244 2.3499999046
 2253.0000000 222.69999695 2.3800001144
 2253.2000000 226.11999512 2.3399999142
 2253.4000000 243.05000305 2.2799999714
 2253.6000000 288.54000854 2.2000000477
 2253.8000000 340.60998535 2.1500000954
 2254.0000000 354.98001099 2.1300001144
 2254.2000000 339.20001221 2.1400001049
 2254.4000000 325.11999512 2.1900000572
 2254.6000000 335.66000366 2.1700000763
 2254.8000000 355.60998535 2.1600000858
 2255.0000000 372.27999878 2.1600000858
 2255.2000000 377.25000000 2.1400001049
 2255.4000000 373.32000732 2.1400001049
 2255.6000000 371.01998901 2.1400001049
 2255.8000000 369.97000122 2.1300001144
 2256.0000000 370.64999390 2.0999999046
 2256.2000000 371.79998779 2.1099998951
 2256.4000000 371.82000732 2.1400001049
 2256.6000000 369.57000732 2.1300001144
 2256.8000000 366.04998779 2.1400001049
 2257.0000000 360.14999390 2.1700000763
 2257.2000000 351.57998657 2.1800000668
 2257.4000000 344.32000732 2.1700000763
 2257.6000000 338.54998779 2.1900000572
 2257.8000000 318.58999634 2.2200000286
 2258.0000000 290.26998901 2.2699999809
 2258.2000000 281.39001465 2.2899999619
 2258.4000000 291.20001221 2.2899999619
 2258.6000000 303.13000488 2.2899999619
 2258.8000000 305.39999390 2.2799999714
 2259.0000000 309.97000122 2.2699999809
 2259.2000000 318.64001465 2.2500000000
 2259.4000000 322.01998901 2.2400000095
 2259.6000000 316.75000000 2.2200000286
 2259.8000000 314.57998657 2.2400000095
 2260.0000000 321.67001343 2.2500000000
 2260.2000000 332.19000244 2.2300000191
 2260.4000000 337.48001099 2.2500000000
 2260.6000000 337.79998779 2.2400000095
 2260.8000000 335.00000000 2.2200000286
 2261.0000000 332.54998779 2.2200000286
 2261.2000000 333.39999390 2.2500000000
 2261.4000000 333.89999390 2.2500000000
 2261.6000000 335.92001343 2.1900000572
 2261.8000000 338.35000610 2.1800000668
 2262.0000000 336.82000732 2.1800000668
 2262.2000000 336.75000000 2.2000000477
 2262.4000000 337.89999390 2.2100000381
 2262.6000000 337.29998779 2.2500000000
 2262.8000000 331.27999878 2.2500000000
 2263.0000000 321.00000000 2.2699999809
 2263.2000000 319.75000000 2.2799999714
 2263.4000000 323.38000488 2.2699999809
 2263.6000000 323.79998779 2.2300000191
 2263.8000000 322.61999512 2.2400000095
 2264.0000000 324.72000122 2.2699999809
 2264.2000000 326.77999878 2.2400000095
 2264.4000000 320.10998535 2.2400000095
 2264.6000000 306.54998779 2.2799999714
 2264.8000000 294.76998901 2.2899999619
 2265.0000000 298.75000000 2.2899999619
 2265.2000000 311.45001221 2.2999999523
 2265.4000000 316.27999878 2.2899999619
 2265.6000000 312.02999878 2.3099999428
 2265.8000000 288.95999146 2.3399999142
 2266.0000000 265.51998901 2.4100000858
 2266.2000000 260.23999023 2.4500000477
 2266.4000000 273.44000244 2.4100000858
 2266.6000000 290.83999634 2.3599998951
 2266.8000000 300.20001221 2.3499999046
 2267.0000000 309.16000366 2.3399999142
 2267.2000000 317.35000610 2.3199999332
 2267.4000000 317.25000000 2.3399999142
 2267.6000000 308.27999878 2.3699998856
 2267.8000000 300.70001221 2.3699998856
 2268.0000000 294.50000000 2.3499999046
 2268.2000000 289.25000000 2.3399999142
 2268.4000000 292.30999756 2.3599998951
 2268.6000000 303.07000732 2.3199999332
 2268.8000000 310.20001221 2.2899999619
 2269.0000000 311.29998779 2.2899999619
 2269.2000000 319.07998657 2.2799999714
 2269.4000000 331.10998535 2.2999999523
 2269.6000000 330.50000000 2.2899999619
 2269.8000000 321.72000122 2.3099999428
 2270.0000000 327.32998657 2.3099999428
 2270.2000000 338.01998901 2.3399999142
 2270.4000000 341.38000488 2.3299999237
 2270.6000000 329.41000366 2.3399999142
 2270.8000000 320.97000122 2.3299999237
 2271.0000000 316.25000000 2.3299999237
 2271.2000000 316.42999268 2.3499999046
 2271.4000000 319.01998901 2.3599998951
 2271.6000000 334.48999023 2.3199999332
 2271.8000000 340.63000488 2.3199999332
 2272.0000000 305.75000000 2.3099999428
 2272.2000000 251.24000549 2.3499999046
 2272.4000000 256.66000366 2.3599998951
 2272.6000000 292.42001343 2.2300000191
 2272.8000000 308.07998657 2.1099998951
 2273.0000000 308.17001343 2.0799999237
 2273.2000000 317.88000488 2.0599999428
 2273.4000000 320.75000000 2.0799999237
 2273.6000000 325.95001221 2.0799999237
 2273.8000000 330.10000610 2.0999999046
 2274.0000000 326.64001465 2.0999999046
 2274.2000000 293.70999146 2.1500000954
 2274.4000000 266.50000000 2.2000000477
 2274.6000000 284.75000000 2.0399999619
 2274.8000000 336.54000854 1.9700000286
 2275.0000000 353.02999878 1.9500000477
 2275.2000000 353.64001465 1.9500000477
 2275.4000000 366.39001465 1.9199999571
 2275.6000000 339.98001099 1.9500000477
 2275.8000000 282.00000000 2.1199998856
 2276.0000000 289.10998535 2.3299999237
 2276.2000000 296.36999512 2.2400000095
 2276.4000000 245.66000366 2.1700000763
 2276.6000000 217.02000427 2.1099998951
 2276.8000000 239.94000244 1.9600000381
 2277.0000000 324.61999512 1.8400000334
 2277.2000000 369.19000244 1.7699999809
 2277.4000000 374.50000000 1.8500000238
 2277.6000000 314.61999512 1.9900000095
 2277.8000000 235.24000549 2.0499999523
 2278.0000000 280.01998901 1.9099999666
 2278.2000000 344.60998535 1.8600000143
 2278.4000000 377.35998535 1.8500000238
 2278.6000000 376.64999390 1.8200000525
 2278.8000000 352.97000122 1.8400000334
 2279.0000000 341.01998901 1.8200000525
 2279.2000000 319.82000732 1.8400000334
 2279.4000000 310.54998779 1.9299999475
 2279.6000000 310.58999634 2.0499999523
 2279.8000000 323.02999878 2.0999999046
 2280.0000000 320.89999390 2.1800000668
 2280.2000000 322.32998657 2.2200000286
 2280.4000000 336.10998535 2.2000000477
 2280.6000000 336.00000000 2.1800000668
 2280.8000000 325.69000244 2.2599999905
 2281.0000000 318.17001343 2.3800001144
 2281.2000000 319.02999878 2.4100000858
 2281.4000000 316.48001099 2.4100000858
 2281.6000000 304.08999634 2.4400000572
 2281.8000000 308.52999878 2.4200000763
 2282.0000000 305.10000610 2.4600000381
 2282.2000000 263.69000244 2.5599999428
 2282.4000000 236.60000610 2.7400000095
 2282.6000000 261.10998535 2.6800000668
 2282.8000000 293.75000000 2.5899999142
 2283.0000000 281.69000244 2.6099998951
 2283.2000000 261.60998535 2.6900000572
 2283.4000000 242.03999329 2.6900000572
 2283.6000000 230.27000427 2.6700000763
 2283.8000000 229.47000122 2.6099998951
 2284.0000000 234.72999573 2.5399999619
 2284.2000000 257.54000854 2.4700000286
 2284.4000000 274.23999023 2.5000000000
 2284.6000000 274.92999268 2.5199999809
 2284.8000000 269.01998901 2.4800000191
 2285.0000000 265.76998901 2.4400000572
 2285.2000000 263.58999634 2.4300000668
 2285.4000000 252.32000732 2.4500000477
 2285.6000000 246.27000427 2.4800000191
 2285.8000000 251.58000183 2.4700000286
 2286.0000000 259.73001099 2.4600000381
 2286.2000000 267.32998657 2.4700000286
 2286.4000000 268.13000488 2.4800000191
 2286.6000000 263.02999878 2.5000000000
 2286.8000000 253.75000000 2.5000000000
 2287.0000000 247.00000000 2.4900000095
 2287.2000000 246.94000244 2.4900000095
 2287.4000000 252.80999756 2.4700000286
 2287.6000000 256.00000000 2.4500000477
 2287.8000000 258.51998901 2.4500000477
 2288.0000000 263.29998779 2.4700000286
 2288.2000000 265.63000488 2.4200000763
 2288.4000000 265.79998779 2.3800001144
 2288.6000000 264.73001099 2.3900001049
 2288.8000000 264.39999390 2.4200000763
 2289.0000000 265.73001099 2.4200000763
 2289.2000000 265.52999878 2.4400000572
 2289.4000000 265.79998779 2.4500000477
 2289.6000000 266.32998657 2.4600000381
 2289.8000000 265.82000732 2.4700000286
 2290.0000000 266.01998901 2.4600000381
 2290.2000000 267.32000732 2.4200000763
 2290.4000000 268.17999268 2.4400000572
 2290.6000000 267.27999878 2.4800000191
 2290.8000000 264.79998779 2.4800000191
 2291.0000000 263.60000610 2.4500000477
 2291.2000000 263.32000732 2.4200000763
 2291.4000000 274.07998657 2.4000000954
 2291.6000000 293.01998901 2.3299999237
 2291.8000000 296.29000854 2.3099999428
 2292.0000000 277.91000366 2.3800001144
 2292.2000000 265.11999512 2.4100000858
 2292.4000000 263.85000610 2.4100000858
 2292.6000000 262.02999878 2.4200000763
 2292.8000000 260.57000732 2.4200000763
 2293.0000000 260.13000488 2.4400000572
 2293.2000000 260.92001343 2.4300000668
 2293.4000000 263.70001221 2.4600000381
 2293.6000000 264.67001343 2.4500000477
 2293.8000000 266.04998779 2.4600000381
 2294.0000000 263.86999512 2.4500000477
 2294.2000000 264.36999512 2.4500000477
 2294.4000000 265.32998657 2.4700000286
 2294.6000000 264.50000000 2.4600000381
 2294.8000000 263.29998779 2.4300000668
 2295.0000000 259.23999023 2.3800001144
 2295.2000000 271.01000977 2.3299999237
 2295.4000000 299.26998901 2.2799999714
 2295.6000000 305.27999878 2.2999999523
 2295.8000000 277.10998535 2.4100000858
 2296.0000000 258.01000977 2.4700000286
 2296.2000000 260.07000732 2.4600000381
 2296.4000000 265.51000977 2.4900000095
 2296.6000000 269.67999268 2.4700000286
 2296.8000000 270.60000610 2.4500000477
 2297.0000000 268.50000000 2.4100000858
 2297.2000000 267.54998779 2.4100000858
 2297.4000000 267.64999390 2.4200000763
 2297.6000000 272.67999268 2.4400000572
 2297.8000000 279.63000488 2.4300000668
 2298.0000000 282.73001099 2.4000000954
 2298.2000000 279.85000610 2.4200000763
 2298.4000000 276.61999512 2.4100000858
 2298.6000000 276.39999390 2.4000000954
 2298.8000000 272.07998657 2.4100000858
 2299.0000000 265.17999268 2.3900001049
 2299.2000000 261.72000122 2.3900001049
 2299.4000000 260.86999512 2.4000000954
 2299.6000000 259.36999512 2.4000000954
 2299.8000000 259.50000000 2.4100000858
 2300.0000000 259.57000732 2.3699998856
 2300.2000000 260.04998779 2.3599998951
 2300.4000000 259.64999390 2.3900001049
 2300.6000000 260.60000610 2.3699998856
 2300.8000000 261.60000610 2.3699998856
 2301.0000000 261.32998657 2.3800001144
 2301.2000000 260.76998901 2.4000000954
 2301.4000000 260.60000610 2.4000000954
 2301.6000000 257.70001221 2.4400000572
 2301.8000000 253.30000305 2.4900000095
 2302.0000000 251.07000732 2.4700000286
 2302.2000000 253.85000610 2.4800000191
 2302.4000000 255.22000122 2.4700000286
 2302.6000000 256.35000610 2.4500000477
 2302.8000000 257.79998779 2.4500000477
 2303.0000000 258.54998779 2.4600000381
 2303.2000000 258.36999512 2.4700000286
 2303.4000000 258.77999878 2.4600000381
 2303.6000000 258.67999268 2.4800000191
 2303.8000000 255.39999390 2.4600000381
 2304.0000000 249.91999817 2.4800000191
 2304.2000000 250.32000732 2.4600000381
 2304.4000000 256.30999756 2.4800000191
 2304.6000000 260.35000610 2.4900000095
 2304.8000000 258.70001221 2.4800000191
 2305.0000000 258.04998779 2.4400000572
 2305.2000000 259.85000610 2.4500000477
 2305.4000000 261.45001221 2.4400000572
 2305.6000000 261.14999390 2.4200000763
 2305.8000000 258.75000000 2.4400000572
 2306.0000000 260.10000610 2.4600000381
 2306.2000000 261.38000488 2.5099999905
 2306.4000000 261.89999390 2.4900000095
 2306.6000000 262.70001221 2.4700000286
 2306.8000000 262.85000610 2.4500000477
 2307.0000000 260.50000000 2.4600000381
 2307.2000000 259.13000488 2.4700000286
 2307.4000000 258.51998901 2.4600000381
 2307.6000000 258.51998901 2.4500000477
 2307.8000000 258.95001221 2.4000000954
 2308.0000000 259.88000488 2.3699998856
 2308.2000000 260.82000732 2.3499999046
 2308.4000000 262.47000122 2.3800001144
 2308.6000000 264.04998779 2.3699998856
 2308.8000000 264.92001343 2.3800001144
 2309.0000000 265.20001221 2.3800001144
 2309.2000000 264.01998901 2.3900001049
 2309.4000000 263.14999390 2.4300000668
 2309.6000000 263.35000610 2.4300000668
 2309.8000000 261.57000732 2.4300000668
 2310.0000000 261.60000610 2.4300000668
 2310.2000000 262.20001221 2.4100000858
 2310.4000000 261.89999390 2.4300000668
 2310.6000000 260.92001343 2.4200000763
 2310.8000000 261.26998901 2.4100000858
 2311.0000000 263.47000122 2.3800001144
 2311.2000000 264.79998779 2.4200000763
 2311.4000000 264.88000488 2.4500000477
 2311.6000000 263.26998901 2.4500000477
 2311.8000000 263.22000122 2.4600000381
 2312.0000000 265.07998657 2.4300000668
 2312.2000000 267.26998901 2.4200000763
 2312.4000000 269.77999878 2.3900001049
 2312.6000000 272.51998901 2.3499999046
 2312.8000000 275.17001343 2.3499999046
 2313.0000000 275.02999878 2.3599998951
 2313.2000000 271.35000610 2.3299999237
 2313.4000000 269.29998779 2.3399999142
 2313.6000000 271.20999146 2.3800001144
 2313.8000000 278.83999634 2.3599998951
 2314.0000000 283.35998535 2.3499999046
 2314.2000000 282.02999878 2.3199999332
 2314.4000000 276.22000122 2.3399999142
 2314.6000000 270.60998535 2.3699998856
 2314.8000000 272.26998901 2.3699998856
 2315.0000000 276.82000732 2.3399999142
 2315.2000000 282.07000732 2.3499999046
 2315.4000000 284.67999268 2.3599998951
 2315.6000000 282.10000610 2.3800001144
 2315.8000000 281.51998901 2.4100000858
 2316.0000000 285.39999390 2.3800001144
 2316.2000000 290.02999878 2.3599998951
 2316.4000000 290.63000488 2.3499999046
 2316.6000000 285.07998657 2.3800001144
 2316.8000000 278.17999268 2.4200000763
 2317.0000000 273.73999023 2.4300000668
 2317.2000000 272.02999878 2.4100000858
 2317.4000000 270.20001221 2.3699998856
 2317.6000000 268.60000610 2.3699998856
 2317.8000000 268.85000610 2.3599998951
 2318.0000000 271.36999512 2.4000000954
 2318.2000000 272.35000610 2.4400000572
 2318.4000000 271.25000000 2.4700000286
 2318.6000000 271.17001343 2.4900000095
 2318.8000000 271.64999390 2.4900000095
 2319.0000000 273.82998657 2.5000000000
 2319.2000000 275.89999390 2.5099999905
 2319.4000000 276.29998779 2.4900000095
 2319.6000000 277.39999390 2.4900000095
 2319.8000000 278.95001221 2.4600000381
 2320.0000000 279.72000122 2.4400000572
 2320.2000000 280.45001221 2.4100000858
 2320.4000000 280.20001221 2.3900001049
 2320.6000000 279.23001099 2.4200000763
 2320.8000000 278.01998901 2.4300000668
 2321.0000000 278.92001343 2.4400000572
 2321.2000000 280.57998657 2.4000000954
 2321.4000000 280.27999878 2.3499999046
 2321.6000000 278.82000732 2.3399999142
 2321.8000000 279.58999634 2.3299999237
 2322.0000000 284.75000000 2.2999999523
 2322.2000000 288.70999146 2.2599999905
 2322.4000000 303.25000000 2.1900000572
 2322.6000000 325.83999634 2.1700000763
 2322.8000000 337.57000732 2.1199998856
 2323.0000000 317.51998901 2.1500000954
 2323.2000000 290.29998779 2.2400000095
 2323.4000000 277.48999023 2.3299999237
 2323.6000000 273.00000000 2.3399999142
 2323.8000000 268.54000854 2.3399999142
 2324.0000000 264.52999878 2.3699998856
 2324.2000000 262.69000244 2.3800001144
 2324.4000000 264.22000122 2.3699998856
 2324.6000000 258.42999268 2.3800001144
 2324.8000000 256.92999268 2.3900001049
 2325.0000000 256.75000000 2.4100000858
 2325.2000000 257.00000000 2.4300000668
 2325.4000000 256.25000000 2.4400000572
 2325.6000000 255.07000732 2.4400000572
 2325.8000000 253.47999573 2.4300000668
 2326.0000000 251.35000610 2.4400000572
 2326.2000000 251.33000183 2.4300000668
 2326.4000000 251.10000610 2.3900001049
 2326.6000000 251.00000000 2.4100000858
 2326.8000000 252.07000732 2.4100000858
 2327.0000000 254.02999878 2.4300000668
 2327.2000000 254.13000488 2.4400000572
 2327.4000000 252.94000244 2.4100000858
 2327.6000000 254.44999695 2.4000000954
 2327.8000000 254.32000732 2.4000000954
 2328.0000000 256.10000610 2.4100000858
 2328.2000000 256.41000366 2.4500000477
 2328.4000000 250.58000183 2.5099999905
 2328.6000000 242.97000122 2.5899999142
 2328.8000000 236.50000000 2.6199998856
 2329.0000000 234.88000488 2.5499999523
 2329.2000000 244.36999512 2.4100000858
 2329.4000000 268.02999878 2.2999999523
 2329.6000000 290.86999512 2.2500000000
 2329.8000000 284.76998901 2.3299999237
 2330.0000000 262.61999512 2.4100000858
 2330.2000000 256.22000122 2.4400000572
 2330.4000000 255.33000183 2.4500000477
 2330.6000000 251.74000549 2.4800000191
 2330.8000000 251.85000610 2.4600000381
 2331.0000000 252.38999939 2.4500000477
 2331.2000000 256.25000000 2.4300000668
 2331.4000000 261.32998657 2.3800001144
 2331.6000000 262.26000977 2.4000000954
 2331.8000000 257.60000610 2.4500000477
 2332.0000000 254.24000549 2.4900000095
 2332.2000000 254.22999573 2.5099999905
 2332.4000000 253.35000610 2.5099999905
 2332.6000000 250.97000122 2.4800000191
 2332.8000000 250.94000244 2.4300000668
 2333.0000000 259.30999756 2.4100000858
 2333.2000000 270.58999634 2.3900001049
 2333.4000000 270.50000000 2.4000000954
 2333.6000000 266.07000732 2.4100000858
 2333.8000000 277.54998779 2.4000000954
 2334.0000000 287.20001221 2.3399999142
 2334.2000000 282.75000000 2.3900001049
 2334.4000000 282.01998901 2.3699998856
 2334.6000000 281.89999390 2.4500000477
 2334.8000000 265.75000000 2.4700000286
 2335.0000000 257.58999634 2.4400000572
 2335.2000000 257.91000366 2.4300000668
 2335.4000000 254.91999817 2.4100000858
 2335.6000000 252.85000610 2.4200000763
 2335.8000000 253.22000122 2.4100000858
 2336.0000000 256.23999023 2.4200000763
 2336.2000000 260.54000854 2.4100000858
 2336.4000000 261.29000854 2.4000000954
 2336.6000000 262.61999512 2.4000000954
 2336.8000000 265.02999878 2.3900001049
 2337.0000000 269.23001099 2.3499999046
 2337.2000000 281.39999390 2.2999999523
 2337.4000000 298.88000488 2.2500000000
 2337.6000000 297.79998779 2.2799999714
 2337.8000000 275.79998779 2.3699998856
 2338.0000000 257.57000732 2.3800001144
 2338.2000000 256.89999390 2.3399999142
 2338.4000000 280.70001221 2.3299999237
 2338.6000000 301.26998901 2.2500000000
 2338.8000000 285.98001099 2.2300000191
 2339.0000000 271.70001221 2.2799999714
 2339.2000000 275.70999146 2.2899999619
 2339.4000000 294.36999512 2.2999999523
 2339.6000000 317.47000122 2.2999999523
 2339.8000000 336.98999023 2.2699999809
 2340.0000000 327.69000244 2.2699999809
 2340.2000000 291.17999268 2.2500000000
 2340.4000000 263.25000000 2.3499999046
 2340.6000000 255.83999634 2.3900001049
 2340.8000000 259.45001221 2.3699998856
 2341.0000000 276.89001465 2.3199999332
 2341.2000000 317.35000610 2.2000000477
 2341.4000000 349.13000488 2.0899999142
 2341.6000000 347.32998657 2.2200000286
 2341.8000000 311.29998779 2.4400000572
 2342.0000000 271.85000610 2.4300000668
 2342.2000000 272.82000732 2.4500000477
 2342.4000000 272.70001221 2.4600000381
 2342.6000000 259.07998657 2.4800000191
 2342.8000000 253.75999451 2.4800000191
 2343.0000000 261.97000122 2.4600000381
 2343.2000000 269.63000488 2.4500000477
 2343.4000000 262.67999268 2.4400000572
 2343.6000000 257.67001343 2.4400000572
 2343.8000000 257.85000610 2.4500000477
 2344.0000000 257.98001099 2.4600000381
 2344.2000000 255.72000122 2.4600000381
 2344.4000000 255.47000122 2.4100000858
 2344.6000000 255.36999512 2.4100000858
 2344.8000000 255.50000000 2.4100000858
 2345.0000000 256.61999512 2.3599998951
 2345.2000000 257.64999390 2.3199999332
 2345.4000000 257.14999390 2.2999999523
 2345.6000000 254.80000305 2.2599999905
 2345.8000000 254.16999817 2.1600000858
 2346.0000000 284.85998535 2.0599999428
 2346.2000000 342.98999023 1.9700000286
 2346.4000000 359.07000732 1.9199999571
 2346.6000000 315.82998657 2.0199999809
 2346.8000000 281.14001465 2.1600000858
 2347.0000000 285.73999023 2.1700000763
 2347.2000000 298.17999268 2.0699999332
 2347.4000000 340.23001099 1.8799999952
 2347.6000000 393.79998779 1.7100000381
 2347.8000000 413.75000000 1.5299999714
 2348.0000000 384.17001343 1.3999999762
 2348.2000000 326.58999634 1.4800000191
 2348.4000000 281.98999023 1.8400000334
 2348.6000000 264.45001221 2.3399999142
 2348.8000000 262.04998779 2.4200000763
 2349.0000000 263.89999390 2.4300000668
 2349.2000000 268.39999390 2.4100000858
 2349.4000000 271.64001465 2.3800001144
 2349.6000000 274.92999268 2.3800001144
 2349.8000000 264.35000610 2.4100000858
 2350.0000000 251.67999268 2.4300000668
 2350.2000000 249.13999939 2.4700000286
 2350.4000000 254.47000122 2.4700000286
 2350.6000000 262.94000244 2.4700000286
 2350.8000000 265.05999756 2.4400000572
 2351.0000000 257.32000732 2.4500000477
 2351.2000000 250.41000366 2.4500000477
 2351.4000000 253.00000000 2.4600000381
 2351.6000000 258.23001099 2.4500000477
 2351.8000000 261.91000366 2.4400000572
 2352.0000000 260.57998657 2.4200000763
 2352.2000000 257.54998779 2.4500000477
 2352.4000000 255.35000610 2.4200000763
 2352.6000000 256.41000366 2.4200000763
 2352.8000000 262.54000854 2.4500000477
 2353.0000000 262.19000244 2.4500000477
 2353.2000000 252.97000122 2.4500000477
 2353.4000000 247.57000732 2.4800000191
 2353.6000000 250.89999390 2.5000000000
 2353.8000000 256.20999146 2.5099999905
 2354.0000000 256.79000854 2.4400000572
 2354.2000000 258.82998657 2.4200000763
 2354.4000000 258.48001099 2.4100000858
 2354.6000000 256.01998901 2.4100000858
 2354.8000000 254.16999817 2.4400000572
 2355.0000000 254.17999268 2.4500000477
 2355.2000000 254.77000427 2.4200000763
 2355.4000000 254.42999268 2.3900001049
 2355.6000000 253.85000610 2.4000000954
 2355.8000000 254.60000610 2.4200000763
 2356.0000000 256.07998657 2.4300000668
 2356.2000000 256.73001099 2.3900001049
 2356.4000000 256.35998535 2.3299999237
 2356.6000000 254.63999939 2.2500000000
 2356.8000000 253.19999695 2.2100000381
 2357.0000000 260.36999512 2.1199998856
 2357.2000000 308.32998657 1.9500000477
 2357.4000000 374.82998657 1.7699999809
 2357.6000000 399.61465454 1.5800000429
 2357.8000000 365.98001099 1.4900000095
 2358.0000000 310.76000977 1.6299999952
 2358.2000000 270.39999390 2.1199998856
 2358.4000000 257.75000000 2.4100000858
 2358.6000000 253.10000610 2.4600000381
 2358.8000000 248.75000000 2.4400000572
 2359.0000000 244.72000122 2.4300000668
 2359.2000000 243.94000244 2.4500000477
 2359.4000000 246.05999756 2.4300000668
 2359.6000000 246.57000732 2.4200000763
 2359.8000000 248.58000183 2.4800000191
 2360.0000000 250.47999573 2.4800000191
 2360.2000000 251.41999817 2.4400000572
 2360.4000000 253.80999756 2.4300000668
 2360.6000000 254.39999390 2.4200000763
 2360.8000000 250.72000122 2.4200000763
 2361.0000000 235.47000122 2.4600000381
 2361.2000000 218.14999390 2.4800000191
 2361.4000000 217.05000305 2.4900000095
 2361.6000000 234.36999512 2.4500000477
 2361.8000000 252.05999756 2.3900001049
 2362.0000000 254.77000427 2.3499999046
 2362.2000000 250.80999756 2.3800001144
 2362.4000000 252.64999390 2.3800001144
 2362.6000000 255.60000610 2.3800001144
 2362.8000000 257.63000488 2.4000000954
 2363.0000000 258.10998535 2.4000000954
 2363.2000000 262.04998779 2.4300000668
 2363.4000000 268.32000732 2.4200000763
 2363.6000000 276.55999756 2.4400000572
 2363.8000000 267.17001343 2.4200000763
 2364.0000000 243.10000610 2.4000000954
 2364.2000000 235.19999695 2.4400000572
 2364.4000000 247.72999573 2.4300000668
 2364.6000000 256.48999023 2.4200000763
 2364.8000000 257.42999268 2.4100000858
 2365.0000000 255.63000488 2.3900001049
 2365.2000000 252.82000732 2.4000000954
 2365.4000000 252.36999512 2.4200000763
 2365.6000000 255.03999329 2.4300000668
 2365.8000000 260.29998779 2.3599998951
 2366.0000000 259.48999023 2.2799999714
 2366.2000000 275.26998901 2.2599999905
 2366.4000000 312.95999146 2.2000000477
 2366.6000000 329.10000610 2.1099998951
 2366.8000000 311.44000244 2.0999999046
 2367.0000000 288.14999390 2.2899999619
 2367.2000000 273.76998901 2.3399999142
 2367.4000000 259.70001221 2.3699998856
 2367.6000000 253.00000000 2.3900001049
 2367.8000000 256.67001343 2.3800001144
 2368.0000000 256.54000854 2.4100000858
 2368.2000000 258.94000244 2.4000000954
 2368.4000000 263.92001343 2.4000000954
 2368.6000000 264.67001343 2.3800001144
 2368.8000000 262.63000488 2.3699998856
 2369.0000000 260.76998901 2.4300000668
 2369.2000000 260.95001221 2.4600000381
 2369.4000000 261.07000732 2.4600000381
 2369.6000000 263.14001465 2.4600000381
 2369.8000000 261.04998779 2.4600000381
 2370.0000000 254.55000305 2.4500000477
 2370.2000000 250.22000122 2.4900000095
 2370.4000000 254.66999817 2.4900000095
 2370.6000000 254.44999695 2.4300000668
 2370.8000000 253.38999939 2.4200000763
 2371.0000000 257.73001099 2.4200000763
 2371.2000000 260.04998779 2.4700000286
 2371.4000000 255.85000610 2.4600000381
 2371.6000000 250.80999756 2.4500000477
 2371.8000000 251.30000305 2.4500000477
 2372.0000000 252.63000488 2.4500000477
 2372.2000000 250.60000610 2.4300000668
 2372.4000000 247.57000732 2.4100000858
 2372.6000000 246.77000427 2.4300000668
 2372.8000000 248.19999695 2.4300000668
 2373.0000000 250.16000366 2.4200000763
 2373.2000000 250.10000610 2.4700000286
 2373.4000000 249.13999939 2.5099999905
 2373.6000000 251.86999512 2.5299999714
 2373.8000000 258.25000000 2.5399999619
 2374.0000000 263.35000610 2.5399999619
 2374.2000000 257.35998535 2.5599999428
 2374.4000000 240.74000549 2.5699999332
 2374.6000000 229.30999756 2.5499999523
 2374.8000000 241.77000427 2.5000000000
 2375.0000000 279.82998657 2.4000000954
 2375.2000000 301.83999634 2.2999999523
 2375.4000000 299.85000610 2.2300000191
 2375.6000000 278.44000244 2.2899999619
 2375.8000000 266.57998657 2.3599998951
 2376.0000000 256.32000732 2.4000000954
 2376.2000000 255.13999939 2.3699998856
 2376.4000000 258.88000488 2.3199999332
 2376.6000000 261.97000122 2.3299999237
 2376.8000000 274.29998779 2.3099999428
 2377.0000000 304.08999634 2.2200000286
 2377.2000000 322.64999390 2.1500000954
 2377.4000000 315.48001099 2.1800000668
 2377.6000000 286.01998901 2.2899999619
 2377.8000000 267.60000610 2.3599998951
 2378.0000000 261.66000366 2.3800001144
 2378.2000000 260.64999390 2.4000000954
 2378.4000000 263.32000732 2.4000000954
 2378.6000000 263.98999023 2.4000000954
 2378.8000000 269.67999268 2.4000000954
 2379.0000000 273.42001343 2.3800001144
 2379.2000000 272.60000610 2.3599998951
 2379.4000000 272.92999268 2.3099999428
 2379.6000000 269.48999023 2.2599999905
 2379.8000000 265.51000977 2.2100000381
 2380.0000000 291.64999390 2.1199998856
 2380.2000000 341.95999146 1.9700000286
 2380.4000000 372.23001099 1.8300000429
 2380.6000000 351.98001099 1.8899999857
 2380.8000000 326.86999512 2.1900000572
 2381.0000000 307.97000122 2.2500000000
 2381.2000000 277.16000366 2.2400000095
 2381.4000000 259.04998779 2.3399999142
 2381.6000000 249.13000488 2.3800001144
 2381.8000000 242.89999390 2.4000000954
 2382.0000000 249.22000122 2.4300000668
 2382.2000000 261.45999146 2.4100000858
 2382.4000000 264.42001343 2.4100000858
 2382.6000000 261.25000000 2.4100000858
 2382.8000000 259.42001343 2.4300000668
 2383.0000000 263.75000000 2.4300000668
 2383.2000000 261.95001221 2.4100000858
 2383.4000000 260.76998901 2.4300000668
 2383.6000000 261.89999390 2.4100000858
 2383.8000000 263.04000854 2.4100000858
 2384.0000000 269.26998901 2.4100000858
 2384.2000000 275.19000244 2.4000000954
 2384.4000000 275.23001099 2.4500000477
 2384.6000000 272.42999268 2.4700000286
 2384.8000000 268.91000366 2.4400000572
 2385.0000000 267.73001099 2.4400000572
 2385.2000000 267.66000366 2.4200000763
 2385.4000000 269.94000244 2.4200000763
 2385.6000000 268.30999756 2.4400000572
 2385.8000000 265.54000854 2.4700000286
 2386.0000000 265.01998901 2.5099999905
 2386.2000000 266.48001099 2.5099999905
 2386.4000000 269.82000732 2.5299999714
 2386.6000000 272.57000732 2.5099999905
 2386.8000000 273.95999146 2.5099999905
 2387.0000000 270.58999634 2.5099999905
 2387.2000000 270.51998901 2.5000000000
 2387.4000000 272.11999512 2.5000000000
 2387.6000000 273.92999268 2.4700000286
 2387.8000000 274.60998535 2.4300000668
 2388.0000000 266.94000244 2.4100000858
 2388.2000000 256.30999756 2.4200000763
 2388.4000000 245.72000122 2.4200000763
 2388.6000000 243.64999390 2.4500000477
 2388.8000000 247.86999512 2.4200000763
 2389.0000000 248.30000305 2.4200000763
 2389.2000000 246.64999390 2.4100000858
 2389.4000000 246.47000122 2.4200000763
 2389.6000000 248.75999451 2.4200000763
 2389.8000000 250.75000000 2.4200000763
 2390.0000000 254.50000000 2.4100000858
 2390.2000000 259.23001099 2.4100000858
 2390.4000000 260.55999756 2.3900001049
 2390.6000000 256.92001343 2.3900001049
 2390.8000000 257.17999268 2.3900001049
 2391.0000000 265.42999268 2.3299999237
 2391.2000000 273.91000366 2.2799999714
 2391.4000000 279.45999146 2.2200000286
 2391.6000000 279.11999512 2.1199998856
 2391.8000000 273.97000122 2.0499999523
 2392.0000000 280.23999023 1.9199999571
 2392.2000000 323.45999146 1.7500000000
 2392.4000000 375.47000122 1.5599999428
 2392.6000000 416.54998779 1.3700000048
 2392.8000000 431.73999023 1.3200000525
 2393.0000000 433.91000366 1.3300000429
 2393.2000000 431.85000610 1.3300000429
 2393.4000000 423.27999878 1.3799999952
 2393.6000000 388.00000000 1.5599999428
 2393.8000000 338.11999512 2.0000000000
 2394.0000000 321.07998657 2.2200000286
 2394.2000000 315.66000366 2.2400000095
 2394.4000000 281.66000366 2.3299999237
 2394.6000000 260.66000366 2.3699998856
 2394.8000000 262.85000610 2.3699998856
 2395.0000000 266.73999023 2.3699998856
 2395.2000000 277.98999023 2.3699998856
 2395.4000000 285.11999512 2.3499999046
 2395.6000000 288.63000488 2.3800001144
 2395.8000000 282.04000854 2.3699998856
 2396.0000000 281.48999023 2.3299999237
 2396.2000000 297.91000366 2.2400000095
 2396.4000000 301.32000732 2.1700000763
 2396.6000000 282.54000854 2.2200000286
 2396.8000000 261.45001221 2.3699998856
 2397.0000000 260.92001343 2.3900001049
 2397.2000000 266.72000122 2.3800001144
 2397.4000000 270.69000244 2.4100000858
 2397.6000000 268.64001465 2.4200000763
 2397.8000000 259.23999023 2.4300000668
 2398.0000000 257.35000610 2.4500000477
 2398.2000000 256.94000244 2.4400000572
 2398.4000000 258.44000244 2.4500000477
 2398.6000000 257.57998657 2.4600000381
 2398.8000000 256.26000977 2.4500000477
 2399.0000000 257.35000610 2.4700000286
 2399.2000000 258.17999268 2.4700000286
 2399.4000000 258.38000488 2.4800000191
 2399.6000000 258.88000488 2.4800000191
 2399.8000000 259.67001343 2.4500000477
 2400.0000000 260.54998779 2.4700000286
 2400.2000000 259.76000977 2.4600000381
 2400.4000000 258.89001465 2.4800000191
 2400.6000000 260.00000000 2.4700000286
 2400.8000000 259.95001221 2.4900000095
 2401.0000000 259.22000122 2.5000000000
 2401.2000000 260.35000610 2.4700000286
 2401.4000000 259.75000000 2.4500000477
 2401.6000000 256.52999878 2.4000000954
 2401.8000000 253.64999390 2.3800001144
 2402.0000000 255.02999878 2.3599998951
 2402.2000000 259.13000488 2.3699998856
 2402.4000000 257.20999146 2.3299999237
 2402.6000000 262.23001099 2.2500000000
 2402.8000000 272.85000610 2.1600000858
 2403.0000000 304.89999390 1.9800000191
 2403.2000000 329.25000000 1.7599999905
 2403.4000000 355.88000488 1.5900000334
 2403.6000000 396.17999268 1.4099999666
 2403.8000000 444.17999268 1.2799999714
 2404.0000000 491.70999146 1.2100000381
 2404.2000000 537.33001709 1.2100000381
 2404.4000000 523.89001465 1.2200000286
 2404.6000000 474.01000977 1.2300000191
 2404.8000000 407.88000488 1.2400000095
 2405.0000000 366.27999878 1.2999999523
 2405.2000000 366.14001465 1.3999999762
 2405.4000000 387.72000122 1.5099999905
 2405.6000000 415.85000610 1.5900000334
 2405.8000000 403.39001465 1.4700000286
 2406.0000000 371.33999634 1.4199999571
 2406.2000000 335.92999268 1.5499999523
 2406.4000000 297.92001343 1.8700000048
 2406.6000000 265.75000000 2.2799999714
 2406.8000000 247.50000000 2.4200000763
 2407.0000000 236.10000610 2.4800000191
 2407.2000000 231.27000427 2.5000000000
 2407.4000000 234.97000122 2.4700000286
 2407.6000000 247.92999268 2.4400000572
 2407.8000000 260.83999634 2.4500000477
 2408.0000000 258.29000854 2.4600000381
 2408.2000000 254.55999756 2.4800000191
 2408.4000000 259.69000244 2.4700000286
 2408.6000000 255.94999695 2.4800000191
 2408.8000000 247.86999512 2.4800000191
 2409.0000000 241.63000488 2.4800000191
 2409.2000000 240.33000183 2.4900000095
 2409.4000000 239.63999939 2.4600000381
 2409.6000000 242.27000427 2.4600000381
 2409.8000000 247.13999939 2.4400000572
 2410.0000000 246.78999329 2.4500000477
 2410.2000000 241.53999329 2.4600000381
 2410.4000000 240.50000000 2.4400000572
 2410.6000000 247.91000366 2.4200000763
 2410.8000000 256.60998535 2.4000000954
 2411.0000000 256.88000488 2.3800001144
 2411.2000000 255.41000366 2.3800001144
 2411.4000000 253.50999451 2.3900001049
 2411.6000000 252.92999268 2.3599998951
 2411.8000000 253.47000122 2.3699998856
 2412.0000000 254.77000427 2.3399999142
 2412.2000000 262.54998779 2.2999999523
 2412.4000000 265.10998535 2.2599999905
 2412.6000000 260.70001221 2.2999999523
 2412.8000000 262.98001099 2.3099999428
 2413.0000000 270.79998779 2.2799999714
 2413.2000000 275.20999146 2.2799999714
 2413.4000000 265.36999512 2.3199999332
 2413.6000000 258.45001221 2.3499999046
 2413.8000000 264.82998657 2.3399999142
 2414.0000000 264.19000244 2.2799999714
 2414.2000000 258.97000122 2.2599999905
 2414.4000000 258.47000122 2.2400000095
 2414.6000000 275.60998535 2.2000000477
 2414.8000000 301.95999146 2.1400001049
 2415.0000000 307.29000854 2.0899999142
 2415.2000000 290.83999634 2.0699999332
 2415.4000000 272.67999268 2.1800000668
 2415.6000000 265.26000977 2.2599999905
 2415.8000000 268.91000366 2.2699999809
 2416.0000000 283.77999878 2.2000000477
 2416.2000000 316.61999512 2.0299999714
 2416.4000000 364.39001465 1.8200000525
 2416.6000000 403.28079224 1.6499999762
 2416.8000000 414.54269409 1.5299999714
 2417.0000000 396.59881592 1.4700000286
 2417.2000000 332.17999268 1.5199999809
 2417.4000000 269.57998657 1.7599999905
 2417.6000000 242.32000732 2.1700000763
 2417.8000000 249.82000732 2.4400000572
 2418.0000000 265.69000244 2.4700000286
 2418.2000000 263.64001465 2.4800000191
 2418.4000000 246.63000488 2.5000000000
 2418.6000000 233.14999390 2.5799999237
 2418.8000000 236.30000305 2.6099998951
 2419.0000000 239.47999573 2.5999999046
 2419.2000000 235.58999634 2.6099998951
 2419.4000000 236.88000488 2.6300001144
 2419.6000000 238.50999451 2.6500000954
 2419.8000000 237.02999878 2.6199998856
 2420.0000000 239.75999451 2.6099998951
 2420.2000000 246.64999390 2.6199998856
 2420.4000000 247.13000488 2.5899999142
 2420.6000000 245.74000549 2.5899999142
 2420.8000000 248.86999512 2.5599999428
 2421.0000000 244.91999817 2.4900000095
 2421.2000000 243.88000488 2.4300000668
 2421.4000000 232.13999939 2.3399999142
 2421.6000000 226.82000732 2.2599999905
 2421.8000000 279.08999634 2.1700000763
 2422.0000000 320.83999634 2.0299999714
 2422.2000000 259.17999268 1.9500000477
 2422.4000000 198.39999390 2.1500000954
 2422.6000000 209.89999390 2.5599999428
 2422.8000000 237.36000061 2.5899999142
 2423.0000000 229.08999634 2.4300000668
 2423.2000000 250.02999878 2.3199999332
 2423.4000000 294.77999878 2.2200000286
 2423.6000000 298.98999023 2.1800000668
 2423.8000000 274.67999268 2.0999999046
 2424.0000000 238.10000610 2.0799999237
 2424.2000000 219.55000305 2.1500000954
 2424.4000000 222.08999634 2.2400000095
 2424.6000000 232.41000366 2.4300000668
 2424.8000000 241.39999390 2.7699999809
 2425.0000000 241.66999817 2.7999999523
 2425.2000000 248.38999939 2.6099998951
 2425.4000000 257.51998901 2.5899999142
 2425.6000000 257.01998901 2.6199998856
 2425.8000000 256.47000122 2.5499999523
 2426.0000000 260.32000732 2.5299999714
 2426.2000000 267.82998657 2.5099999905
 2426.4000000 270.70001221 2.5299999714
 2426.6000000 259.94000244 2.5099999905
 2426.8000000 255.58000183 2.4500000477
 2427.0000000 244.19999695 2.3900001049
 2427.2000000 245.39999390 2.3499999046
 2427.4000000 285.13000488 2.2599999905
 2427.6000000 315.73001099 2.1300001144
 2427.8000000 301.91000366 2.0299999714
 2428.0000000 257.86999512 2.0499999523
 2428.2000000 228.94000244 2.2400000095
 2428.4000000 200.88999939 2.5000000000
 2428.6000000 190.74000549 2.6700000763
 2428.8000000 219.13999939 2.6800000668
 2429.0000000 256.94000244 2.6500000954
 2429.2000000 281.95001221 2.5299999714
 2429.4000000 284.88000488 2.4400000572
 2429.6000000 270.57000732 2.4700000286
 2429.8000000 265.26998901 2.4800000191
 2430.0000000 260.76000977 2.4900000095
 2430.2000000 265.76998901 2.4700000286
 2430.4000000 261.35998535 2.4800000191
 2430.6000000 257.07000732 2.4900000095
 2430.8000000 262.07998657 2.5499999523
 2431.0000000 260.73001099 2.6099998951
 2431.2000000 236.52999878 2.5799999237
 2431.4000000 204.30999756 2.5599999428
 2431.6000000 192.42999268 2.5699999332
 2431.8000000 189.52999878 2.5099999905
 2432.0000000 192.02999878 2.4800000191
 2432.2000000 207.25000000 2.4800000191
 2432.4000000 216.55999756 2.4700000286
 2432.6000000 238.50000000 2.4800000191
 2432.8000000 251.50999451 2.4800000191
 2433.0000000 260.26000977 2.4800000191
 2433.2000000 261.54998779 2.4800000191
 2433.4000000 263.98999023 2.4800000191
 2433.6000000 266.47000122 2.5199999809
 2433.8000000 256.95999146 2.4900000095
 2434.0000000 257.14001465 2.5199999809
 2434.2000000 266.51998901 2.5799999237
 2434.4000000 262.16000366 2.5699999332
 2434.6000000 263.95001221 2.5699999332
 2434.8000000 269.01998901 2.5199999809
 2435.0000000 271.29000854 2.5199999809
 2435.2000000 270.45001221 2.5000000000
 2435.4000000 270.00000000 2.4900000095
 2435.6000000 268.69000244 2.4500000477
 2435.8000000 269.55999756 2.4300000668
 2436.0000000 273.20001221 2.4100000858
 2436.2000000 271.82998657 2.4100000858
 2436.4000000 265.95001221 2.4200000763
 2436.6000000 267.42999268 2.4400000572
 2436.8000000 269.29000854 2.5000000000
 2437.0000000 267.01998901 2.5099999905
 2437.2000000 266.50000000 2.5399999619
 2437.4000000 269.44000244 2.5299999714
 2437.6000000 269.89001465 2.4900000095
 2437.8000000 266.11999512 2.4600000381
 2438.0000000 266.11999512 2.4800000191
 2438.2000000 266.45001221 2.5000000000
 2438.4000000 260.80999756 2.5099999905
 2438.6000000 248.25000000 2.5299999714
 2438.8000000 239.02000427 2.5499999523
 2439.0000000 243.16000366 2.5399999619
 2439.2000000 258.20001221 2.5099999905
 2439.4000000 264.13000488 2.5399999619
 2439.6000000 266.83999634 2.5399999619
 2439.8000000 266.57998657 2.5399999619
 2440.0000000 264.44000244 2.5099999905
 2440.2000000 259.82998657 2.5000000000
 2440.4000000 255.61000061 2.4700000286
 2440.6000000 253.60000610 2.4800000191
 2440.8000000 252.67999268 2.4400000572
 2441.0000000 252.52999878 2.4700000286
 2441.2000000 254.05000305 2.4800000191
 2441.4000000 246.67999268 2.4800000191
 2441.6000000 237.50000000 2.5000000000
 2441.8000000 219.72000122 2.5499999523
 2442.0000000 218.61000061 2.5399999619
 2442.2000000 215.80000305 2.5199999809
 2442.4000000 197.07000732 2.5599999428
 2442.6000000 186.13999939 2.5499999523
 2442.8000000 182.85000610 2.5199999809
 2443.0000000 187.97000122 2.5299999714
 2443.2000000 199.39999390 2.5999999046
 2443.4000000 200.07000732 2.6199998856
 2443.6000000 211.47000122 2.6500000954
 2443.8000000 215.11000061 2.6600000858
 2444.0000000 215.97999573 2.6900000572
 2444.2000000 211.08999634 2.6500000954
 2444.4000000 205.49000549 2.6199998856
 2444.6000000 207.85000610 2.5899999142
 2444.8000000 214.27999878 2.6199998856
 2445.0000000 217.17999268 2.6400001049
 2445.2000000 213.30999756 2.6199998856
 2445.4000000 209.17999268 2.6500000954
 2445.6000000 205.39999390 2.6400001049
 2445.8000000 203.00999451 2.6400001049
 2446.0000000 200.96000671 2.5899999142
 2446.2000000 202.55999756 2.5599999428
 2446.4000000 210.63000488 2.5099999905
 2446.6000000 219.02999878 2.5399999619
 2446.8000000 220.03999329 2.5599999428
 2447.0000000 213.57000732 2.5599999428
 2447.2000000 211.19999695 2.5599999428
 2447.4000000 214.58000183 2.5599999428
 2447.6000000 219.83000183 2.5399999619
 2447.8000000 221.77000427 2.5199999809
 2448.0000000 221.94999695 2.5399999619
 2448.2000000 219.38999939 2.5499999523
 2448.4000000 217.44000244 2.5599999428
 2448.6000000 215.44999695 2.5799999237
 2448.8000000 212.11000061 2.5999999046
 2449.0000000 213.33000183  -999.250000
 2449.2000000 214.27000427  -999.250000
 2449.4000000 213.16000366  -999.250000
 2449.6000000 213.25000000  -999.250000
 2449.8000000 211.05999756  -999.250000
 2450.0000000 210.52999878  -999.250000
 2450.2000000 204.17999268  -999.250000
 2450.4000000 199.02999878  -999.250000
 2450.6000000  -999.250000  -999.250000
 2450.8000000  -999.250000  -999.250000
 2451.0000000  -999.250000  -999.250000
 2451.2000000  -999.250000  -999.250000
 2451.4000000  -999.250000  -999.250000
 2451.6000000  -999.250000  -999.250000
 2451.8000000  -999.250000  -999.250000
 2452.0000000  -999.250000  -999.250000
 2452.2000000  -999.250000  -999.250000
 2452.4000000  -999.250000  -999.250000
 2452.6000000  -999.250000  -999.250000
 2452.8000000  -999.250000  -999.250000
 2453.0000000  -999.250000  -999.250000
 2453.2000000  -999.250000  -999.250000
 2453.4000000  -999.250000  -999.250000
 2453.6000000  -999.250000  -999.250000
 2453.8000000  -999.250000  -999.250000
 2454.0000000  -999.250000  -999.250000
 2454.2000000  -999.250000  -999.250000
 2454.4000000  -999.250000  -999.250000
 2454.6000000  -999.250000  -999.250000
 2454.8000000  -999.250000  -999.250000
 2455.0000000  -999.250000  -999.250000
 2455.2000000  -999.250000  -999.250000
 2455.4000000  -999.250000  -999.250000
